Pickup Neighborhood,Dropoff Neighborhood,totalTransitTime_wavg,rideshareTime_wavg,tripCost_wavg,transitPenalty_wavg,distance_wavg,Count,transitPenaltyColor
,Auburn Gresham,51.0,20.9,23.73,2.4401913875598087,6.4,1.0,orange
,Loop,73.96666666666667,29.0625,36.925000000000004,2.768360899265529,14.175,4.0,red
,O'Hare,52.19320175438597,12.828289473684212,25.4775,4.223457924974234,4.8881578947368425,76.0,red
,Wicker Park,63.0,38.333333333333336,28.73,1.643478260869565,10.7,1.0,green
Albany Park,Albany Park,19.840625,9.139930555555555,11.390416666666667,2.290767978007575,1.7729166666666663,48.0,yellow
Albany Park,Andersonville,39.422222222222224,21.844444444444445,18.606666666666666,1.8176858259929667,3.5333333333333337,3.0,green
Albany Park,Avondale,30.293408662900195,12.58201506591337,12.999887005649718,2.520955762112,2.3836158192090395,177.0,orange
Albany Park,Belmont Cragin,48.522474747474746,27.707070707070706,21.71333333333333,1.7992271765434715,5.815151515151517,66.0,green
Albany Park,Bucktown,43.604081632653056,26.012244897959178,16.038163265306125,1.769605122398994,4.561224489795919,49.0,green
Albany Park,Douglas,99.31666666666666,33.81666666666667,26.05,2.9369147363233115,12.0,1.0,red
Albany Park,Dunning,52.68333333333332,17.523333333333333,14.741999999999999,3.010874278998187,4.62,15.0,red
Albany Park,East Village,57.175000000000004,33.541666666666664,23.953333333333333,1.7763111639049995,6.283333333333332,6.0,green
Albany Park,Edgewater,44.868560606060605,19.142045454545453,19.459318181818183,2.4042425090347064,4.3977272727272725,44.0,orange
Albany Park,Garfield Ridge,95.52352941176468,48.42352941176471,60.88058823529412,2.0287806548954124,18.24705882352941,17.0,yellow
Albany Park,Grant Park,50.416666666666664,40.58809523809524,40.16857142857143,1.3385392145144408,9.557142857142859,14.0,green
Albany Park,Humboldt Park,47.138333333333335,29.355,21.005,1.7234063549712644,5.369999999999999,10.0,green
Albany Park,Hyde Park,78.8,37.03333333333333,36.23,2.1965248644370963,15.2,2.0,yellow
Albany Park,Irving Park,22.224603174603175,10.119444444444444,11.500714285714286,2.140121521894158,1.9690476190476192,42.0,yellow
Albany Park,Jefferson Park,23.447407407407404,8.677777777777777,11.336666666666668,2.831083122936429,1.984444444444444,45.0,red
Albany Park,Lake View,34.638194444444444,20.494444444444444,16.20208333333333,1.7362018841649007,4.520833333333333,24.0,green
Albany Park,Lincoln Park,38.791666666666664,23.94166666666667,20.435000000000002,1.6545799206457463,4.65,2.0,green
Albany Park,Lincoln Square,22.26895833333333,9.992083333333333,10.969375,2.4755177410282485,1.9737500000000001,80.0,orange
Albany Park,"Little Italy, UIC",65.91260162601625,30.345934959349595,26.678292682926827,2.2287904673888814,9.207317073170731,41.0,yellow
Albany Park,Little Village,86.61666666666666,38.983333333333334,30.23,2.2218896964514747,13.5,1.0,yellow
Albany Park,Logan Square,32.357692307692304,14.746153846153845,14.644615384615385,2.2472988932614757,3.4384615384615382,13.0,yellow
Albany Park,Loop,43.84161073825503,37.503635346756155,31.53738255033556,1.2391289303496076,8.91711409395973,298.0,green
Albany Park,Lower West Side,70.90833333333333,37.54166666666667,23.630000000000003,1.8919860025679451,9.9,2.0,green
Albany Park,Museum Campus,72.90119047619048,39.02380952380952,39.42392857142857,1.9065958557348546,11.47857142857143,28.0,green
Albany Park,North Center,21.04,10.320000000000002,14.146,2.2416959741565305,1.98,10.0,yellow
Albany Park,North Lawndale,63.68333333333333,35.516666666666666,33.98,1.7930549038010324,7.0,1.0,green
Albany Park,North Park,16.61822916666667,8.245833333333334,9.576562500000001,2.1088070783877915,1.775,64.0,yellow
Albany Park,Norwood Park,33.795833333333334,8.850000000000001,9.81,4.041680224997011,2.925,4.0,red
Albany Park,O'Hare,62.58126421100501,32.13221919054116,47.69950886766713,2.0133532144646056,11.516098226466575,733.0,green
Albany Park,Old Town,59.38333333333334,31.04629629629629,22.754444444444445,2.01081803510361,7.022222222222222,9.0,green
Albany Park,Portage Park,24.5025641025641,9.343589743589742,10.656153846153849,2.588323451652516,1.8576923076923078,26.0,orange
Albany Park,River North,49.798268398268405,29.489393939393942,26.484935064935065,1.7950673959893968,7.709090909090909,77.0,green
Albany Park,Rogers Park,49.17777777777778,23.348148148148148,19.391111111111112,2.1362527361437937,5.199999999999999,9.0,yellow
Albany Park,"Sauganash,Forest Glen",22.87777777777778,10.366666666666667,9.94,2.093998178178043,2.466666666666667,6.0,yellow
Albany Park,Sheffield & DePaul,31.5,18.40833333333333,19.32,1.7115635002886078,4.1,2.0,green
Albany Park,Streeterville,53.614120370370365,28.287037037037038,27.269537037037033,1.9680670692554885,8.498148148148148,216.0,green
Albany Park,Uptown,31.32439024390244,17.479674796747968,13.826341463414634,1.8890150199903197,3.7756097560975608,41.0,green
Albany Park,West Loop,59.51324599708882,32.12474526928676,25.58960698689957,1.939217794425684,8.049781659388648,229.0,green
Albany Park,West Ridge,44.025203252032526,18.928048780487803,14.719268292682926,2.4205207257111523,4.47560975609756,41.0,orange
Albany Park,West Town,49.05666666666666,22.990666666666666,23.9876,2.311397582229416,5.748000000000001,25.0,yellow
Albany Park,Wicker Park,50.21666666666667,15.2,12.29,3.303728070175439,4.4,1.0,red
Albany Park,Wrigleyville,47.171568627450974,21.71274509803922,18.96352941176471,2.240946208511958,4.405882352941176,17.0,yellow
Andersonville,Albany Park,39.48333333333334,17.326190476190476,18.325714285714287,2.3806090432312135,3.1857142857142855,7.0,orange
Andersonville,Andersonville,8.410317460317462,4.751587301587302,9.24047619047619,2.2421224720192816,0.6833333333333333,42.0,yellow
Andersonville,Avondale,46.71111111111111,31.376388888888886,22.2025,1.7058294225724782,5.616666666666667,12.0,green
Andersonville,Belmont Cragin,71.23333333333333,32.483333333333334,25.21,2.1929194458696766,8.5,1.0,yellow
Andersonville,Boystown,25.227999999999998,12.402333333333331,14.353800000000001,2.050994192596997,3.9900000000000007,50.0,yellow
Andersonville,Bucktown,37.36666666666667,19.693859649122807,18.16368421052632,1.912808561628408,4.526315789473684,19.0,green
Andersonville,Edgewater,17.2773606370876,6.769112627986348,11.147508532423208,2.601442433095158,1.2945392491467576,293.0,orange
Andersonville,Gage Park,81.35,35.516666666666666,46.23,2.290473955889254,19.2,1.0,yellow
Andersonville,Gold Coast,31.850000000000005,22.061111111111114,29.576666666666664,1.581117377708287,6.766666666666667,3.0,green
Andersonville,Grant Park,47.48333333333334,31.42361111111111,27.015416666666667,1.6231007851159063,8.833333333333334,24.0,green
Andersonville,Hyde Park,72.3,24.45,26.42,2.957055214723926,14.9,1.0,red
Andersonville,Irving Park,52.75,19.15833333333333,16.880833333333335,2.7912678010887553,4.316666666666666,12.0,red
Andersonville,Jefferson Park,43.583333333333336,23.637037037037036,22.764444444444443,1.8811828395206156,5.577777777777778,9.0,green
Andersonville,Lake View,29.50697399527187,13.265986997635935,15.048085106382981,2.3235494690530447,3.186879432624114,564.0,yellow
Andersonville,Lincoln Park,38.094791666666666,15.186458333333333,19.021250000000002,2.5729264562228478,5.78125,16.0,orange
Andersonville,Lincoln Square,18.991181657848326,8.58853615520282,12.353227513227514,2.6274821022647674,1.5359788359788358,189.0,orange
Andersonville,Logan Square,54.586111111111116,25.366666666666664,20.980833333333333,2.2059299706902933,5.747916666666668,48.0,yellow
Andersonville,Loop,48.58494077834179,22.733925549915398,26.312284263959388,2.196123791994882,8.75989847715736,197.0,yellow
Andersonville,Museum Campus,69.35,28.757142857142856,31.918571428571425,2.6658404511032434,10.014285714285716,14.0,orange
Andersonville,Near South Side,67.06666666666668,28.179365079365077,27.873809523809523,2.4597378538323227,12.304761904761904,21.0,orange
Andersonville,North Center,21.33103448275862,11.382183908045977,15.93793103448276,1.9043688057216992,2.4344827586206894,29.0,green
Andersonville,North Park,31.233333333333334,13.95,17.27,2.2389486260454006,3.2,1.0,yellow
Andersonville,Norwood Park,55.21666666666667,28.25,27.986666666666668,1.9633982932665912,6.5,3.0,green
Andersonville,O'Hare,80.5421848013817,41.88879533678756,55.93453367875647,1.953336679856522,13.826683937823832,772.0,green
Andersonville,Old Town,44.95,17.71666666666667,23.48,2.58926725407144,6.75,2.0,orange
Andersonville,River North,49.33408239700374,25.11348314606741,26.746179775280897,2.0781534021900825,7.889887640449437,89.0,yellow
Andersonville,Rogers Park,23.576287878787888,9.365530303030303,13.001363636363637,2.5599233403288264,2.191818181818182,220.0,orange
Andersonville,Sheffield & DePaul,32.6,21.416666666666668,25.8925,1.5263284460897193,5.824999999999999,4.0,green
Andersonville,South Shore,91.28333333333333,45.983333333333334,35.076153846153844,1.985263471677765,17.284615384615382,13.0,green
Andersonville,Streeterville,47.880054644808745,18.243715846994537,23.55967213114754,2.695191340479109,7.391803278688524,61.0,orange
Andersonville,Ukrainian Village,71.11666666666666,22.233333333333334,27.706666666666667,3.2164982799668764,6.066666666666666,3.0,red
Andersonville,Uptown,19.884643040575245,7.223754494093477,10.831771956856702,2.8370788025683713,1.4291217257318953,649.0,red
Andersonville,West Loop,59.47280701754385,32.20526315789474,27.667368421052636,1.912000943111255,8.773684210526316,19.0,green
Andersonville,West Ridge,30.681182795698927,9.58333333333333,13.79161290322581,3.303435784823373,2.0935483870967744,31.0,red
Andersonville,West Town,47.75729166666667,22.04010416666667,22.09,2.1810208371648483,5.859375,32.0,yellow
Andersonville,Wicker Park,49.5037037037037,24.551851851851854,19.886666666666667,2.0741352393212162,6.2444444444444445,9.0,yellow
Andersonville,Wrigleyville,19.571428571428573,12.364285714285712,14.877714285714287,1.6111046232021273,2.602857142857143,35.0,green
Archer Heights,Archer Heights,8.9,5.083333333333333,11.15,1.7508196721311478,1.1,1.0,green
Archer Heights,Ashburn,50.2,17.766666666666666,16.465,2.8299089011732854,5.1,2.0,red
Archer Heights,Auburn Gresham,74.83333333333333,32.1,23.54,2.3312564901349946,8.4,1.0,yellow
Archer Heights,Brighton Park,15.76666666666667,8.41025641025641,13.047692307692309,2.0230918965584808,1.7000000000000002,13.0,yellow
Archer Heights,Englewood,51.083333333333336,21.691666666666666,18.630000000000003,2.3570375556894865,5.85,2.0,orange
Archer Heights,Garfield Ridge,21.935714285714287,7.773809523809524,11.274285714285714,3.025589225835312,1.5714285714285714,7.0,red
Archer Heights,Grand Crossing,77.21666666666667,27.533333333333335,23.73,2.8044794188861983,8.6,1.0,red
Archer Heights,Humboldt Park,64.74047619047619,33.73571428571429,23.702857142857145,1.9303331917322784,7.699999999999998,7.0,green
Archer Heights,Kenwood,63.333333333333336,15.983333333333333,17.42,3.9624608967674666,10.6,1.0,red
Archer Heights,Lake View,73.94166666666666,39.1,26.265,2.0359968073438894,14.899999999999999,2.0,yellow
Archer Heights,"Little Italy, UIC",54.85,27.99,24.514000000000003,1.959799492051659,7.659999999999999,5.0,green
Archer Heights,Little Village,19.416666666666668,15.120833333333334,12.280000000000001,1.3695130724597298,3.5,4.0,green
Archer Heights,Loop,56.75,21.097333333333335,23.3976,2.702807093389826,10.84,50.0,orange
Archer Heights,Lower West Side,48.15,18.35,21.23,2.623978201634877,7.6,1.0,orange
Archer Heights,Near South Side,52.38333333333333,18.0,21.23,2.9242876526458614,7.699999999999999,2.0,red
Archer Heights,O'Hare,121.55833333333334,64.58888888888889,82.40833333333335,1.912876032442825,26.149999999999995,6.0,green
Archer Heights,River North,70.675,29.2,26.665,2.4214741144947096,9.95,2.0,orange
Archer Heights,Roseland,90.76666666666667,28.75,34.55,3.157118425169436,18.799999999999997,2.0,red
Archer Heights,West Lawn,39.56666666666666,16.106666666666666,13.315999999999999,2.6422646317894203,3.38,5.0,orange
Archer Heights,West Loop,54.61666666666667,34.5,33.23,1.8817362007865277,8.766666666666667,3.0,green
Armour Square,Andersonville,64.66666666666667,23.266666666666666,25.23,2.7793696275071635,12.1,1.0,red
Armour Square,Boystown,44.95000000000001,26.596153846153847,30.016923076923074,1.7239694213774956,10.123076923076923,13.0,green
Armour Square,Douglas,23.016666666666666,8.333333333333334,13.8,2.7619999999999996,3.5,1.0,orange
Armour Square,Fuller Park,18.766666666666666,19.233333333333334,17.634999999999998,0.9757365684575389,6.1499999999999995,2.0,green
Armour Square,Garfield Park,48.7,15.7,17.945,3.1110297333862293,7.300000000000001,2.0,red
Armour Square,Gold Coast,28.65,34.2,41.19,0.837719298245614,6.25,2.0,green
Armour Square,Grant Park,23.25,15.447883597883596,30.536825396825396,1.5400885293774915,5.0587301587301585,63.0,green
Armour Square,Hyde Park,41.21666666666667,13.902777777777779,12.733333333333334,2.9775368361146715,4.916666666666667,6.0,red
Armour Square,Lake View,37.61666666666667,28.295833333333334,34.0775,1.3304167462174643,10.350000000000001,4.0,green
Armour Square,"Little Italy, UIC",47.1,11.433333333333334,24.21,4.1195335276967935,3.5,1.0,red
Armour Square,Logan Square,56.80833333333334,20.058333333333334,21.7,2.815716301200469,9.95,2.0,red
Armour Square,Loop,23.366666666666667,15.441051912568307,28.430081967213113,1.5689649506174312,5.057786885245902,244.0,green
Armour Square,Lower West Side,40.01111111111111,15.588888888888889,22.866666666666664,4.249950668855852,3.566666666666667,3.0,red
Armour Square,Near South Side,22.994444444444444,12.216666666666667,21.396666666666665,2.083526264341205,2.1,3.0,yellow
Armour Square,New City,23.05,11.140196078431373,14.081764705882351,2.1634885821416163,2.3529411764705883,17.0,yellow
Armour Square,River North,26.032926829268295,19.23099593495935,32.102865853658535,1.4156068927122196,6.251219512195123,164.0,green
Armour Square,Roseland,48.43333333333333,14.633333333333333,16.23,3.309794988610478,9.4,1.0,red
Armour Square,Streeterville,33.15,25.5212962962963,30.01555555555556,1.3356644910002724,6.4222222222222225,18.0,green
Armour Square,United Center,46.71666666666667,17.783333333333335,29.19,2.626991565135895,6.1,1.0,orange
Armour Square,Washington Park,29.683333333333334,9.8,15.86,3.02891156462585,3.3,1.0,red
Armour Square,West Loop,44.20000000000001,16.566666666666666,18.563333333333333,2.7321260279035395,4.133333333333333,3.0,orange
Armour Square,West Town,51.86666666666667,18.133333333333333,13.73,2.860294117647059,5.4,1.0,red
Armour Square,Wicker Park,51.483333333333334,25.35666666666667,34.56,2.0800284406554574,7.590000000000001,10.0,yellow
Ashburn,Ashburn,17.95469483568075,5.822535211267606,9.772535211267606,3.4516342328990404,1.0676056338028168,71.0,red
Ashburn,Auburn Gresham,29.64627659574468,10.14468085106383,13.170638297872342,3.0574950647483927,2.5414893617021277,94.0,red
Ashburn,Avalon Park,57.81666666666667,18.76111111111111,15.176666666666668,3.09326404167615,5.566666666666667,3.0,red
Ashburn,Beverly,27.400000000000002,11.393749999999999,13.448750000000002,2.4522022101259586,2.75,8.0,orange
Ashburn,Brighton Park,60.25,21.566666666666666,26.06,2.7936630602782073,6.4,1.0,red
Ashburn,Calumet Heights,72.15,28.108333333333334,28.73,2.5752859818622422,9.55,2.0,orange
Ashburn,Chatham,43.91666666666666,14.837179487179487,13.405,2.978063756992788,3.95,26.0,red
Ashburn,Chicago Lawn,35.82857142857143,11.203571428571427,12.997857142857145,3.5187024377236087,2.857142857142857,14.0,red
Ashburn,Englewood,56.10000000000001,17.677011494252874,17.59,3.2126504700039145,5.041379310344828,29.0,red
Ashburn,Fuller Park,63.81666666666667,28.55,20.486666666666665,2.2352735138323894,9.433333333333332,3.0,yellow
Ashburn,Garfield Park,84.5111111111111,40.411111111111104,28.02,2.149296242250172,10.766666666666666,3.0,yellow
Ashburn,Garfield Ridge,34.39464285714285,12.854761904761904,15.073928571428576,2.758680923452677,3.8,28.0,orange
Ashburn,Grand Boulevard,77.5,29.016666666666666,20.82,2.6708788052843193,10.1,1.0,orange
Ashburn,Grand Crossing,61.44,20.416666666666664,16.740000000000002,3.0349220017452243,5.86,5.0,red
Ashburn,Humboldt Park,99.31666666666666,52.15,27.81,1.9044423138382869,12.7,1.0,green
Ashburn,Hyde Park,74.48333333333333,32.800000000000004,32.565,2.319826715776524,10.649999999999999,2.0,yellow
Ashburn,Kenwood,79.53333333333333,31.991666666666667,28.729999999999997,2.4907249820562454,10.3,2.0,orange
Ashburn,Lake View,98.65,57.93333333333334,42.48,1.7089385174169422,19.0,2.0,green
Ashburn,"Little Italy, UIC",70.6492673992674,38.77399267399268,31.894505494505495,1.8379244737257736,9.695604395604395,91.0,green
Ashburn,Little Village,51.30925925925926,35.36851851851852,23.66777777777778,1.4528471792203956,9.42222222222222,9.0,green
Ashburn,Loop,73.65114942528737,35.53390804597702,27.990344827586206,2.127835798546713,13.799999999999997,29.0,yellow
Ashburn,Lower West Side,71.70083333333335,29.170833333333338,32.252500000000005,2.4721774871652,10.064999999999998,20.0,orange
Ashburn,Morgan Park,57.357142857142854,17.807142857142853,13.14857142857143,3.219253740239407,5.014285714285714,7.0,red
Ashburn,Museum Campus,80.71666666666667,28.866666666666667,27.154999999999998,2.8077229929966014,11.8875,8.0,red
Ashburn,New City,46.266666666666666,16.433333333333334,21.915,2.8528861497539677,5.0,2.0,red
Ashburn,North Lawndale,85.0,38.016666666666666,29.11,2.235861464270057,8.45,2.0,yellow
Ashburn,Portage Park,120.83333333333333,62.233333333333334,47.68,1.9416175682913763,21.5,1.0,green
Ashburn,Pullman,85.08333333333333,24.854761904761904,24.444285714285716,3.455660413095252,7.885714285714284,7.0,red
Ashburn,River North,83.35,42.294444444444444,33.49666666666666,1.9822868828503468,14.633333333333335,3.0,green
Ashburn,Roseland,46.98333333333333,22.083333333333332,13.936666666666667,2.3339976225241927,6.900000000000001,3.0,yellow
Ashburn,South Chicago,59.15,24.688888888888886,18.55333333333333,2.4176539815471325,6.766666666666666,3.0,orange
Ashburn,South Deering,64.66666666666667,35.35,27.063333333333333,1.8433858722482832,10.833333333333334,3.0,green
Ashburn,South Shore,76.88333333333334,33.06666666666667,29.2,2.325100806451613,8.4,1.0,yellow
Ashburn,Streeterville,80.97933333333333,45.775333333333336,37.6136,1.822173809629806,15.74,25.0,green
Ashburn,Uptown,105.5,51.7,33.67,2.0406189555125724,21.3,1.0,yellow
Ashburn,Washington Heights,44.38373493975903,14.905823293172691,18.283012048192774,3.0416663352376814,3.7879518072289153,83.0,red
Ashburn,Washington Park,65.46666666666667,24.766666666666666,17.78,2.6433378196500676,8.3,1.0,orange
Ashburn,West Lawn,45.18550724637681,15.355797101449273,16.167826086956524,3.031067086722331,3.6739130434782608,23.0,red
Ashburn,West Pullman,64.36666666666665,24.232323232323232,26.160606060606064,2.6676151828186287,6.524242424242424,33.0,orange
Auburn Gresham,Ashburn,29.867505995203835,10.726978417266187,14.280863309352517,2.9043270640049315,2.816546762589928,139.0,red
Auburn Gresham,Auburn Gresham,15.899322493224933,6.337669376693767,10.125975609756097,2.7712458391010553,1.3308943089430894,246.0,red
Auburn Gresham,Austin,95.21666666666667,33.916666666666664,35.02,2.8073710073710076,19.1,1.0,red
Auburn Gresham,Avalon Park,49.49871794871796,19.555128205128206,16.287692307692307,2.5451356140827333,4.638461538461538,13.0,orange
Auburn Gresham,Beverly,38.83333333333333,12.5475,16.7005,3.3459991894729866,3.44,20.0,red
Auburn Gresham,Bridgeport,59.63333333333333,14.85,13.26,4.015712682379349,8.4,1.0,red
Auburn Gresham,Burnside,52.03888888888888,20.577777777777776,21.862222222222222,2.575286236781642,4.955555555555556,9.0,orange
Auburn Gresham,Calumet Heights,45.03333333333334,18.83888888888889,20.625833333333336,2.4009473824594374,5.345833333333334,24.0,orange
Auburn Gresham,Chatham,28.10027322404371,8.955100182149362,10.500054644808744,3.365326972976733,2.0065573770491802,183.0,red
Auburn Gresham,Chicago Lawn,40.42222222222222,12.430864197530864,12.876666666666665,3.4040911705320585,3.4555555555555553,27.0,red
Auburn Gresham,Douglas,70.19166666666668,25.839583333333334,24.773750000000003,2.7996162572639975,9.462499999999999,24.0,red
Auburn Gresham,Englewood,36.325053763440856,12.993333333333332,15.432387096774196,2.879793323807022,3.4780645161290322,155.0,red
Auburn Gresham,Garfield Park,83.48333333333333,34.21666666666667,33.94,2.439844130540672,11.7,1.0,orange
Auburn Gresham,Garfield Ridge,57.69479166666667,27.712847222222226,34.72145833333334,2.0976291670371014,7.877083333333334,48.0,yellow
Auburn Gresham,Gold Coast,67.75,26.0,53.73,2.605769230769231,14.7,1.0,orange
Auburn Gresham,Grand Boulevard,62.85000000000001,26.60166666666667,20.760999999999996,2.447161145207249,7.7799999999999985,10.0,orange
Auburn Gresham,Grand Crossing,38.29626666666666,13.120266666666666,14.4924,2.983069933378169,3.3488,125.0,red
Auburn Gresham,Grant Park,60.38333333333333,26.416666666666664,23.945,2.287261140154344,11.25,2.0,yellow
Auburn Gresham,Hyde Park,62.3108187134503,28.99298245614035,25.173684210526318,2.1786797063093264,7.7631578947368425,57.0,yellow
Auburn Gresham,Jackson Park,55.63333333333333,17.485714285714288,19.509285714285717,3.194599152562522,4.7,14.0,red
Auburn Gresham,Kenwood,54.61666666666667,21.95,18.73,2.4882308276385725,7.4,1.0,orange
Auburn Gresham,Lincoln Park,82.5,47.21666666666667,32.61,1.7472643840451818,16.3,1.0,green
Auburn Gresham,"Little Italy, UIC",74.59892473118279,33.651152073732725,25.55032258064516,2.281678361904677,10.611520737327188,217.0,yellow
Auburn Gresham,Loop,52.936773700305814,28.716666666666658,27.848027522935784,1.9441640042430632,11.849999999999998,218.0,green
Auburn Gresham,Mckinley Park,46.311904761904756,21.9,19.979999999999997,2.136332899760506,6.8,14.0,yellow
Auburn Gresham,Montclare,114.73333333333333,50.1,38.73,2.290086493679308,24.7,1.0,yellow
Auburn Gresham,Morgan Park,46.75833333333334,14.623958333333334,19.7909375,3.3686215048165997,4.76875,32.0,red
Auburn Gresham,Museum Campus,64.00885416666667,23.555729166666666,24.864687500000006,2.7725928059089524,9.600000000000001,32.0,red
Auburn Gresham,Near South Side,62.516666666666666,20.679166666666667,21.439999999999998,3.1725727948519564,9.75,4.0,red
Auburn Gresham,New City,45.31000000000002,15.053333333333333,19.077,3.053436115761293,4.71,10.0,red
Auburn Gresham,North Center,92.8,79.21666666666667,69.26,1.1714706501157164,18.1,1.0,green
Auburn Gresham,O'Hare,117.47499999999998,72.08125,80.26750000000001,1.667370923089707,30.362499999999997,8.0,green
Auburn Gresham,Oakland,68.91666666666667,20.8,18.87,3.3133012820512824,8.8,2.0,red
Auburn Gresham,Old Town,77.0,40.7,22.53,1.8918918918918917,20.0,1.0,green
Auburn Gresham,Pullman,59.67666666666667,18.48923076923077,19.510153846153845,3.256386753829659,6.507692307692308,65.0,red
Auburn Gresham,River North,68.81933333333333,38.53333333333334,28.457200000000004,1.829337328002419,13.64,25.0,green
Auburn Gresham,Rogers Park,101.33333333333333,50.233333333333334,49.76,2.017252820172528,24.2,1.0,yellow
Auburn Gresham,Roseland,39.37536231884057,13.16485507246377,13.864347826086956,3.0614252384786513,3.8065217391304347,46.0,red
Auburn Gresham,South Chicago,50.064102564102555,19.605128205128207,17.597692307692306,2.6465867175107616,4.661538461538462,13.0,orange
Auburn Gresham,South Shore,49.56089743589743,18.84070512820513,22.05019230769231,2.711988811726811,4.921153846153846,52.0,orange
Auburn Gresham,Streeterville,66.25072463768116,32.414855072463766,28.137391304347826,2.092534668839909,13.72608695652174,46.0,yellow
Auburn Gresham,United Center,66.20185185185184,30.830092592592596,28.084722222222222,2.1901861885559093,11.875,36.0,yellow
Auburn Gresham,Washington Heights,28.44852941176471,10.07924836601307,13.859509803921567,3.1519083852195786,2.679411764705883,102.0,red
Auburn Gresham,Washington Park,48.111111111111114,16.38148148148148,15.708888888888888,3.0415310033747445,5.522222222222222,9.0,red
Auburn Gresham,West Lawn,44.48333333333333,22.70555555555556,21.646666666666665,1.9753192877985768,5.116666666666666,6.0,green
Auburn Gresham,West Loop,68.28630952380952,30.688690476190477,27.404642857142857,2.367327702319575,11.332142857142857,56.0,orange
Auburn Gresham,West Pullman,38.802564102564105,21.175641025641028,4.632307692307692,1.8600562948921335,6.461538461538462,13.0,green
Auburn Gresham,West Town,70.45,24.966666666666665,31.35,2.8217623497997333,12.8,1.0,red
Auburn Gresham,Wicker Park,81.38333333333334,50.733333333333334,35.68,1.6041392904073588,15.7,1.0,green
Auburn Gresham,Woodlawn,50.77222222222222,19.033333333333335,19.626666666666665,2.7855951071610017,5.111111111111111,9.0,red
Austin,,72.83333333333333,30.766666666666666,28.73,2.3672806067172263,12.6,1.0,orange
Austin,Albany Park,61.14166666666667,39.449999999999996,21.275,1.6036990468555916,7.9,4.0,green
Austin,Austin,19.30173761052848,7.533497840838987,10.558223318938927,2.7906360751345187,1.4532387415175818,1621.0,red
Austin,Avondale,56.21666666666667,24.833333333333336,20.19,2.291589944950051,8.9,2.0,yellow
Austin,Belmont Cragin,30.139814814814823,12.227777777777776,12.825740740740741,2.593587163936647,2.572222222222221,54.0,orange
Austin,Boystown,83.53333333333333,43.7,23.98,1.9124862855518734,11.9,2.0,green
Austin,Chatham,92.87916666666666,32.358333333333334,29.2325,3.16984744597392,16.6,4.0,red
Austin,Chicago Lawn,73.72083333333333,35.329166666666666,26.98,2.1345029375691182,12.225000000000001,4.0,yellow
Austin,Douglas,83.76666666666667,21.316666666666666,15.7875,3.929632525410477,11.075,4.0,red
Austin,Dunning,44.77482993197279,20.99897959183673,17.81,2.1867144016674387,5.2306122448979595,49.0,yellow
Austin,East Village,53.9,24.383333333333333,16.026,2.4523042475806336,7.3,5.0,orange
Austin,Galewood,24.393137254901962,7.490686274509804,10.254117647058825,3.989875778047616,1.6,34.0,red
Austin,Garfield Park,24.33779761904762,11.9375,14.079285714285716,2.145161871208567,2.689285714285714,56.0,yellow
Austin,Garfield Ridge,65.81397849462365,26.50268817204301,33.41935483870968,2.528891465994817,7.570967741935485,31.0,orange
Austin,Grand Boulevard,71.76666666666667,30.71111111111111,25.929999999999996,2.4257904118589697,12.233333333333334,6.0,orange
Austin,Grand Crossing,86.20833333333334,23.866666666666667,32.48,3.9061920376258614,15.850000000000001,2.0,red
Austin,Grant Park,50.15725490196078,23.344901960784316,23.77223529411765,2.229533300170341,7.509411764705882,85.0,yellow
Austin,Hermosa,30.7,12.066666666666666,12.86,2.544198895027624,2.6,1.0,orange
Austin,Humboldt Park,31.689182389937105,14.869622641509434,15.195547169811322,2.296105180683721,3.433207547169811,265.0,yellow
Austin,Hyde Park,69.43333333333334,31.16111111111111,29.310000000000002,2.2676423251543696,13.566666666666668,3.0,yellow
Austin,Irving Park,53.42777777777778,30.605555555555558,24.47666666666667,1.8932125650758584,7.083333333333333,6.0,green
Austin,Jackson Park,89.71666666666667,36.766666666666666,33.73,2.4537245275377417,15.9,2.0,orange
Austin,Lake View,68.06666666666668,39.87222222222223,33.754999999999995,1.770291096286644,9.85,6.0,green
Austin,Lincoln Park,75.86491228070176,37.607894736842105,29.00526315789474,2.0705005612998453,11.721052631578948,19.0,yellow
Austin,Lincoln Square,76.51666666666667,42.016666666666666,34.41,1.8211027370091233,10.5,1.0,green
Austin,"Little Italy, UIC",41.244563426688636,19.380642504118615,17.73359143327842,2.226349797034933,5.737397034596375,607.0,yellow
Austin,Little Village,42.45790960451977,24.11610169491526,21.9693220338983,1.854421015257876,5.681355932203391,59.0,green
Austin,Logan Square,39.72555555555555,21.274444444444445,19.981333333333335,2.0481977392933604,4.793333333333334,15.0,yellow
Austin,Loop,49.54258169934641,26.283431372549018,24.25819607843137,2.1082212601496297,8.410392156862743,510.0,yellow
Austin,Lower West Side,60.31720430107528,20.283333333333335,17.44193548387097,2.9929791935253194,7.387096774193548,31.0,red
Austin,Mckinley Park,61.63030303030303,25.931818181818183,25.37,2.368073185413681,8.754545454545456,11.0,orange
Austin,Montclare,51.38333333333335,27.55416666666667,20.048125000000006,1.8687004245533552,5.94375,32.0,green
Austin,Museum Campus,70.43994252873561,25.18419540229885,24.863965517241386,2.9134134407466576,10.013793103448277,58.0,red
Austin,Near South Side,50.6063725490196,24.280882352941177,24.06323529411765,2.132555761199919,9.614705882352942,34.0,yellow
Austin,New City,70.13333333333334,30.566666666666666,25.03,2.2944383860414397,11.1,1.0,yellow
Austin,North Center,73.1,43.53333333333333,31.74,1.6791730474732005,9.0,1.0,green
Austin,North Lawndale,34.79184397163121,11.836761229314419,13.283617021276596,3.1281532623370083,3.6574468085106386,141.0,red
Austin,North Park,64.61333333333332,37.79333333333334,28.516,1.7339436932290926,10.84,5.0,green
Austin,Norwood Park,77.55,37.88333333333333,23.73,2.0470743510778706,8.6,1.0,yellow
Austin,O'Hare,86.72401129943502,29.491525423728813,37.76542372881356,3.023472927296774,11.735593220338984,59.0,red
Austin,Portage Park,36.833333333333336,23.06851851851852,18.194444444444443,1.6999945587691352,5.077777777777778,9.0,green
Austin,River North,56.07005347593582,29.4927807486631,19.44042780748663,1.971702867430268,9.445989304812835,187.0,green
Austin,Rogers Park,116.43333333333334,43.583333333333336,39.22,2.6715105162523898,18.2,1.0,orange
Austin,Roseland,101.15,39.3,25.14,2.5737913486005093,20.1,1.0,orange
Austin,Sheffield & DePaul,67.44166666666666,29.366666666666667,22.265,2.5233210569118327,9.6,2.0,orange
Austin,South Shore,92.69333333333331,42.57,34.998000000000005,2.3055274469561833,18.220000000000002,5.0,yellow
Austin,Streeterville,63.06592920353983,32.22477876106195,25.49628318584071,2.00923648171965,9.609734513274333,113.0,green
Austin,Ukrainian Village,45.81875,18.602777777777778,22.034583333333334,2.480242248803338,6.366666666666667,24.0,orange
Austin,United Center,35.6083908045977,16.886896551724135,17.371931034482756,2.191360032460065,5.624827586206896,145.0,yellow
Austin,Uptown,77.79166666666667,45.179487179487175,32.03,1.7435965810452616,10.792307692307691,26.0,green
Austin,Washington Park,71.61666666666666,31.65,41.23,2.262769878883623,13.7,1.0,yellow
Austin,West Elsdon,68.98333333333333,44.75,28.86,1.5415270018621974,8.0,1.0,green
Austin,West Loop,44.44955703211517,25.633333333333336,25.341627906976743,1.9705165308541701,8.012624584717608,301.0,green
Austin,West Ridge,74.61666666666666,28.883333333333333,24.52,2.5833814195037506,9.3,1.0,orange
Austin,West Town,44.98070175438597,18.655263157894737,18.250000000000004,2.624813816970908,4.8157894736842115,19.0,orange
Austin,Wicker Park,49.09166666666667,23.843055555555555,17.257499999999997,2.088380755451302,6.0249999999999995,12.0,yellow
Austin,Woodlawn,93.1,31.716666666666665,28.73,2.93536521282186,17.0,1.0,red
Austin,Wrigleyville,76.35,40.03888888888889,28.73,1.9097850400273984,9.166666666666666,3.0,green
Avalon Park,Ashburn,50.88611111111112,20.058333333333334,21.516666666666666,2.5892869282586557,5.6499999999999995,6.0,orange
Avalon Park,Auburn Gresham,51.17222222222222,17.215277777777775,17.065,2.990936614862123,4.741666666666667,12.0,red
Avalon Park,Beverly,53.63333333333333,22.616666666666664,25.135,2.386146637098522,6.833333333333333,6.0,orange
Avalon Park,Calumet Heights,9.850000000000001,5.996153846153846,10.411538461538463,1.7084103421722132,1.3153846153846156,13.0,green
Avalon Park,Chatham,29.941287878787872,10.004166666666666,11.92409090909091,3.2992256347329203,2.6363636363636367,44.0,red
Avalon Park,Englewood,52.36666666666667,15.968181818181819,19.385454545454547,3.2834796397004187,4.368181818181818,22.0,red
Avalon Park,Garfield Ridge,87.96666666666667,41.988888888888894,53.833999999999996,2.1186317716541168,12.16,15.0,yellow
Avalon Park,Grand Crossing,28.54479166666667,9.1171875,11.181875000000002,3.545840182099694,1.9312500000000001,32.0,red
Avalon Park,Grant Park,47.45000000000001,27.180555555555554,29.938333333333333,1.7753910477350159,11.116666666666667,6.0,green
Avalon Park,Humboldt Park,87.28333333333335,35.961111111111116,26.896666666666665,2.4374388057256535,16.333333333333332,3.0,orange
Avalon Park,Hyde Park,40.7167619047619,17.28066666666667,18.16731428571428,2.375611790053577,3.9765714285714284,175.0,orange
Avalon Park,Jackson Park,32.036274509803924,11.305882352941177,20.56058823529412,2.8678798128926095,2.8058823529411767,34.0,red
Avalon Park,Kenwood,43.78333333333333,22.483333333333334,19.355,2.040018420568962,6.1,4.0,yellow
Avalon Park,"Little Italy, UIC",75.6,36.06819923371648,31.276781609195403,2.1527637956575925,13.35632183908046,174.0,yellow
Avalon Park,Little Village,95.01666666666667,29.435416666666665,25.4,3.3029178870450138,13.275000000000002,8.0,red
Avalon Park,Loop,51.51666666666666,34.75113636363636,29.404545454545453,1.5493661317412764,11.8,44.0,green
Avalon Park,Mckinley Park,59.13333333333333,23.75,23.73,2.4898245614035086,10.2,1.0,orange
Avalon Park,Near South Side,72.88333333333334,24.318181818181824,21.02909090909091,3.0122717783943074,9.899999999999999,11.0,red
Avalon Park,Pullman,46.60233918128655,12.680994152046784,12.931228070175438,3.739358773855193,4.045614035087719,57.0,red
Avalon Park,River North,73.47619047619048,30.59047619047619,33.20714285714285,2.433813253650144,14.400000000000002,7.0,orange
Avalon Park,Roseland,41.92638888888889,13.661805555555555,14.80625,3.102967644044819,3.808333333333333,24.0,red
Avalon Park,South Chicago,28.8,7.666666666666666,5.0600000000000005,4.579461327956214,2.25,2.0,red
Avalon Park,South Deering,20.124436090225565,11.235338345864662,11.838120300751878,1.7971889965122776,2.2466165413533834,133.0,green
Avalon Park,South Shore,24.261635220125783,9.210377358490566,12.343962264150946,2.786220719349835,2.026415094339623,53.0,red
Avalon Park,United Center,68.3,43.78333333333333,40.75,1.5599543205177009,14.4,1.0,green
Avalon Park,West Loop,65.86629213483145,26.206741573033703,26.878651685393255,2.556626819399841,11.879775280898876,89.0,orange
Avalon Park,Woodlawn,35.166666666666664,14.166666666666666,21.73,2.4823529411764707,2.8,1.0,orange
Avondale,Albany Park,34.2698717948718,12.040384615384616,13.771153846153847,2.974371195345042,2.669230769230769,26.0,red
Avondale,Andersonville,52.79999999999999,21.722222222222225,22.21666666666667,2.4343160109404587,5.833333333333333,3.0,orange
Avondale,Armour Square,63.96666666666667,39.25,40.401666666666664,1.6782674464234588,9.516666666666667,6.0,green
Avondale,Auburn Gresham,85.6,50.63333333333333,36.18,1.6905859117840685,16.5,1.0,green
Avondale,Austin,58.484567901234584,28.962962962962962,25.05814814814815,2.066775409844031,6.3,27.0,yellow
Avondale,Avalon Park,87.85,30.483333333333334,28.73,2.881902679059595,18.3,1.0,red
Avondale,Avondale,20.44704491725768,7.415602836879434,10.826312056737589,3.1144428529390153,1.1680851063829787,141.0,red
Avondale,Belmont Cragin,34.58653846153846,15.726923076923075,16.45230769230769,2.2260669208869013,3.4461538461538463,26.0,yellow
Avondale,Boystown,34.93333333333333,21.366666666666667,17.862499999999997,1.6793330863288827,4.125,4.0,green
Avondale,Bridgeport,64.8,17.141666666666666,24.825000000000003,3.8152560322866873,9.7,2.0,red
Avondale,Bucktown,32.07306201550388,9.258527131782945,12.23860465116279,3.692884863262972,2.322093023255814,86.0,red
Avondale,East Village,41.70666666666667,23.543333333333333,21.692,1.7707806413338811,5.52,5.0,green
Avondale,Edgewater,52.31666666666668,27.270512820512824,22.659230769230767,1.986977289077925,6.769230769230769,13.0,green
Avondale,Garfield Park,35.358333333333334,18.791666666666664,16.31,1.875800865800866,4.15,2.0,green
Avondale,Garfield Ridge,100.25,26.316666666666666,46.345,3.866887012013576,15.666666666666666,6.0,red
Avondale,Gold Coast,50.72666666666668,20.314444444444447,21.182000000000002,2.5903184671263357,5.8933333333333335,15.0,orange
Avondale,Grant Park,55.626257861635246,25.455503144654088,25.286603773584908,2.364135255409677,7.771698113207545,106.0,orange
Avondale,Hermosa,24.608333333333334,11.536666666666667,12.689000000000002,2.324910500473954,2.16,10.0,yellow
Avondale,Humboldt Park,33.0154761904762,14.356547619047616,13.147499999999999,2.416621344716201,2.8999999999999995,28.0,orange
Avondale,Hyde Park,84.83333333333333,27.966666666666665,26.23,3.033373063170441,13.3,1.0,red
Avondale,Irving Park,30.37367941712204,8.541894353369763,12.555136612021856,3.7012300563052567,1.4213114754098362,183.0,red
Avondale,Jackson Park,71.36666666666666,19.316666666666666,39.23,3.694564279551337,13.6,1.0,red
Avondale,Jefferson Park,36.416666666666664,11.683333333333334,14.84,3.1169757489300998,5.2,1.0,red
Avondale,Lake View,35.62557905337361,19.029103726082578,17.989833836858008,1.9420326618686943,3.7897280966767375,662.0,green
Avondale,Lincoln Park,43.19075425790755,18.00413625304136,16.80824817518248,2.479653898320126,3.727737226277373,137.0,orange
Avondale,Lincoln Square,45.50357142857144,19.54345238095238,15.544285714285715,2.39658399604365,3.6857142857142846,28.0,orange
Avondale,"Little Italy, UIC",50.342083333333335,27.196666666666665,22.389249999999997,1.913801830435337,7.507499999999998,40.0,green
Avondale,Little Village,65.55,32.016666666666666,24.93,2.047371160853722,7.5,1.0,yellow
Avondale,Logan Square,23.129315164220824,8.83675751222921,12.312012578616352,2.7948687276000923,1.7092243186582807,477.0,red
Avondale,Loop,44.98432802829355,24.35654288240495,24.365968169761278,1.9527745460762398,6.71525198938992,754.0,green
Avondale,Lower West Side,60.66190476190476,27.466666666666665,23.041428571428575,2.5129939176097156,8.7,7.0,orange
Avondale,Montclare,43.11666666666666,20.900450450450457,20.90108108108108,2.06801583437072,3.9594594594594597,37.0,yellow
Avondale,Museum Campus,64.63333333333335,32.87277777777777,33.96066666666666,2.0569774529555938,9.816666666666666,30.0,yellow
Avondale,Near South Side,63.35,27.016666666666666,24.96666666666667,2.3543146718869745,10.466666666666667,3.0,orange
Avondale,North Center,28.24791666666666,10.68625,14.26125,2.830098422257875,2.3275,40.0,red
Avondale,North Lawndale,51.18095238095238,27.583333333333336,28.58857142857143,1.966983533147749,8.542857142857143,7.0,green
Avondale,O'Hare,58.20676470588234,27.79328431372549,42.0840294117647,2.1867510798122263,12.110882352941175,340.0,yellow
Avondale,Old Town,54.06,27.73,24.27,2.058840569694075,5.7,10.0,yellow
Avondale,Portage Park,27.01458333333333,12.734999999999998,13.970250000000002,2.4012700057954843,2.6275000000000004,40.0,orange
Avondale,River North,52.810523809523815,23.69609523809524,25.06162857142857,2.3699219122712396,6.285428571428572,350.0,orange
Avondale,Rogers Park,60.84743589743589,29.85128205128205,25.74923076923077,2.190576267527423,8.207692307692309,13.0,yellow
Avondale,"Sauganash,Forest Glen",108.86666666666666,10.7,29.42,10.174454828660437,5.7,1.0,red
Avondale,Sheffield & DePaul,35.641397849462365,12.895698924731182,16.324193548387097,2.9159691466459825,2.754838709677419,31.0,red
Avondale,South Chicago,98.26666666666667,43.4,30.75,2.2642089093701996,19.4,1.0,yellow
Avondale,Streeterville,52.14288288288288,26.188198198198204,24.675729729729724,2.1839635611405934,6.984864864864864,185.0,yellow
Avondale,Ukrainian Village,38.2695652173913,16.64782608695652,16.89260869565217,2.42997580098986,4.608695652173913,23.0,orange
Avondale,United Center,49.92170542635659,27.125193798449615,28.214418604651158,1.879512958585474,5.953488372093023,43.0,green
Avondale,Uptown,47.026570048309175,21.130917874396136,21.471014492753625,2.336346961344168,5.007246376811594,69.0,yellow
Avondale,Washington Heights,96.13333333333334,41.43333333333333,21.04,2.3201930812550287,19.2,1.0,yellow
Avondale,West Loop,52.32543478260868,23.715905797101446,24.61080434782609,2.3553421089655986,5.808260869565218,460.0,orange
Avondale,West Ridge,63.12291666666667,19.184375,20.318125,3.318997349472401,4.824999999999999,16.0,red
Avondale,West Town,35.94731182795697,19.416487455197135,18.342903225806452,2.05968650026095,4.523655913978494,93.0,yellow
Avondale,Wicker Park,34.73597122302158,14.009712230215827,17.22517985611511,2.699417227208776,3.6071942446043166,139.0,orange
Avondale,Woodlawn,89.98333333333333,28.233333333333334,32.83,3.187131050767414,14.6,1.0,red
Avondale,Wrigleyville,35.09596774193549,18.247043010752687,20.073870967741936,2.0245510034201675,3.2419354838709675,62.0,yellow
Belmont Cragin,Albany Park,45.202380952380956,17.607142857142858,17.427142857142858,2.588847783230349,4.671428571428572,7.0,orange
Belmont Cragin,Austin,22.62564102564103,11.029166666666667,11.7575,2.1979570375549455,1.9519230769230769,52.0,yellow
Belmont Cragin,Avondale,33.64294871794872,15.8974358974359,14.240769230769233,2.2109625540466946,3.396153846153846,26.0,yellow
Belmont Cragin,Belmont Cragin,17.164427860696517,7.53134328358209,10.117611940298508,2.350210232376144,1.471641791044776,67.0,orange
Belmont Cragin,Boystown,63.28333333333333,25.066666666666666,16.23,2.5246010638297873,6.9,1.0,orange
Belmont Cragin,Brighton Park,82.23333333333333,44.08333333333333,36.345,1.8673523799816796,13.950000000000001,2.0,green
Belmont Cragin,Bucktown,50.61666666666667,25.0,19.401666666666667,2.0492688959312293,5.8,6.0,yellow
Belmont Cragin,Dunning,31.263492063492055,11.815079365079365,12.811428571428573,2.6749214779280566,2.9571428571428577,21.0,orange
Belmont Cragin,East Village,58.59444444444444,27.555555555555557,17.62,2.1425271437203057,6.966666666666666,3.0,yellow
Belmont Cragin,Edgewater,74.76666666666667,37.21666666666667,26.51,2.0089565606806983,10.5,1.0,green
Belmont Cragin,Galewood,25.743333333333336,7.327222222222222,7.823333333333333,3.6694436680330265,1.5533333333333332,30.0,red
Belmont Cragin,Grant Park,60.64999999999999,37.290740740740745,28.692222222222224,1.6346521449562703,9.822222222222223,9.0,green
Belmont Cragin,Hermosa,27.027777777777782,11.438888888888888,9.801666666666664,2.4579204311015057,3.091666666666667,12.0,orange
Belmont Cragin,Humboldt Park,27.60833333333333,16.509920634920636,14.847857142857142,1.8217307169339647,3.4214285714285717,42.0,green
Belmont Cragin,Irving Park,53.295833333333334,21.17083333333333,16.3,2.6501394107080745,5.5,4.0,orange
Belmont Cragin,Jefferson Park,31.409333333333333,10.93266666666667,11.058399999999999,2.9154078406539026,2.6920000000000006,25.0,red
Belmont Cragin,Lake View,52.727450980392156,27.990686274509805,22.65705882352941,1.9534119284129792,6.223529411764706,34.0,green
Belmont Cragin,Lincoln Park,48.766666666666666,20.6,31.78,2.367313915857605,6.7,1.0,orange
Belmont Cragin,Lincoln Square,66.42142857142856,38.327777777777776,32.147619047619045,1.755431537572154,7.180952380952381,21.0,green
Belmont Cragin,"Little Italy, UIC",73.93333333333334,31.186363636363637,26.46,2.3916095589161928,9.381818181818181,11.0,orange
Belmont Cragin,Logan Square,31.319444444444443,14.64537037037037,13.874444444444444,2.239813125753053,3.355555555555556,18.0,yellow
Belmont Cragin,Loop,60.457948717948724,30.387435897435896,23.818769230769227,2.00252929734855,9.08076923076923,130.0,green
Belmont Cragin,Lower West Side,65.21666666666667,21.916666666666668,26.92,2.975665399239544,9.9,1.0,red
Belmont Cragin,Montclare,20.70625,9.533333333333333,12.7275,2.319335192403565,2.2125,8.0,yellow
Belmont Cragin,Museum Campus,82.38333333333334,40.05416666666667,32.057500000000005,2.0622757804478544,12.425,4.0,yellow
Belmont Cragin,North Lawndale,57.25,25.57857142857143,18.927142857142858,2.2404581601163907,6.514285714285714,7.0,yellow
Belmont Cragin,North Park,57.41666666666666,30.58921568627451,26.933529411764702,1.8907606955139538,7.3882352941176475,17.0,green
Belmont Cragin,Norwood Park,60.05,17.766666666666666,18.75,3.379924953095685,5.8,1.0,red
Belmont Cragin,O'Hare,81.48849206349206,30.80873015873016,37.46380952380952,2.695585505344937,10.49047619047619,42.0,orange
Belmont Cragin,Portage Park,27.882902298850574,12.667528735632182,13.491982758620692,2.3511858570519966,2.5172413793103448,116.0,orange
Belmont Cragin,River North,59.94650205761316,41.227777777777774,26.83086419753086,1.5080574204105341,8.269135802469137,81.0,green
Belmont Cragin,Sheffield & DePaul,48.7,27.25,26.31,1.8684296566526293,5.6,2.0,green
Belmont Cragin,Streeterville,68.64833333333334,36.072500000000005,24.186,1.9153516129458048,8.489999999999998,20.0,green
Belmont Cragin,Ukrainian Village,57.31666666666667,18.566666666666666,22.625,3.0886291278980242,5.5,2.0,red
Belmont Cragin,United Center,54.78333333333334,26.477777777777778,21.89222222222222,2.087092543330099,6.3,9.0,yellow
Belmont Cragin,Uptown,68.3425925925926,37.96296296296296,27.304444444444446,1.8083927585614876,7.66111111111111,18.0,green
Belmont Cragin,West Loop,55.15656565656566,31.81994949494949,22.13787878787879,1.784551796421636,8.389393939393939,66.0,green
Belmont Cragin,West Town,48.8087064676617,27.046766169154232,16.902686567164174,1.8300233643983133,6.308955223880597,67.0,green
Belmont Cragin,Wicker Park,50.24876543209876,23.46111111111111,16.145925925925926,2.190325090699503,5.533333333333333,27.0,yellow
Belmont Cragin,Wrigleyville,57.6,32.75,17.73,1.7587786259541984,6.5,1.0,green
Beverly,Auburn Gresham,32.29259259259259,10.840740740740742,11.614444444444445,3.023915079097686,2.766666666666667,9.0,red
Beverly,Beverly,30.9,3.9125000000000005,13.5,7.897910612894988,1.2,4.0,red
Beverly,Garfield Ridge,87.13333333333334,29.533333333333335,27.64,2.950338600451467,10.4,1.0,red
Beverly,Grand Crossing,64.46666666666667,20.416666666666668,16.23,3.1575510204081634,5.5,1.0,red
Beverly,Hyde Park,72.78333333333333,28.308333333333334,29.979999999999997,2.7224606551949675,9.9,2.0,orange
Beverly,Jackson Park,75.65,24.46666666666667,22.805,3.232410395325868,8.7,2.0,red
Beverly,"Little Italy, UIC",74.9,22.466666666666665,42.73,3.3338278931750747,14.5,1.0,red
Beverly,Loop,71.35000000000001,28.45,30.86333333333333,2.5413550470522313,15.6,6.0,orange
Beverly,Morgan Park,65.46666666666667,11.3875,13.690000000000001,5.821053097317556,3.125,4.0,red
Beverly,Roseland,52.0,17.727777777777778,16.23,2.9937592780945006,6.233333333333334,3.0,red
Beverly,South Chicago,52.166666666666664,22.803333333333335,32.114,2.2912433673873442,7.0200000000000005,5.0,yellow
Beverly,Washington Heights,29.87777777777778,7.691666666666666,12.081666666666665,4.062005699232177,1.75,6.0,red
Beverly,Woodlawn,71.18333333333334,17.633333333333333,24.23,4.036862003780719,8.3,1.0,red
Boystown,Andersonville,34.3,15.460526315789474,16.701052631578946,2.2695707545931696,3.526315789473684,19.0,yellow
Boystown,Avondale,36.50099502487562,18.39577114427861,20.135820895522386,2.0667489614707075,3.68955223880597,67.0,yellow
Boystown,Bucktown,35.40128205128205,23.576923076923073,21.813076923076927,1.5165306923505963,3.7153846153846146,13.0,green
Boystown,Edgewater,28.550347222222225,13.3734375,18.024375,2.1827462325540394,4.090625,96.0,yellow
Boystown,Garfield Ridge,83.55290570175438,35.90970394736843,59.11069078947368,2.3617486792851743,17.33125,304.0,orange
Boystown,Gold Coast,25.192982456140346,10.77456140350877,16.454210526315787,2.3757219424949065,3.7736842105263158,19.0,orange
Boystown,Grant Park,41.02550505050506,18.358775252525255,22.512121212121208,2.352503378766969,5.86969696969697,264.0,orange
Boystown,Humboldt Park,57.91666666666666,21.17121212121212,25.94272727272727,2.7502370261837563,5.445454545454544,11.0,orange
Boystown,Irving Park,46.30555555555555,53.51944444444444,52.821666666666665,0.9542794901950913,5.116666666666666,6.0,green
Boystown,Lake View,14.721975992613112,5.5519621421976,10.551177285318557,2.961707179194408,0.9022160664819946,722.0,red
Boystown,Lincoln Park,19.299912280701754,10.28451754385965,13.097815789473684,1.961389105366286,1.9007894736842104,380.0,green
Boystown,Lincoln Square,37.91461538461538,16.685384615384617,19.14076923076923,2.3543472329981796,3.867692307692308,65.0,orange
Boystown,"Little Italy, UIC",56.11666666666667,34.6,22.6,1.621868978805395,6.4,1.0,green
Boystown,Little Village,80.4,32.2452380952381,32.33285714285715,2.5185518819586568,12.985714285714286,7.0,orange
Boystown,Logan Square,44.809999999999995,20.9,23.384500000000003,2.3854330420773993,4.5,20.0,orange
Boystown,Loop,37.64841883345046,18.42709065354884,23.729957835558682,2.1222009861290356,5.665284609978919,1423.0,yellow
Boystown,Mckinley Park,59.38333333333333,40.65,30.11,1.4608446084460844,11.3,1.0,green
Boystown,Museum Campus,61.093253968253954,20.01845238095238,28.656904761904755,3.1747700151577347,7.454761904761905,84.0,red
Boystown,North Center,27.230894308943096,12.322764227642278,14.185609756097561,2.4571910430372057,2.0731707317073176,41.0,orange
Boystown,O'Hare,81.29820346320345,42.94798701298701,62.57485714285715,1.9626234529274518,15.265324675324678,770.0,green
Boystown,Old Town,27.055989583333336,11.884114583333334,17.47078125,2.373406463102377,3.553125,64.0,orange
Boystown,Portage Park,62.68333333333333,21.76111111111111,20.65666666666667,2.8962952816303313,6.666666666666667,6.0,red
Boystown,River North,31.8471315529179,17.733402571711178,22.82318694362018,1.8792606505930929,4.5571513353115725,1685.0,green
Boystown,Rogers Park,34.29333333333334,15.599333333333334,22.605333333333327,2.223128931920723,5.101333333333334,75.0,yellow
Boystown,Rush & Division,23.666666666666668,14.643333333333333,20.691,1.648671909056001,3.9,30.0,green
Boystown,Sheffield & DePaul,15.541914191419147,9.192079207920791,12.415643564356436,1.7710842289656221,1.591089108910891,101.0,green
Boystown,Streeterville,30.258157689305232,13.744340359094458,20.398782201405155,2.3764518664521663,4.400468384074942,427.0,orange
Boystown,Uptown,21.1708081570997,8.78716012084592,12.59581570996979,2.4459090452378804,1.9755287009063447,1324.0,orange
Boystown,West Loop,50.95719339622643,28.909355345911955,25.936674528301886,1.8278307917993033,5.850471698113207,424.0,green
Boystown,West Town,44.6375,17.008333333333333,20.091,2.667967323575464,4.3950000000000005,40.0,orange
Boystown,Wicker Park,41.940780141843966,20.633333333333333,21.111914893617023,2.14218046384052,4.0,47.0,yellow
Boystown,Wrigleyville,14.726811594202896,6.573913043478261,9.625217391304348,2.3715312916456286,1.0434782608695654,69.0,orange
Bridgeport,Albany Park,91.21666666666667,32.733333333333334,29.18,2.7866598778004072,14.4,1.0,red
Bridgeport,Archer Heights,45.04166666666667,17.983333333333334,21.0,2.5056833791948185,5.8,2.0,orange
Bridgeport,Armour Square,18.300000000000004,7.576190476190476,12.567142857142859,2.6642140864978097,1.642857142857143,7.0,orange
Bridgeport,Bridgeport,15.300387596899224,4.144379844961241,9.32825581395349,3.9654750726454417,0.6104651162790697,86.0,red
Bridgeport,Bucktown,58.607575757575745,22.345454545454544,23.630909090909086,2.716100472045424,8.518181818181818,11.0,orange
Bridgeport,Chinatown,19.691441441441437,9.174324324324326,12.810270270270271,2.4003613499384313,2.348648648648648,37.0,orange
Bridgeport,Clearing,42.81666666666667,25.35,31.23,1.6890203813280737,8.8,1.0,green
Bridgeport,Douglas,21.212179487179487,8.448076923076924,12.06192307692308,2.6932859495462287,1.9384615384615385,26.0,orange
Bridgeport,Gage Park,41.67777777777778,27.427777777777777,36.28666666666667,1.6613965120272522,5.633333333333333,3.0,green
Bridgeport,Galewood,107.63333333333335,33.766666666666666,25.332,3.1943689124000114,14.419999999999998,5.0,red
Bridgeport,Garfield Park,54.541666666666664,24.308333333333334,19.968333333333337,2.398278825324715,6.833333333333332,6.0,orange
Bridgeport,Gold Coast,50.82222222222222,22.405555555555555,27.296666666666663,2.3068490231015777,8.266666666666666,3.0,yellow
Bridgeport,Grand Boulevard,37.7,13.172222222222222,14.906666666666666,2.8936821127290613,3.266666666666667,3.0,red
Bridgeport,Grand Crossing,44.39999999999999,17.327272727272724,24.783636363636365,2.591728983234015,5.9818181818181815,11.0,orange
Bridgeport,Grant Park,44.7329365079365,18.417857142857137,19.11107142857143,2.661754418515744,4.682142857142857,84.0,orange
Bridgeport,Hyde Park,50.170098039215674,15.891176470588237,19.334705882352946,3.1942422303648166,5.626470588235293,34.0,red
Bridgeport,Lake View,56.98571428571428,25.373809523809523,31.47142857142857,2.2997864190456485,10.814285714285715,7.0,yellow
Bridgeport,Lincoln Square,75.42777777777776,37.861111111111114,33.14333333333334,2.038296552440667,12.866666666666667,3.0,yellow
Bridgeport,"Little Italy, UIC",31.875268817204297,13.893010752688172,14.29161290322581,2.3099770495969105,3.1774193548387095,31.0,yellow
Bridgeport,Little Village,39.03333333333333,17.416666666666668,23.41,2.2411483253588513,4.9,1.0,yellow
Bridgeport,Logan Square,63.11666666666667,20.2,32.29,3.1245874587458746,8.3,1.0,red
Bridgeport,Loop,37.00878006872852,19.068384879725087,20.36992783505155,1.9691180398428603,4.676494845360825,970.0,green
Bridgeport,Lower West Side,36.84263565891473,8.623255813953488,14.41,4.529495000102536,2.311627906976744,86.0,red
Bridgeport,Montclare,95.43333333333334,48.733333333333334,45.23,1.9582763337893296,13.3,1.0,green
Bridgeport,Museum Campus,41.736167800453515,12.353741496598643,14.827074829931972,3.540500865264473,3.4959183673469387,147.0,red
Bridgeport,Near South Side,33.016666666666666,10.619607843137256,16.790000000000003,3.1944513914903876,2.9058823529411764,17.0,red
Bridgeport,New City,23.65,9.809999999999999,11.88,2.581064611914507,2.38,5.0,orange
Bridgeport,O'Hare,100.3,34.74166666666667,41.235,2.8870232669704965,20.1,2.0,red
Bridgeport,Old Town,48.00416666666666,21.7375,22.015,2.2606246356881905,7.125,4.0,yellow
Bridgeport,Portage Park,91.28333333333333,40.4,24.69,2.2594884488448845,14.1,1.0,yellow
Bridgeport,River North,55.53529411764706,20.00653594771242,19.846862745098036,2.8856049587879955,5.682352941176471,51.0,red
Bridgeport,Roseland,72.46666666666667,23.75,28.73,3.051228070175439,10.2,1.0,red
Bridgeport,Rush & Division,44.38333333333333,29.2,27.815,1.5274618797498132,6.950000000000001,4.0,green
Bridgeport,South Shore,84.51666666666667,11.85,19.96,7.132208157524613,7.5,1.0,red
Bridgeport,Streeterville,49.08194444444443,24.194444444444443,27.283333333333335,2.0703911286527688,6.758333333333333,36.0,yellow
Bridgeport,Ukrainian Village,60.65,20.15,23.134999999999998,3.0114274801636194,5.699999999999999,2.0,red
Bridgeport,United Center,51.10793650793651,22.196825396825396,16.097142857142856,2.3297316509884602,6.1,21.0,yellow
Bridgeport,Washington Heights,59.833333333333336,19.433333333333334,21.23,3.0789022298456263,11.2,1.0,red
Bridgeport,Washington Park,39.150000000000006,22.641666666666666,23.18,1.7290877594523395,4.9,2.0,green
Bridgeport,West Loop,40.837840670859535,14.37798742138365,16.93251572327044,2.9274247761525487,3.975471698113207,159.0,red
Bridgeport,West Town,46.737037037037034,19.271759259259255,21.935555555555553,2.4886945065350825,5.338888888888889,36.0,orange
Bridgeport,Wicker Park,57.93333333333333,24.383333333333333,21.445,2.615778861387157,7.5,2.0,orange
Bridgeport,Woodlawn,57.56666666666667,24.405555555555555,22.560000000000002,2.38905556868399,6.233333333333334,3.0,orange
Brighton Park,Archer Heights,35.67333333333333,14.01,15.341999999999999,2.6234489635625797,2.7,5.0,orange
Brighton Park,Ashburn,34.81666666666667,13.97882882882883,18.25,2.49952936139164,3.7810810810810813,37.0,orange
Brighton Park,Bridgeport,29.1,23.266666666666666,20.9,1.2507163323782235,4.3,1.0,green
Brighton Park,Brighton Park,14.374999999999998,7.1568627450980395,9.015,2.134462732244713,1.026470588235294,34.0,yellow
Brighton Park,Chicago Lawn,29.30833333333333,13.258333333333335,14.59,2.31875761227276,2.625,16.0,yellow
Brighton Park,Chinatown,43.55416666666666,16.84583333333333,15.5475,2.6304290774067014,5.85,4.0,orange
Brighton Park,Clearing,45.38333333333333,16.9,22.255000000000003,2.7238429942019957,5.55,2.0,orange
Brighton Park,Douglas,39.416666666666664,20.138194444444444,21.86125,1.9845973585381245,5.954166666666667,24.0,green
Brighton Park,Englewood,51.20777777777777,15.313333333333333,22.706666666666667,3.356273611769572,9.153333333333332,15.0,red
Brighton Park,Gage Park,25.133333333333336,7.938888888888889,12.329999999999998,3.2399451239316854,1.6666666666666667,3.0,red
Brighton Park,Garfield Ridge,39.57424242424242,18.33030303030303,21.315,2.231810818405861,3.9227272727272733,22.0,yellow
Brighton Park,Grand Crossing,61.56666666666667,30.85,25.945,2.0130600535768384,7.85,2.0,green
Brighton Park,Jackson Park,63.583333333333336,17.066666666666666,21.23,3.7255859375,10.5,1.0,red
Brighton Park,Lake View,77.0,50.27564102564102,23.046153846153842,1.539823242132381,14.076923076923078,13.0,green
Brighton Park,"Little Italy, UIC",47.72708333333335,20.297569444444445,14.471458333333336,2.432385905309966,5.2562500000000005,48.0,orange
Brighton Park,Little Village,28.083333333333332,15.622222222222222,15.396666666666668,1.834412313834009,3.5833333333333335,6.0,green
Brighton Park,Logan Square,73.96666666666667,33.71666666666667,20.12,2.1937716262975777,8.3,1.0,yellow
Brighton Park,Loop,42.914047619047615,28.17547619047619,26.776000000000003,1.5303408774481728,7.627142857142857,70.0,green
Brighton Park,Lower West Side,20.5,7.85,5.62,2.6114649681528666,1.4,1.0,orange
Brighton Park,Near South Side,47.86666666666667,20.391666666666662,19.558,2.581826901275981,5.4399999999999995,10.0,orange
Brighton Park,New City,23.891666666666666,10.416666666666666,10.030000000000001,2.4324139713483977,2.35,2.0,orange
Brighton Park,North Lawndale,34.31666666666667,22.31904761904762,18.88,1.5934501029087877,4.614285714285714,7.0,green
Brighton Park,River North,57.4515873015873,31.888888888888882,29.59,1.8712900924109885,9.604761904761906,21.0,green
Brighton Park,Streeterville,65.41666666666667,27.78076923076923,28.057435897435898,2.367125141704221,9.73076923076923,39.0,orange
Brighton Park,United Center,42.56666666666668,25.89528301886793,23.955283018867924,1.660649181720997,5.2924528301886795,53.0,green
Brighton Park,Uptown,72.76666666666667,22.583333333333332,23.73,3.2221402214022143,14.1,1.0,red
Brighton Park,West Elsdon,37.1,8.450000000000001,8.543333333333335,4.41282276688654,2.1,3.0,red
Brighton Park,West Lawn,38.35,14.135714285714284,14.819999999999999,2.739130691829575,2.3428571428571425,7.0,orange
Brighton Park,West Loop,50.44642857142858,21.303571428571427,19.91857142857143,2.4391571436505397,6.678571428571429,14.0,orange
Brighton Park,West Town,64.6,26.183333333333334,22.05,2.467218332272438,8.0,1.0,orange
Brighton Park,Wicker Park,67.26666666666667,20.37222222222222,17.849999999999998,3.3018816471229893,9.5,3.0,red
Bucktown,Albany Park,46.63333333333334,19.428,18.887999999999998,2.5130285844123694,4.627999999999999,25.0,orange
Bucktown,Andersonville,41.12387387387387,18.97117117117117,20.668918918918923,2.217143724728337,4.7783783783783775,37.0,yellow
Bucktown,Austin,50.53888888888889,25.666666666666668,8.643333333333333,1.9768337632344366,5.633333333333333,3.0,green
Bucktown,Avondale,32.69267515923568,11.401910828025477,16.300636942675165,3.1973829083660505,2.34203821656051,157.0,red
Bucktown,Beverly,86.03333333333333,27.758333333333333,49.565,3.109379882529946,18.0,2.0,red
Bucktown,Boystown,39.03012820512821,17.03846153846154,18.17115384615385,2.4055165836504147,3.146153846153846,26.0,orange
Bucktown,Bridgeport,61.95,20.15,16.745,3.080587346145541,7.15,2.0,red
Bucktown,Bucktown,19.5016149870801,6.56124031007752,12.088759689922483,3.1001063817267345,1.1151162790697673,258.0,red
Bucktown,Dunning,65.96666666666667,41.85,26.39,1.5762644364794902,6.4,1.0,green
Bucktown,East Village,25.227702702702704,8.70472972972973,13.11391891891892,3.2160621989833538,1.8729729729729736,74.0,red
Bucktown,Edgewater,47.25833333333333,25.593181818181815,21.12409090909091,1.8540254529109326,6.213636363636363,22.0,green
Bucktown,Garfield Park,38.155555555555544,16.294444444444448,22.267916666666668,2.351679668072514,3.429166666666667,24.0,orange
Bucktown,Garfield Ridge,82.04245495495495,36.96666666666667,55.13216216216216,2.3488473940580046,14.121621621621621,148.0,orange
Bucktown,Gold Coast,34.10151515151515,15.642676767676768,18.86691919191919,2.2294196147635024,3.104040404040404,198.0,yellow
Bucktown,Grand Boulevard,86.66666666666667,26.966666666666665,31.23,3.213844252163165,11.2,1.0,red
Bucktown,Grant Park,43.902464788732395,22.1924882629108,25.666478873239438,2.1158534990043663,5.720422535211267,142.0,yellow
Bucktown,Hermosa,31.542857142857148,13.153571428571428,12.574285714285711,2.45297419664953,3.2142857142857144,14.0,orange
Bucktown,Humboldt Park,30.572278911564627,16.033163265306122,16.063469387755102,2.017895529371849,3.0030612244897967,98.0,yellow
Bucktown,Hyde Park,70.23333333333333,31.875,27.48,2.2146959807626247,12.15,2.0,yellow
Bucktown,Irving Park,33.51493506493507,14.352380952380953,15.930649350649349,2.533042856346369,2.7467532467532463,77.0,orange
Bucktown,Lake View,35.16394320297951,14.510055865921785,16.65317039106145,2.496265898455665,2.8396648044692734,716.0,orange
Bucktown,Lincoln Park,24.34341994970662,10.41848281642917,14.594568315171836,2.4286460292755976,1.8860854987426652,1193.0,orange
Bucktown,Lincoln Square,31.916190476190476,18.50047619047619,18.603428571428577,1.7776489110390061,4.008571428571429,35.0,green
Bucktown,"Little Italy, UIC",35.401984126984125,18.53571428571429,20.694603174603174,1.9581371797815996,4.2023809523809526,126.0,green
Bucktown,Little Village,65.56666666666666,27.713461538461537,26.724230769230772,2.3897792028672793,10.819230769230769,26.0,orange
Bucktown,Logan Square,23.68405084050841,8.24290692906929,11.739950799507994,3.026384384865746,1.5934809348093482,813.0,red
Bucktown,Loop,39.195516446679235,21.123549130525873,24.327064739157763,1.905013513840337,4.872532998114393,1591.0,green
Bucktown,Lower West Side,51.2932098765432,18.098148148148148,16.91,2.953877842663285,6.3925925925925915,27.0,red
Bucktown,Museum Campus,59.79725177304965,23.544148936170213,26.246117021276593,2.8466304424028688,7.050531914893617,188.0,red
Bucktown,North Center,26.628476821192052,12.713576158940397,16.670066225165566,2.228737059758973,2.3894039735099333,151.0,yellow
Bucktown,North Lawndale,60.016666666666666,33.75,23.63,1.7782716049382716,5.7,1.0,green
Bucktown,North Park,49.7,23.00769230769231,20.86846153846154,2.184803758912799,5.176923076923076,13.0,yellow
Bucktown,O'Hare,68.39341543513957,36.55210180623973,56.46512315270936,1.9775259125615274,14.408177339901478,2030.0,green
Bucktown,Old Town,31.89074074074074,12.75960648148148,17.564375,2.537569908765241,2.6291666666666664,288.0,orange
Bucktown,River North,39.75935548841893,15.393383685800604,20.191474320241692,2.7601007462824905,3.8268277945619333,1655.0,orange
Bucktown,Rogers Park,55.080555555555556,27.743055555555554,23.841666666666672,2.045108935950115,7.041666666666667,12.0,yellow
Bucktown,Rush & Division,45.34220907297831,14.604043392504932,20.51828402366864,3.2005103789515554,3.471597633136095,169.0,red
Bucktown,"Sauganash,Forest Glen",73.3,14.95,25.71,4.903010033444816,8.5,1.0,red
Bucktown,Sheffield & DePaul,26.35845771144278,9.27512437810945,12.802388059701492,2.9125058140691182,1.878358208955224,134.0,red
Bucktown,Streeterville,44.91770244821093,19.09934086629002,22.885480225988704,2.4402266938881096,4.4723163841807905,354.0,orange
Bucktown,Ukrainian Village,26.674242424242422,9.027083333333334,13.290795454545453,3.368641635668908,1.9284090909090907,88.0,red
Bucktown,United Center,28.281818181818174,15.889696969696972,19.096,1.8449789983357268,3.1836363636363636,55.0,green
Bucktown,Uptown,42.021455938697315,20.72318007662835,20.61701149425287,2.0653774202765924,4.031609195402298,174.0,yellow
Bucktown,West Loop,38.21592658377738,14.17991908427077,19.273185316755477,2.7853809425973264,3.599881586737715,1689.0,red
Bucktown,West Ridge,55.080000000000005,27.3,26.558,2.046028163486587,5.42,5.0,yellow
Bucktown,West Town,23.569848846459823,9.871718377088305,14.145990453460618,2.514329667914194,2.029832935560859,419.0,orange
Bucktown,Wicker Park,19.07204888195528,7.536765470618825,11.89647425897036,2.712063245251415,1.317628705148206,641.0,orange
Bucktown,Wrigleyville,36.91095890410959,19.381506849315066,21.42794520547945,2.0319357693107727,3.0356164383561643,73.0,yellow
Burnside,Auburn Gresham,55.166666666666664,17.808333333333334,22.165,3.100326799104458,5.0,2.0,red
Burnside,Chatham,22.70802469135802,6.866666666666667,11.09925925925926,3.484061101593469,1.4925925925925925,27.0,red
Burnside,Fuller Park,45.4,16.1,17.376,2.861844886121901,6.7,5.0,red
Burnside,Garfield Park,78.73333333333333,29.8,25.7,2.6420581655480984,15.1,1.0,orange
Burnside,New City,68.75,32.43333333333333,21.22,2.1197327852004113,9.1,1.0,yellow
Burnside,Roseland,38.8948275862069,18.622413793103448,12.456551724137931,2.103051652640226,5.737931034482759,29.0,yellow
Burnside,South Chicago,28.533333333333342,12.839682539682538,18.36857142857143,2.253295749841075,3.1000000000000005,21.0,yellow
Burnside,South Shore,34.78333333333333,14.857291666666667,15.268125,2.360809671215089,3.76875,16.0,orange
Burnside,Washington Park,51.666666666666664,15.372916666666667,15.475000000000001,3.475337464561318,5.5625,8.0,red
Burnside,West Loop,69.36666666666666,30.366666666666667,37.73,2.28430296377607,12.8,1.0,yellow
Burnside,West Town,72.05,58.53333333333333,36.99,1.2309225512528474,18.8,1.0,green
Calumet Heights,Ashburn,74.71666666666667,21.033333333333335,23.73,3.55229793977813,7.1,1.0,red
Calumet Heights,Auburn Gresham,48.85,25.405555555555555,21.326666666666668,1.9940683161898516,5.766666666666667,3.0,green
Calumet Heights,Avalon Park,26.079583333333336,6.901249999999999,10.26425,3.910719629660531,1.89,40.0,red
Calumet Heights,Chatham,32.779797979797976,14.432323232323231,15.83,2.4277306949312334,3.7969696969696973,33.0,orange
Calumet Heights,Douglas,67.73333333333333,23.770833333333336,22.372500000000002,2.8522950188655996,8.625,4.0,red
Calumet Heights,Englewood,47.11666666666667,25.916666666666668,16.23,1.8180064308681672,7.6,1.0,green
Calumet Heights,Grand Boulevard,48.4,22.441666666666666,18.118333333333336,2.21031990997332,5.633333333333334,6.0,yellow
Calumet Heights,Grand Crossing,41.46458333333332,16.64375,14.819374999999999,2.8698995745073272,4.624999999999999,16.0,red
Calumet Heights,Hyde Park,50.33292181069959,21.2664609053498,21.672716049382718,2.3847791353656116,5.21851851851852,81.0,orange
Calumet Heights,Kenwood,46.21666666666667,25.934313725490195,28.04470588235294,1.8021929407399073,7.641176470588234,17.0,green
Calumet Heights,Little Village,87.41666666666667,33.833333333333336,24.87,2.583743842364532,17.1,1.0,orange
Calumet Heights,Lower West Side,76.46666666666667,25.646153846153844,23.794615384615387,3.0047295841786386,12.792307692307693,13.0,red
Calumet Heights,Mount Greenwood,54.516666666666666,21.083333333333332,23.02,2.5857707509881425,9.4,1.0,orange
Calumet Heights,Museum Campus,56.5515873015873,25.113492063492064,30.769761904761904,2.2858687456519533,11.714285714285714,42.0,yellow
Calumet Heights,Pullman,49.644444444444446,8.708333333333334,11.201666666666668,5.814893712016495,3.1666666666666665,6.0,red
Calumet Heights,River North,60.966666666666676,34.07666666666667,40.938,1.8339258612010856,13.819999999999999,5.0,green
Calumet Heights,Roseland,30.816666666666666,12.666666666666666,16.23,2.432894736842105,3.8,1.0,orange
Calumet Heights,South Deering,6.637234042553192,6.4262411347517725,9.728936170212767,1.0765481874586138,1.1829787234042553,47.0,green
Calumet Heights,South Shore,25.866666666666664,11.0,9.433333333333334,2.367668565355563,2.533333333333333,3.0,orange
Calumet Heights,Uptown,94.85,26.866666666666667,41.445,3.5315399797436426,19.05,2.0,red
Calumet Heights,Washington Heights,40.78333333333333,19.668518518518518,18.49777777777778,2.089892344598248,4.511111111111111,9.0,yellow
Calumet Heights,West Loop,57.949999999999996,35.5,41.57857142857143,1.6730261783251539,13.842857142857143,7.0,green
Calumet Heights,West Pullman,52.56666666666667,19.626984126984127,17.544285714285714,2.7001808059777765,6.89047619047619,21.0,orange
Calumet Heights,Woodlawn,41.96333333333333,16.176666666666666,15.532,2.6031713259726574,4.44,5.0,orange
Chatham,Ashburn,43.966666666666654,19.32179487179487,20.626153846153844,2.3590196910415124,4.846153846153846,13.0,orange
Chatham,Auburn Gresham,31.043840074384004,10.389539748953977,12.87172942817294,3.0844210037624475,2.3595536959553693,717.0,red
Chatham,Avalon Park,42.08260111576011,12.869351464435146,14.630564853556487,3.2882334123058983,2.769665271966527,478.0,red
Chatham,Brighton Park,67.75,18.583333333333332,18.73,3.6457399103139014,9.4,1.0,red
Chatham,Calumet Heights,40.01973684210526,14.48859649122807,13.99,2.8564979124183743,4.628947368421052,38.0,red
Chatham,Chatham,23.407690032534752,7.776501035196686,10.999840283939662,3.213752022123265,1.5582076308784383,1127.0,red
Chatham,Chicago Lawn,59.40104166666668,22.445833333333336,22.151875,2.691401865990939,6.010416666666669,48.0,orange
Chatham,Chinatown,53.56666666666667,20.4,23.73,2.6258169934640527,9.9,1.0,orange
Chatham,Douglas,48.833333333333336,14.714814814814815,18.195555555555554,3.404902358504719,7.922222222222222,9.0,red
Chatham,Englewood,40.92857142857143,13.33531746031746,14.021309523809524,3.2479661985102615,3.721428571428571,84.0,red
Chatham,Fuller Park,37.75,12.765686274509804,11.409411764705881,3.1275902921183283,5.2058823529411775,17.0,red
Chatham,Garfield Park,74.15,38.9625,44.292500000000004,1.9282118966416897,15.799999999999999,4.0,green
Chatham,Garfield Ridge,84.03333333333333,38.42142857142858,35.47,2.2093514349454897,8.642857142857142,7.0,yellow
Chatham,Grand Boulevard,40.94615384615384,17.102564102564102,17.55923076923077,2.45285732854207,6.299999999999999,13.0,orange
Chatham,Grand Crossing,19.52146282973621,8.283133493205435,11.541558752997602,2.570355884324767,1.8930455635491605,417.0,orange
Chatham,Grant Park,38.438596491228076,32.75482456140351,37.734736842105264,1.2152780687874585,11.71842105263158,38.0,green
Chatham,Hyde Park,38.601930501930504,16.29813384813385,17.968185328185328,2.466170756001008,4.602316602316602,259.0,orange
Chatham,Jackson Park,42.67604166666666,16.365624999999998,17.151249999999997,2.6616381392428514,4.20625,16.0,orange
Chatham,Kenwood,46.36666666666667,22.378205128205124,29.506923076923076,2.076189995492336,6.784615384615384,13.0,yellow
Chatham,Lincoln Park,70.92222222222222,28.688888888888886,25.46666666666667,2.560201442926495,15.733333333333334,3.0,orange
Chatham,"Little Italy, UIC",75.79644194756554,28.780898876404493,26.311797752808985,2.688179651047276,12.114606741573033,89.0,orange
Chatham,Little Village,73.56666666666666,31.04814814814815,33.39955555555555,2.4078017625660233,13.277777777777775,45.0,orange
Chatham,Loop,54.73252427184467,33.4757281553398,32.62864077669904,1.7254944872725078,11.858252427184468,103.0,green
Chatham,Lower West Side,64.19166666666666,20.78333333333333,23.635,3.30186365423514,10.149999999999999,2.0,red
Chatham,Mckinley Park,62.11666666666667,27.85,19.37,2.2304009575104726,10.3,1.0,yellow
Chatham,Morgan Park,49.03333333333334,16.56078431372549,15.991764705882353,3.100465822879633,7.423529411764706,17.0,red
Chatham,Museum Campus,57.99019607843137,16.353431372549018,19.381176470588237,3.607648186563774,9.258823529411766,34.0,red
Chatham,Near South Side,53.19444444444445,17.469444444444445,22.30666666666667,3.052445077808834,9.433333333333332,6.0,red
Chatham,New City,57.71666666666667,15.066666666666666,17.48,3.8307522123893807,7.1,2.0,red
Chatham,North Center,82.58333333333333,34.75,36.23,2.3764988009592325,19.0,1.0,orange
Chatham,North Lawndale,79.06666666666666,23.233333333333334,24.146666666666665,3.431857020926161,14.933333333333335,6.0,red
Chatham,O'Hare,119.10000000000001,58.708333333333336,75.78833333333334,2.2275128882719812,27.96666666666667,6.0,yellow
Chatham,Pullman,45.334810126582276,13.973839662447258,15.143291139240509,3.271033362019242,4.535443037974683,79.0,red
Chatham,River North,56.424305555555556,30.359027777777772,28.58958333333334,1.9931772468239402,12.987499999999999,24.0,green
Chatham,Riverdale,70.38333333333334,19.1156862745098,19.89764705882353,3.886526471627668,8.723529411764707,17.0,red
Chatham,Roseland,39.803030303030305,14.368989898989899,15.876969696969699,2.8927471845638153,4.253333333333334,165.0,red
Chatham,South Chicago,42.61633986928105,13.721241830065361,14.31764705882353,3.2914202811748203,3.3529411764705883,51.0,red
Chatham,South Deering,34.310683760683766,12.70897435897436,15.839743589743593,2.72275814384107,3.176923076923077,39.0,orange
Chatham,South Shore,37.77508417508418,13.863215488215488,15.029141414141415,2.909533318902174,3.4449494949494945,198.0,red
Chatham,Streeterville,68.38269581056466,30.27240437158469,28.99502732240437,2.2789089640475146,13.200546448087433,183.0,yellow
Chatham,United Center,69.92999999999999,34.62777777777778,27.11766666666667,2.1680399872436733,11.733333333333333,30.0,yellow
Chatham,Washington Heights,34.82978810105949,10.346780766096169,13.456625916870413,3.4135549825053926,2.3809290953545235,409.0,red
Chatham,Washington Park,32.3084229390681,12.292652329749105,15.081075268817203,2.647496856083566,3.934408602150538,93.0,orange
Chatham,West Lawn,67.89999999999999,28.920833333333334,18.695,2.410153956706077,7.916666666666667,12.0,orange
Chatham,West Loop,63.56213991769547,29.858641975308643,29.093456790123458,2.34011403452992,11.280246913580246,81.0,yellow
Chatham,West Pullman,49.53968253968254,15.872619047619047,16.640238095238093,3.3046199248362664,5.445238095238095,42.0,red
Chatham,West Town,67.43333333333334,29.533333333333335,21.9,2.283295711060948,13.7,1.0,yellow
Chatham,Woodlawn,35.138999999999996,14.285333333333334,16.020400000000002,2.551793251423911,3.781999999999999,50.0,orange
Chicago Lawn,Archer Heights,54.783333333333324,17.566666666666666,17.86,3.1435034237184665,4.380000000000001,10.0,red
Chicago Lawn,Ashburn,35.79119047619048,10.942857142857143,16.154428571428575,3.453050268056344,3.0885714285714285,70.0,red
Chicago Lawn,Auburn Gresham,35.496022727272724,14.771969696969698,13.77818181818182,2.601932236885062,3.814772727272727,88.0,orange
Chicago Lawn,Austin,88.40128205128205,37.437179487179485,33.03923076923077,2.3794252376730785,12.223076923076924,13.0,orange
Chicago Lawn,Avalon Park,61.88333333333334,26.038541666666664,24.54125,2.3979741978373363,7.543749999999999,16.0,orange
Chicago Lawn,Bridgeport,36.86666666666666,22.606666666666666,18.1085,1.632705745607246,6.609999999999999,20.0,green
Chicago Lawn,Brighton Park,28.133333333333333,10.683333333333334,9.41,2.6333853354134162,2.5,1.0,orange
Chicago Lawn,Chatham,51.65,25.34166666666667,16.14,2.1588274506569904,5.2,2.0,yellow
Chicago Lawn,Chicago Lawn,17.2,8.530172413793103,12.89603448275862,2.492082884134877,1.6034482758620692,58.0,orange
Chicago Lawn,Chinatown,51.06666666666667,26.95,17.655,1.8948670377241807,9.15,2.0,green
Chicago Lawn,Edgewater,90.81666666666666,34.666666666666664,36.72,2.6197115384615386,19.2,1.0,orange
Chicago Lawn,Englewood,31.018410852713174,13.203488372093027,5.761860465116279,2.407163993269731,3.2872093023255804,86.0,orange
Chicago Lawn,Gage Park,21.387962962962963,10.886111111111111,12.715555555555556,2.0554139433043646,2.1666666666666665,18.0,yellow
Chicago Lawn,Garfield Ridge,35.827631578947376,14.951754385964911,22.21513157894737,2.482370027131153,3.652631578947368,76.0,orange
Chicago Lawn,Grand Crossing,32.94111111111111,14.891666666666667,15.443666666666667,2.2180109368032084,3.746666666666667,30.0,yellow
Chicago Lawn,Grant Park,59.483870967741936,42.56129032258064,33.225161290322575,1.418589500080386,12.477419354838712,31.0,green
Chicago Lawn,Humboldt Park,68.89166666666667,38.641666666666666,26.985,1.7805174228921063,9.4,2.0,green
Chicago Lawn,Hyde Park,54.94677419354838,25.923387096774192,22.861774193548392,2.1462595365125563,6.716129032258066,62.0,yellow
Chicago Lawn,Kenwood,51.00833333333334,23.95,20.7225,2.1323358792902782,7.375,4.0,yellow
Chicago Lawn,"Little Italy, UIC",58.87619047619047,33.80317460317461,23.374603174603173,1.7881567252666586,8.392063492063492,63.0,green
Chicago Lawn,Little Village,44.16,17.323333333333334,16.432,2.65320586824751,4.86,5.0,orange
Chicago Lawn,Loop,59.23452380952381,34.05119047619048,27.390238095238093,1.7928775909047516,11.942857142857145,42.0,green
Chicago Lawn,Lower West Side,40.75,29.583333333333336,15.105,1.551839733962669,8.600000000000001,2.0,green
Chicago Lawn,Mckinley Park,36.207142857142856,18.96507936507937,17.322380952380954,1.955229631360099,5.095238095238095,21.0,green
Chicago Lawn,Museum Campus,71.20942028985507,26.778985507246375,24.156521739130437,2.689942227865278,9.678260869565218,23.0,orange
Chicago Lawn,New City,26.893689320388347,10.164239482200646,13.210194174757282,2.8090801740361035,2.355339805825243,103.0,red
Chicago Lawn,North Lawndale,65.16666666666667,24.2,18.7,2.6928374655647387,8.0,1.0,orange
Chicago Lawn,Old Town,61.95,39.75,25.36,1.558490566037736,12.5,1.0,green
Chicago Lawn,River North,74.91666666666667,38.06666666666666,32.87599999999999,2.0061838232300766,12.819999999999999,5.0,green
Chicago Lawn,Roseland,57.4,29.633333333333333,31.61,1.937007874015748,9.3,1.0,green
Chicago Lawn,South Chicago,65.43333333333334,28.516666666666666,26.23,2.294564582115722,8.4,1.0,yellow
Chicago Lawn,South Shore,68.1375,29.822916666666668,24.21875,2.3139016745647907,6.862500000000001,8.0,yellow
Chicago Lawn,Streeterville,67.09541666666665,37.111666666666665,32.6755,1.8367910300648387,13.7075,40.0,green
Chicago Lawn,United Center,45.68333333333333,30.808333333333337,24.12,1.5417900841988028,7.75,2.0,green
Chicago Lawn,Washington Park,31.3,14.791666666666668,12.635,2.1221352177234527,4.15,2.0,yellow
Chicago Lawn,West Elsdon,26.05,16.831481481481482,13.71222222222222,1.697471841136878,3.0777777777777775,9.0,green
Chicago Lawn,West Lawn,21.287943262411346,11.773758865248228,15.90595744680851,1.855486668899014,2.1914893617021276,47.0,green
Chicago Lawn,West Loop,65.04803921568627,33.49607843137255,28.172156862745098,2.0292142586369084,10.77450980392157,51.0,yellow
Chicago Lawn,West Pullman,72.62916666666666,27.16875,23.166249999999998,2.714984326304847,8.4375,8.0,orange
Chicago Lawn,Wicker Park,63.61666666666667,31.95,23.08,1.99113197704747,9.9,1.0,green
Chinatown,Avondale,48.51527777777778,26.07777777777778,31.325833333333335,1.8893227179989964,8.641666666666667,12.0,green
Chinatown,Bridgeport,23.12864583333333,8.244270833333333,12.131874999999999,3.011177852588921,2.146875,32.0,red
Chinatown,Douglas,21.85196078431373,7.4050980392156855,10.092117647058826,3.017380033186894,1.736470588235294,85.0,red
Chinatown,East Village,42.21666666666667,12.420833333333334,17.605,4.072008086846652,5.025,4.0,red
Chinatown,Englewood,64.56666666666666,16.308333333333334,16.23,3.883955398238359,8.95,2.0,red
Chinatown,Garfield Ridge,57.79567901234568,25.20054869684499,40.38135802469136,2.440407206715385,9.598765432098766,243.0,orange
Chinatown,Gold Coast,27.922777777777775,20.105000000000008,21.073666666666668,1.4363234299031507,5.03,60.0,green
Chinatown,Grand Boulevard,41.233333333333334,15.0125,20.747500000000002,3.1538636337321124,4.625,4.0,red
Chinatown,Grand Crossing,44.43333333333333,25.799999999999997,21.71,1.7243205029857256,7.8,2.0,green
Chinatown,Grant Park,26.041895753276187,9.590201005025126,15.034247709133904,2.7847723160037856,1.9173219036358264,3383.0,red
Chinatown,Hermosa,79.61666666666666,22.133333333333333,30.41,3.5971385542168672,9.8,1.0,red
Chinatown,Hyde Park,46.562088815789465,15.498629385964911,17.82517269736842,3.0494163254591733,6.291858552631579,1216.0,red
Chinatown,Irving Park,57.06666666666668,18.92666666666667,25.466,3.0604260102420575,9.2,5.0,red
Chinatown,Kenwood,47.70434782608695,11.985144927536233,17.0604347826087,4.174483358984407,5.386956521739131,46.0,red
Chinatown,Lake View,46.788333333333334,27.156666666666666,21.785,1.834817919586472,8.690000000000001,10.0,green
Chinatown,Lincoln Park,40.9,24.67006802721088,17.096122448979592,1.6623950977204562,6.533673469387755,196.0,green
Chinatown,"Little Italy, UIC",34.057547169811336,12.093710691823897,13.166603773584907,2.9865444001489845,2.5754716981132075,53.0,red
Chinatown,Logan Square,52.11587301587302,23.40952380952381,24.068571428571428,2.441130885929702,7.78095238095238,21.0,orange
Chinatown,Loop,23.95738353454744,13.51453345610804,17.346002660118685,1.7887702049759586,2.8593718027419683,9774.0,green
Chinatown,Lower West Side,18.976208651399492,5.860687022900764,11.102328244274808,3.433371395273451,1.2442748091603053,262.0,red
Chinatown,Mckinley Park,29.416666666666668,12.283333333333333,16.26,2.3955893186003685,3.1500000000000004,2.0,orange
Chinatown,Museum Campus,21.871785933975808,8.827356298270795,14.492253434488415,2.579916431528174,1.6470371129792907,4877.0,orange
Chinatown,Near South Side,18.03298992673993,6.801694139194139,15.335920329670332,2.7155860220909345,1.0982142857142858,728.0,orange
Chinatown,New City,35.266666666666666,16.054166666666667,12.135000000000002,2.343471394999578,6.075,4.0,yellow
Chinatown,North Center,57.733333333333334,30.645833333333336,30.6325,1.9568541676069182,9.0,4.0,green
Chinatown,O'Hare,87.88333333333334,48.91150793650794,65.48476190476191,1.8415065224432428,21.45714285714286,42.0,green
Chinatown,Old Town,37.36666666666667,26.783333333333335,19.456666666666667,1.512585704140953,4.666666666666667,3.0,green
Chinatown,Portage Park,60.8,28.026666666666664,28.714000000000006,2.3201605796809828,12.200000000000001,5.0,yellow
Chinatown,River North,24.158543705993473,17.95325862957238,21.796893353941268,1.3880102465532245,3.654095826893354,3882.0,green
Chinatown,Rogers Park,64.3,35.300000000000004,29.896666666666665,1.9040771685542677,13.4,3.0,green
Chinatown,Roseland,43.15,25.29583333333333,25.535000000000004,1.7117793003070791,10.95,4.0,green
Chinatown,Rush & Division,27.050000000000004,21.41923076923077,21.127692307692307,1.2845595890803667,3.8615384615384625,13.0,green
Chinatown,South Shore,46.78333333333333,20.15,14.18,2.3217535153019027,8.5,1.0,yellow
Chinatown,Streeterville,35.353863376028315,20.18657711131938,22.65312089971884,1.7881107782540115,3.812277413308341,3201.0,green
Chinatown,Ukrainian Village,48.81666666666667,15.926190476190474,18.01571428571429,3.1081944070382392,5.428571428571429,7.0,red
Chinatown,Uptown,54.11071428571428,25.839880952380952,24.80071428571429,2.121410531504888,10.235714285714286,28.0,yellow
Chinatown,West Loop,32.98342566943675,11.45986677219364,15.754222398100513,2.957333243616844,2.688326078353779,2527.0,red
Chinatown,West Ridge,76.42222222222222,33.55,29.563333333333333,2.3055888707899728,13.366666666666667,3.0,yellow
Chinatown,West Town,34.36666666666667,15.774000000000001,18.0328,2.38822726647481,3.8760000000000003,25.0,orange
Chinatown,Wicker Park,51.35,21.941666666666666,22.46,2.3792726920775706,6.5,2.0,orange
Chinatown,Woodlawn,44.24731182795699,16.418548387096774,18.671451612903226,2.731916708946686,7.074193548387096,62.0,orange
Clearing,Auburn Gresham,45.6,15.9,0.0,2.8679245283018866,6.4,1.0,red
Clearing,Brighton Park,41.35,20.916666666666668,27.895,1.9768924302788844,5.55,2.0,green
Clearing,Gage Park,39.85,16.520634920634922,15.269523809523808,2.4193488217664316,4.571428571428571,21.0,orange
Clearing,Garfield Park,80.78333333333333,37.675,28.104999999999997,2.1822210645178224,8.85,4.0,yellow
Clearing,Garfield Ridge,28.812878787878788,8.574242424242424,15.038636363636362,3.5273942035040573,2.4318181818181817,22.0,red
Clearing,Loop,52.23333333333334,47.955555555555556,36.379999999999995,1.1666187966088217,14.35,6.0,green
Clearing,Near South Side,62.71666666666667,32.22777777777778,23.65222222222222,1.9906427775566253,11.399999999999999,9.0,green
Clearing,United Center,79.25,23.683333333333334,23.73,3.346235045742435,10.6,1.0,red
Douglas,Armour Square,24.55909090909091,8.562121212121212,11.498181818181818,3.001722712427871,1.6,11.0,red
Douglas,Ashburn,59.983333333333334,52.06666666666667,27.47,1.1520486555697822,12.4,1.0,green
Douglas,Auburn Gresham,58.044999999999995,31.44166666666667,27.743999999999993,1.9882147420768814,8.37,10.0,green
Douglas,Austin,68.60555555555555,26.452777777777776,10.932777777777778,2.647784374460285,10.838888888888889,18.0,orange
Douglas,Belmont Cragin,88.6,28.5,29.93,3.1087719298245613,14.9,1.0,red
Douglas,Boystown,57.71666666666667,32.6125,29.612499999999997,1.8427947512716523,9.075,4.0,green
Douglas,Bridgeport,32.692105263157885,12.825438596491228,13.67578947368421,2.536521376404867,2.663157894736842,19.0,orange
Douglas,Brighton Park,44.233333333333334,20.958333333333336,23.42375,2.116003651257182,5.2125,8.0,yellow
Douglas,Bucktown,70.13333333333334,32.21363636363636,23.76090909090909,2.374035161384101,9.136363636363637,11.0,orange
Douglas,Chatham,43.37142857142857,17.55079365079365,21.128095238095238,2.51773033214255,7.909523809523811,21.0,orange
Douglas,Chinatown,22.81621621621622,6.8844594594594595,9.492702702702703,3.4030364578093115,1.587837837837838,74.0,red
Douglas,Douglas,17.091831140350877,5.97044956140351,9.249144736842105,2.995206995713887,1.1898026315789476,304.0,red
Douglas,East Village,86.06666666666666,24.5,21.06,3.512925170068027,6.8,1.0,red
Douglas,Englewood,41.05,12.326666666666668,5.992,3.3405704509897283,5.3,5.0,red
Douglas,Fuller Park,27.85,7.9541666666666675,10.897499999999999,3.5094495102253247,2.05,4.0,red
Douglas,Gage Park,49.75,20.641666666666666,22.3875,2.416430881539486,7.3,4.0,orange
Douglas,Garfield Ridge,72.44423076923077,25.216346153846153,35.896153846153844,2.948390564604107,10.828846153846152,52.0,red
Douglas,Gold Coast,50.416666666666664,26.676315789473687,13.863684210526314,1.9115959071351467,7.152631578947367,19.0,green
Douglas,Grand Boulevard,21.308333333333334,9.76474358974359,13.708461538461538,2.267178986595206,2.9076923076923076,26.0,yellow
Douglas,Grand Crossing,33.15,17.2625,22.4875,1.9427649015219546,4.237500000000001,8.0,green
Douglas,Grant Park,38.81756756756757,15.85135135135135,19.118108108108107,2.5645053075545214,3.467567567567568,37.0,orange
Douglas,Humboldt Park,75.20694444444445,26.559722222222224,23.765833333333333,2.994492985712268,9.075000000000001,12.0,red
Douglas,Hyde Park,31.229230769230774,12.21923076923077,15.427846153846152,2.6168963163881047,3.575384615384615,65.0,orange
Douglas,Irving Park,76.91666666666667,36.93666666666666,22.766000000000002,2.38989676269845,15.66,5.0,orange
Douglas,Jackson Park,48.46666666666667,27.866666666666667,31.23,1.7392344497607657,6.5,1.0,green
Douglas,Kenwood,30.802666666666667,10.193333333333333,14.168400000000002,3.2745280916479675,3.3240000000000003,25.0,red
Douglas,Lake View,68.51666666666668,28.03,28.387999999999998,2.513087019722351,9.96,5.0,orange
Douglas,Lincoln Park,51.44,28.55333333333333,27.369999999999997,1.8456472489132694,7.919999999999999,5.0,green
Douglas,"Little Italy, UIC",53.034108527131785,18.537596899224805,19.409767441860463,3.013379933134502,5.433720930232559,86.0,red
Douglas,Little Village,45.73333333333334,18.809166666666666,15.242999999999999,2.4370917111969597,5.9625,40.0,orange
Douglas,Logan Square,65.68333333333334,39.32333333333334,25.324000000000005,1.9752533673134347,10.120000000000001,5.0,green
Douglas,Loop,40.88009845288327,17.318203737191077,18.17368896925859,2.3706253044059507,4.237914406268837,1659.0,orange
Douglas,Lower West Side,38.787499999999994,9.479166666666666,12.996250000000002,4.171588259901062,3.8625,8.0,red
Douglas,Mckinley Park,35.18333333333333,11.083333333333334,11.036666666666667,3.1956608681697722,2.7000000000000006,3.0,red
Douglas,Museum Campus,25.81996913580247,8.027530864197532,11.464388888888887,3.3989608342958397,1.942962962962963,540.0,red
Douglas,Near South Side,15.49204545454545,7.657575757575756,12.225568181818183,2.0946118634279802,1.7113636363636362,88.0,yellow
Douglas,New City,45.25,10.338888888888889,18.73,4.405743913614206,2.7000000000000006,3.0,red
Douglas,North Center,79.61666666666666,48.55,48.43,1.6398901476141434,11.3,1.0,green
Douglas,North Lawndale,51.48333333333334,19.641666666666666,18.560000000000002,2.6452474717584296,6.133333333333334,6.0,orange
Douglas,O'Hare,113.86666666666665,36.96466666666666,52.39160000000001,3.1219400623354163,21.56,25.0,red
Douglas,Oakland,19.408333333333335,9.545833333333333,11.583333333333334,2.348423566330997,1.8833333333333335,12.0,orange
Douglas,Old Town,53.86969696969697,30.265151515151512,28.05727272727273,1.9112104388726088,6.818181818181818,11.0,green
Douglas,Pullman,83.2047619047619,18.316666666666666,26.092857142857138,4.5962179320937935,11.77142857142857,7.0,red
Douglas,River North,47.44339339339341,19.285660660660657,22.124459459459455,2.5330031469360557,5.49099099099099,222.0,orange
Douglas,Roseland,53.427777777777784,19.927777777777777,19.603333333333335,2.874737412335613,9.6,6.0,red
Douglas,Rush & Division,31.3,21.855555555555554,28.396666666666665,1.4610694229165808,5.733333333333333,3.0,green
Douglas,Sheffield & DePaul,59.208333333333336,29.193333333333335,25.006,2.139952510371116,8.29,10.0,yellow
Douglas,South Deering,65.33333333333333,27.316666666666666,29.596666666666668,2.4142506758923443,10.033333333333333,9.0,orange
Douglas,South Shore,63.055263157894736,23.287719298245616,19.511578947368424,2.971171420556527,7.1157894736842096,19.0,red
Douglas,Streeterville,43.16583652618136,18.0360153256705,18.858045977011493,2.42100714183331,5.42183908045977,261.0,orange
Douglas,Ukrainian Village,55.05,17.616666666666667,18.73,3.12488174077578,7.3,1.0,red
Douglas,United Center,55.1520325203252,22.350406504065045,23.854634146341464,2.4870071178183544,6.302439024390243,41.0,orange
Douglas,Uptown,67.86764705882354,26.728431372549018,23.735882352941175,2.6074106297761452,11.923529411764704,17.0,orange
Douglas,Washington Heights,56.68333333333333,14.85,18.73,3.8170594837261502,10.3,1.0,red
Douglas,Washington Park,31.958333333333336,13.479166666666666,14.905000000000001,2.4379273064789286,3.9749999999999996,4.0,orange
Douglas,West Loop,37.99572879330944,14.835304659498211,17.37516129032258,2.6343753582977545,4.3741935483870975,558.0,orange
Douglas,West Town,58.708333333333336,23.630555555555556,24.2,2.515649394824477,6.966666666666668,6.0,orange
Douglas,Wicker Park,69.14166666666668,20.22833333333333,20.456,3.673806149551075,8.629999999999999,10.0,red
Douglas,Woodlawn,33.715555555555554,17.93611111111111,17.636666666666667,1.9807552797093104,4.97,30.0,green
Douglas,Wrigleyville,71.68333333333334,22.716666666666665,23.73,3.1555392516507705,10.1,1.0,red
Dunning,,47.6,11.0,16.23,4.327272727272727,3.6,1.0,red
Dunning,Auburn Gresham,122.38333333333334,44.233333333333334,41.23,2.766767143933685,23.1,1.0,red
Dunning,Avondale,49.016666666666666,22.366666666666667,18.73,2.19150521609538,5.3,1.0,yellow
Dunning,Belmont Cragin,22.901851851851852,8.098148148148148,8.66,2.777754004691828,1.6222222222222222,9.0,red
Dunning,Dunning,26.470689655172418,9.373563218390807,11.561206896551726,3.024087666771397,1.6758620689655173,58.0,red
Dunning,Edgewater,79.28333333333333,39.672222222222224,28.150000000000002,2.024883866479651,8.666666666666666,3.0,yellow
Dunning,Grant Park,69.81666666666666,49.28888888888889,40.903333333333336,1.4512955886716885,12.633333333333333,3.0,green
Dunning,Humboldt Park,49.516666666666666,27.61904761904762,17.65857142857143,1.8053700818496503,5.128571428571429,7.0,green
Dunning,Irving Park,44.083333333333336,25.3,9.93,1.7424242424242424,6.7,1.0,green
Dunning,Jefferson Park,44.44444444444445,14.383333333333333,19.580000000000002,3.137465870810029,4.2,3.0,red
Dunning,Lake View,64.51666666666668,33.38333333333333,16.54,1.9421968358158717,7.75,2.0,green
Dunning,Lincoln Park,66.43333333333334,33.06666666666667,23.73,2.009072580645161,7.9,1.0,green
Dunning,"Little Italy, UIC",78.08333333333333,39.03787878787879,27.635454545454547,2.235719872900985,11.3,22.0,yellow
Dunning,Logan Square,56.95,26.7,25.52,2.1329588014981273,6.1,1.0,yellow
Dunning,Loop,73.19487179487179,47.33846153846154,33.973846153846154,1.5784882756519734,12.8,13.0,green
Dunning,Montclare,25.866666666666664,7.507232704402516,10.145849056603774,3.4652265826530315,1.579245283018868,53.0,red
Dunning,North Center,52.016666666666666,32.733333333333334,14.57,1.5891038696537678,7.2,1.0,green
Dunning,Norwood Park,24.25,10.883333333333333,16.23,2.228177641653905,2.8,1.0,yellow
Dunning,O'Hare,35.862647754137114,9.955200945626476,12.554113475177306,3.5672413496550295,2.983687943262411,141.0,red
Dunning,Portage Park,19.223809523809525,7.697619047619049,9.684285714285716,2.6498753457497637,1.842857142857143,7.0,orange
Dunning,River North,76.42222222222223,27.305555555555557,26.310000000000002,2.879518868156025,12.6,3.0,red
Dunning,Sheffield & DePaul,75.16666666666667,33.575,21.02,2.2387689252916356,9.1,2.0,yellow
Dunning,Streeterville,82.3,35.75555555555555,32.17333333333333,2.327904662174745,11.799999999999999,3.0,yellow
Dunning,Uptown,67.13636363636364,38.97727272727273,26.838181818181816,1.7450772500480765,8.118181818181817,11.0,green
Dunning,West Loop,79.46111111111112,37.237037037037034,29.57444444444444,2.1843059686579602,11.08888888888889,9.0,yellow
Dunning,West Town,72.1,44.71,29.351999999999997,1.6161685394800287,11.44,5.0,green
Dunning,Wicker Park,52.083333333333336,31.4,16.32,1.6587048832271765,7.8,1.0,green
East Side,East Side,49.4,1.7,8.73,29.058823529411764,0.4,1.0,red
East Side,Streeterville,70.46666666666667,33.75,51.19,2.087901234567901,16.9,1.0,yellow
East Village,Andersonville,53.333333333333336,34.31333333333333,30.389999999999997,1.5636904676600683,5.86,5.0,green
East Village,Armour Square,49.583333333333336,12.716666666666667,32.73,3.8990825688073394,6.3,1.0,red
East Village,Avondale,42.71666666666666,20.164285714285715,28.425714285714285,2.424110711380012,4.328571428571429,7.0,orange
East Village,Boystown,49.03777777777778,34.70333333333333,27.767333333333333,1.4753633094942293,4.766666666666667,15.0,green
East Village,Bridgeport,51.28333333333333,16.883333333333333,16.08,3.03751233958539,7.1,1.0,red
East Village,Bucktown,24.185845588235292,10.718014705882354,15.22786764705883,2.2905245270150485,1.9279411764705885,272.0,yellow
East Village,East Village,6.833333333333333,4.654166666666668,9.635833333333334,1.5050992680862612,0.7583333333333334,12.0,green
East Village,Edgewater,54.10416666666667,32.213541666666664,28.966875,1.697352691251839,7.55,16.0,green
East Village,Edison Park,64.06666666666666,20.383333333333333,29.85,3.1629877819043006,11.55,2.0,red
East Village,Fuller Park,60.71666666666667,18.416666666666668,18.73,3.29683257918552,8.8,1.0,red
East Village,Garfield Ridge,77.08407821229052,34.50893854748604,48.89536312849161,2.3350595155571168,12.813966480446926,179.0,yellow
East Village,Gold Coast,32.619230769230775,12.439102564102566,13.474230769230768,2.7500578739784833,2.338461538461539,26.0,orange
East Village,Grant Park,39.38357487922705,15.494444444444445,21.15608695652174,2.614647316210368,4.121739130434782,69.0,orange
East Village,Humboldt Park,33.78333333333333,17.483333333333334,12.55,1.9323164918970446,2.5,1.0,green
East Village,Jefferson Park,45.61666666666667,30.683333333333334,30.23,1.4866920152091254,8.1,1.0,green
East Village,Lake View,42.64078282828283,20.729608585858582,19.891136363636363,2.1227735118659337,4.075,264.0,yellow
East Village,Lincoln Park,35.29924039320824,15.767783735478105,16.78560321715818,2.286149240654224,2.9195710455764075,373.0,yellow
East Village,Lincoln Square,57.34861111111112,28.3125,27.408333333333335,2.0461997235406453,6.233333333333333,12.0,yellow
East Village,"Little Italy, UIC",23.632642089093704,12.982872503840248,16.90953917050691,1.8469433489901323,2.5308755760368666,217.0,green
East Village,Logan Square,32.373643410852715,13.23449612403101,14.97139534883721,2.6355468176601637,2.7418604651162792,43.0,orange
East Village,Loop,31.993544382371194,15.578346782536725,19.728063314711363,2.107410488098707,3.239375129319263,4833.0,yellow
East Village,Lower West Side,31.04444444444444,15.335555555555555,21.502000000000002,2.095541601734666,3.873333333333333,15.0,yellow
East Village,Mckinley Park,31.883333333333333,16.616666666666667,29.29,1.9187562688064193,7.6,1.0,green
East Village,Museum Campus,61.22610062893082,16.289308176100633,18.99188679245283,3.963617848133587,5.535849056603774,53.0,red
East Village,North Center,38.20268817204301,20.624731182795696,20.524838709677418,1.9244787259832712,4.519354838709677,31.0,green
East Village,North Lawndale,47.21666666666667,13.541666666666668,17.314999999999998,3.4867705512030494,4.1,2.0,red
East Village,O'Hare,68.05336194563664,35.56008583690987,52.05107296137341,2.054066517448091,16.239484978540773,466.0,yellow
East Village,Oakland,65.5,17.866666666666667,21.22,3.666044776119403,8.8,1.0,red
East Village,Old Town,24.744112318840585,15.09411231884058,17.78445652173913,1.6503533502213907,2.536413043478261,184.0,green
East Village,River North,25.472549724418883,11.526563623292596,15.804996405463696,2.2868049536993746,2.3892163910855495,1391.0,yellow
East Village,Rogers Park,58.666666666666664,28.633333333333333,23.3,2.0488940628637953,10.5,1.0,yellow
East Village,Rush & Division,29.081060606060603,14.338131313131315,17.595909090909092,2.076910493100626,2.7863636363636357,66.0,yellow
East Village,Sheffield & DePaul,34.434615384615384,15.546153846153846,18.127692307692307,2.2993005908599304,2.776923076923077,13.0,yellow
East Village,Streeterville,37.56192528735632,16.381273946360153,18.98505747126437,2.3413572954991473,3.318390804597701,348.0,yellow
East Village,Ukrainian Village,12.216666666666663,4.761805555555555,9.056666666666668,2.67073313096769,0.9374999999999999,24.0,orange
East Village,United Center,17.85456989247312,8.72983870967742,14.178655913978496,2.0827182200817456,1.7263440860215056,186.0,yellow
East Village,Uptown,50.338888888888896,26.41944444444444,25.519166666666667,1.9196009508214253,5.4750000000000005,12.0,green
East Village,West Loop,26.56650831353919,10.706208762206385,16.121243072050675,2.513883315898918,2.27472288202692,5052.0,orange
East Village,West Town,16.630037664783426,7.5817325800376665,12.452372881355933,2.4287581561269187,1.4220338983050849,177.0,orange
East Village,Wicker Park,15.98761384335155,7.69471766848816,14.51639344262295,2.2985033218886484,1.2338797814207652,183.0,yellow
East Village,Wrigleyville,42.981818181818184,27.961616161616163,25.833333333333332,1.7169907305191898,4.1000000000000005,33.0,green
Edgewater,Albany Park,38.20392156862745,16.978431372549018,17.944117647058825,2.262340108157061,3.7411764705882353,17.0,yellow
Edgewater,Andersonville,17.56261111111111,8.641833333333336,11.0742,2.1490291123231398,1.3416666666666668,300.0,yellow
Edgewater,Austin,87.43333333333334,53.333333333333336,33.73,1.639375,10.8,1.0,green
Edgewater,Avondale,57.32916666666666,23.831944444444446,20.225833333333334,2.4645678598067104,6.175,12.0,orange
Edgewater,Belmont Cragin,60.46666666666667,35.43333333333333,27.74,1.706491063029163,7.8,1.0,green
Edgewater,Boystown,32.52182539682539,12.183333333333334,14.74202380952381,2.790887827620184,3.733333333333333,84.0,red
Edgewater,Bridgeport,59.06666666666667,24.075000000000003,24.31,2.457899421835435,13.55,2.0,orange
Edgewater,Bucktown,47.96466666666667,27.534000000000002,22.226000000000003,1.8146994944297512,6.756,25.0,green
Edgewater,Chicago Lawn,84.66666666666667,36.041666666666664,42.48,2.3491329479768788,19.1,2.0,orange
Edgewater,Douglas,69.18333333333334,26.633333333333333,32.599999999999994,2.6096154640452687,11.6,2.0,orange
Edgewater,East Village,42.75,23.916666666666668,18.23,1.7874564459930313,6.2,1.0,green
Edgewater,Edgewater,15.036175710594314,6.62609819121447,9.638410852713179,2.405878037372478,1.0089147286821707,258.0,orange
Edgewater,Garfield Ridge,90.60490196078432,40.28954248366013,61.0350980392157,2.3048244711069383,20.57450980392157,51.0,yellow
Edgewater,Gold Coast,38.154761904761905,13.607142857142858,18.993809523809524,2.8814922187686522,6.485714285714285,21.0,red
Edgewater,Grant Park,50.5475,22.8675,24.3485,2.2986480070517756,9.055,40.0,yellow
Edgewater,Humboldt Park,63.82666666666667,32.93333333333334,30.866000000000003,2.0225844215129665,9.15,10.0,yellow
Edgewater,Hyde Park,76.66666666666667,30.116666666666667,41.73,2.5456557830658553,17.2,1.0,orange
Edgewater,Irving Park,49.69761904761905,25.542857142857144,20.882857142857144,1.995787231823687,5.414285714285714,7.0,green
Edgewater,Jefferson Park,55.40454545454545,27.795454545454547,25.326363636363638,2.0139258169010392,6.3,11.0,green
Edgewater,Lake View,33.29272575250836,15.890105908584168,15.995384615384616,2.234079291177937,4.096655518394649,598.0,yellow
Edgewater,Lincoln Park,40.69351851851852,18.84814814814815,19.688333333333333,2.2731482368135456,5.890277777777778,72.0,yellow
Edgewater,Lincoln Square,32.83592132505177,14.440372670807454,14.859316770186338,2.499347014209997,2.698136645962733,161.0,orange
Edgewater,"Little Italy, UIC",72.45364583333333,39.99791666666667,33.523125,1.9151398194610754,11.8375,32.0,green
Edgewater,Logan Square,60.84824561403508,32.8640350877193,26.766052631578944,1.910946156215024,7.276315789473684,38.0,green
Edgewater,Loop,50.80681277607883,27.214814814814815,29.07824668705403,1.8995908001155766,9.377319062181448,1962.0,green
Edgewater,Museum Campus,66.96666666666668,23.43148148148148,25.775555555555556,2.8951559974516794,10.588888888888889,9.0,red
Edgewater,Near South Side,64.68333333333334,30.720370370370365,32.71444444444444,2.177290539645129,11.933333333333334,9.0,yellow
Edgewater,North Center,45.33166666666666,20.1175,19.944000000000003,2.309860720587944,4.654999999999999,20.0,yellow
Edgewater,North Park,32.66666666666666,17.123148148148147,18.571666666666673,1.9269771898337105,3.5666666666666678,18.0,green
Edgewater,Norwood Park,65.75,36.1,23.29,1.8213296398891965,10.0,1.0,green
Edgewater,O'Hare,93.40212925851705,43.46751002004008,56.59865230460921,2.185140843499412,14.366432865731461,1996.0,yellow
Edgewater,Old Town,39.68958333333333,13.85277777777778,19.77791666666667,3.0153106493745465,6.308333333333334,24.0,red
Edgewater,Portage Park,59.7,42.650000000000006,26.855,1.4493743477555614,7.1,2.0,green
Edgewater,River North,40.045138888888886,22.237461419753085,25.022986111111113,1.861363964040967,7.702777777777778,432.0,green
Edgewater,Rogers Park,19.751084812623276,8.82707100591716,10.64242603550296,2.452945560949833,1.629881656804734,338.0,orange
Edgewater,Rush & Division,43.95000000000001,12.422222222222222,17.031666666666666,3.554153097105022,7.233333333333333,6.0,red
Edgewater,Sheffield & DePaul,41.73555555555556,20.717777777777776,23.334,2.0833485336402178,5.866666666666668,15.0,yellow
Edgewater,Streeterville,36.51226682887267,20.55946877534469,23.291557177615573,1.8526898695900609,7.388077858880779,822.0,green
Edgewater,Ukrainian Village,66.46666666666667,37.95,25.77,1.7514273166447079,9.1,1.0,green
Edgewater,United Center,66.76666666666667,52.06666666666667,37.55,1.2823303457106272,11.7,1.0,green
Edgewater,Uptown,24.106852913085007,8.97232569245463,11.46595988538682,2.868470255466087,1.7071633237822352,698.0,red
Edgewater,Washington Heights,69.38333333333334,40.766666666666666,61.88,1.7019623875715455,21.1,1.0,green
Edgewater,West Loop,59.22434257285003,32.491435678749106,28.77961620469083,1.902733393090688,9.700426439232409,469.0,green
Edgewater,West Ridge,22.094827586206897,10.597290640394089,10.653497536945812,2.430789397023548,1.8004926108374384,203.0,orange
Edgewater,West Town,58.06470588235294,34.42058823529412,26.993529411764708,1.8240960232072496,8.729411764705883,17.0,green
Edgewater,Wicker Park,52.48666666666667,35.16400000000001,27.462800000000005,1.6602679442947406,8.244,25.0,green
Edgewater,Wrigleyville,25.686428571428568,16.568333333333335,16.603142857142853,1.6017915533669236,3.7614285714285716,70.0,green
Edison Park,Belmont Cragin,56.916666666666664,29.783333333333335,24.99,1.911024062674874,8.0,1.0,green
Edison Park,Irving Park,42.78333333333333,25.48611111111111,22.046666666666667,1.7935889774336138,6.3999999999999995,6.0,green
Edison Park,Lincoln Park,84.98333333333333,43.4,26.09,1.9581413210445469,11.3,1.0,green
Edison Park,Norwood Park,44.53557213930349,7.2450248756218905,13.12492537313433,6.318301623931616,2.025373134328358,67.0,red
Edison Park,O'Hare,82.33333333333333,15.05,16.23,5.470653377630121,4.9,1.0,red
Edison Park,River North,73.31666666666666,34.13333333333333,46.07,2.14794921875,13.1,1.0,yellow
Edison Park,"Sauganash,Forest Glen",69.55555555555554,12.219753086419754,18.982592592592592,5.92939727085376,4.474074074074075,27.0,red
Edison Park,Streeterville,88.4,23.95,23.73,3.691022964509395,14.6,1.0,red
Edison Park,West Ridge,75.78333333333333,23.008333333333333,16.95,3.2937341542919234,6.0,2.0,red
Edison Park,Wicker Park,67.13333333333334,34.88333333333333,28.57,1.9245102723363594,12.7,1.0,green
Englewood,Archer Heights,48.55,22.754166666666666,23.73,2.1487386763940046,5.525,4.0,yellow
Englewood,Armour Square,29.640000000000004,9.376666666666667,15.342000000000002,3.1908335972356534,4.26,5.0,red
Englewood,Ashburn,46.99211469534049,15.843906810035845,19.171505376344086,3.0153698596417198,4.559139784946237,93.0,red
Englewood,Auburn Gresham,30.13548387096774,13.148924731182797,15.082580645161292,2.353589249116532,3.1354838709677417,62.0,orange
Englewood,Austin,79.85416666666666,29.737499999999997,35.605000000000004,2.796422226185949,12.700000000000001,4.0,red
Englewood,Avalon Park,49.340972222222234,17.968402777777776,18.394166666666667,3.0613075795215234,4.664583333333334,48.0,red
Englewood,Bucktown,76.63333333333334,34.5,22.05,2.2373567753491925,12.9,3.0,yellow
Englewood,Calumet Heights,63.96666666666667,19.933333333333334,16.23,3.209030100334448,5.5,1.0,red
Englewood,Chatham,40.922023809523814,11.744113756613755,10.282857142857143,3.652787931823622,3.2456349206349207,252.0,red
Englewood,Chicago Lawn,24.92566666666667,9.341166666666668,11.1197,2.8241810288487215,2.282,100.0,red
Englewood,Douglas,44.52166666666666,16.936666666666667,16.355,2.7333639966283543,5.4799999999999995,10.0,orange
Englewood,Englewood,16.679234972677598,7.403460837887067,10.992732240437158,2.718116746486372,1.4978142076502734,183.0,orange
Englewood,Fuller Park,29.05,8.494444444444445,10.183333333333332,3.42795285021225,3.1333333333333333,3.0,red
Englewood,Garfield Park,68.42500000000001,34.602777777777774,27.166666666666668,2.040069206628159,11.5,6.0,yellow
Englewood,Garfield Ridge,69.21666666666667,22.0,22.4,3.1462121212121215,6.3,1.0,red
Englewood,Grand Boulevard,40.86875,17.795833333333334,17.01875,2.4715920536521607,5.3,8.0,orange
Englewood,Grand Crossing,33.56639784946236,12.748387096774191,16.046774193548387,2.768534497107352,3.17258064516129,62.0,red
Englewood,Grant Park,42.49736842105264,24.34166666666667,27.593947368421052,1.8391646394647405,9.231578947368419,38.0,green
Englewood,Hyde Park,39.51347826086957,16.116956521739134,15.66313043478261,2.613917078850372,3.788695652173913,115.0,orange
Englewood,Jackson Park,30.875,11.274999999999999,16.235000000000003,2.7508079354029533,3.0500000000000003,6.0,orange
Englewood,Kenwood,62.84166666666667,16.27916666666667,18.95,4.413652483965865,5.1,4.0,red
Englewood,"Little Italy, UIC",64.28975694444445,31.693923611111114,19.736666666666665,2.1078522295927677,8.986458333333333,96.0,yellow
Englewood,Loop,51.21153846153846,28.371153846153845,22.25692307692308,2.117481437356638,9.296153846153846,26.0,yellow
Englewood,Lower West Side,57.620512820512815,22.458974358974363,26.366153846153846,2.6417693844386223,7.8076923076923075,13.0,orange
Englewood,Mckinley Park,43.19561403508772,13.68421052631579,19.25631578947369,3.207577691070497,4.947368421052632,19.0,red
Englewood,Morgan Park,60.809375,25.193749999999998,23.1453125,2.618312881961428,8.509374999999999,32.0,orange
Englewood,Museum Campus,61.11458333333333,17.891666666666666,17.695,3.4271021129818404,8.25,8.0,red
Englewood,Near South Side,42.016666666666666,14.883333333333333,15.98,2.823068309070549,6.7,2.0,red
Englewood,New City,27.52698412698413,7.290476190476191,8.52095238095238,3.8499440432226684,1.9333333333333338,21.0,red
Englewood,O'Hare,119.45555555555556,44.25,70.05333333333334,2.8569942346371513,26.899999999999995,3.0,red
Englewood,Pullman,72.38333333333334,27.160185185185185,23.836666666666666,2.6898670634299284,8.661111111111111,18.0,orange
Englewood,River North,52.49733333333334,28.304000000000002,31.3296,1.960811387894053,10.22,25.0,green
Englewood,Riverdale,74.56666666666666,26.57179487179487,25.929230769230767,2.8143432797263275,11.680769230769231,26.0,red
Englewood,Roseland,44.806,16.969111111111108,15.724,2.810017508749828,5.3759999999999994,75.0,red
Englewood,Sheffield & DePaul,54.01666666666667,42.01111111111111,26.713333333333335,1.2890141967944444,11.766666666666666,3.0,green
Englewood,South Shore,43.79814814814815,19.174338624338628,17.050158730158728,2.3614192681790325,4.285714285714286,63.0,orange
Englewood,Streeterville,50.09999999999999,30.22741935483871,31.513709677419353,1.6784292961840523,10.440322580645159,62.0,green
Englewood,United Center,58.27936507936507,29.326984126984126,19.934761904761906,2.0631579576012604,9.542857142857143,21.0,yellow
Englewood,Washington Heights,40.980555555555554,16.925,15.098333333333334,2.6286980522650225,4.783333333333334,6.0,orange
Englewood,Washington Park,33.18333333333333,26.691666666666666,29.54,2.6379380380594037,6.75,2.0,orange
Englewood,West Loop,55.70845771144278,22.223383084577115,20.321194029850744,2.5600442154905836,8.395522388059701,67.0,orange
Englewood,West Pullman,53.15,21.53888888888889,22.063333333333333,2.4906543202477063,7.866666666666667,3.0,orange
Englewood,West Town,55.4,24.75555555555555,22.896666666666665,2.2667042986493304,10.366666666666667,3.0,yellow
Englewood,Wicker Park,61.06666666666667,23.633333333333333,21.23,2.5839210155148096,10.8,1.0,orange
Englewood,Woodlawn,24.986419753086427,10.946296296296296,9.047037037037036,2.4403834602566428,2.614814814814815,27.0,orange
Fuller Park,Bridgeport,31.233333333333334,12.533333333333333,13.73,2.492021276595745,3.7,1.0,orange
Fuller Park,Burnside,45.5,18.416666666666668,23.73,2.4705882352941173,6.4,1.0,orange
Fuller Park,Chinatown,20.45,8.158333333333333,11.807500000000001,2.5325644378112226,4.125,4.0,orange
Fuller Park,Englewood,25.575641025641026,10.112820512820512,11.919230769230769,2.8922421040326665,2.846153846153846,13.0,red
Fuller Park,Fuller Park,8.133333333333333,11.5,13.73,0.7328619093324975,2.9,2.0,green
Fuller Park,Gage Park,48.166666666666664,14.633333333333333,21.23,3.2915717539863327,5.4,1.0,red
Fuller Park,Grand Boulevard,21.821212121212117,8.290909090909093,11.695454545454545,2.6793295362028107,2.063636363636364,11.0,orange
Fuller Park,Grand Crossing,26.916666666666668,10.771666666666668,13.081,2.541610354909376,2.46,10.0,orange
Fuller Park,Hyde Park,20.45035460992908,11.156737588652483,9.71340425531915,1.8983430598120503,2.3808510638297875,47.0,green
Fuller Park,Jackson Park,47.84166666666667,19.270833333333336,15.91,2.5803490815719914,4.55,4.0,orange
Fuller Park,Lake View,60.516666666666666,38.8,36.9,1.5597079037800687,12.8,1.0,green
Fuller Park,Museum Campus,48.01666666666666,12.780555555555557,16.085,3.8766474315144914,4.3500000000000005,6.0,red
Fuller Park,New City,33.21666666666667,8.049999999999999,11.926666666666668,4.495648469233428,2.266666666666667,3.0,red
Fuller Park,Pullman,54.65,19.7125,24.517500000000002,2.7971828699295376,8.175,4.0,red
Fuller Park,River North,46.65,20.983333333333334,53.23,2.223193010325655,7.2,1.0,yellow
Fuller Park,Roseland,42.766666666666666,13.34,17.776000000000003,3.2714896061862087,6.94,5.0,red
Fuller Park,South Shore,54.836274509803914,25.409803921568624,22.801176470588235,2.1554386130656287,6.429411764705883,17.0,yellow
Fuller Park,Streeterville,52.53333333333333,17.483333333333334,20.23,3.0047664442326023,6.6,1.0,red
Fuller Park,Washington Park,14.650000000000002,6.018367346938776,9.92265306122449,2.538643910091056,1.0265306122448978,49.0,orange
Fuller Park,Woodlawn,28.228030303030298,10.015909090909092,10.062727272727274,2.9271258392981365,2.411363636363637,88.0,red
Gage Park,Archer Heights,21.166666666666668,7.416666666666666,13.344999999999999,2.907791343656741,1.5499999999999998,4.0,red
Gage Park,Ashburn,46.96666666666667,18.819444444444446,15.503333333333336,2.8461139048921438,5.383333333333334,6.0,red
Gage Park,Brighton Park,21.535135135135135,9.461711711711713,12.60837837837838,2.8318199126300745,1.789189189189189,37.0,red
Gage Park,Chicago Lawn,21.975,7.916666666666666,10.945999999999998,3.365479927178338,1.4899999999999998,10.0,red
Gage Park,Clearing,46.56666666666667,14.005555555555555,15.466666666666669,3.34957662955155,4.333333333333333,3.0,red
Gage Park,Garfield Ridge,51.7,12.483333333333334,24.45375,4.169932570570033,3.1374999999999997,8.0,red
Gage Park,Grand Boulevard,47.916666666666664,20.85,18.73,2.298161470823341,5.5,1.0,yellow
Gage Park,Grand Crossing,53.416666666666664,15.2,18.73,3.5142543859649122,5.4,1.0,red
Gage Park,Lake View,74.73333333333332,39.57333333333334,35.412,1.8972418616167412,14.74,5.0,green
Gage Park,Lincoln Park,74.41666666666667,41.93333333333333,47.23,1.774642289348172,12.9,1.0,green
Gage Park,"Little Italy, UIC",43.42727272727272,27.63712121212121,22.77287878787879,1.6618800643859712,6.15,66.0,green
Gage Park,Little Village,41.800000000000004,28.041666666666668,18.621666666666666,1.5847873456001562,5.183333333333333,6.0,green
Gage Park,Loop,44.141056910569105,26.08577235772357,25.87707317073171,1.7275271637895606,9.121951219512194,41.0,green
Gage Park,Lower West Side,36.11773049645391,15.876595744680852,16.616382978723408,2.2503054620375234,4.525531914893617,47.0,yellow
Gage Park,North Lawndale,46.56666666666667,23.75,23.73,1.960701754385965,6.2,1.0,green
Gage Park,River North,62.74444444444445,24.505555555555556,20.23,2.5546528283985332,10.166666666666666,3.0,orange
Gage Park,Rogers Park,89.68333333333334,66.61666666666666,41.85,1.3462596947710785,19.8,1.0,green
Gage Park,Streeterville,60.52555555555556,36.62222222222223,30.895999999999997,1.7202701680076387,11.273333333333335,15.0,green
Gage Park,West Elsdon,14.766666666666667,5.338888888888889,11.646666666666668,2.8736083224839217,0.9166666666666665,6.0,red
Gage Park,West Lawn,41.583333333333336,18.36111111111111,17.217564102564104,2.2957397979476135,3.867948717948718,78.0,yellow
Gage Park,West Loop,60.63641975308642,29.13950617283951,27.5962962962963,2.1264325017988184,8.792592592592595,27.0,yellow
Gage Park,West Town,78.60000000000001,33.15833333333333,31.229999999999993,2.3780764625297537,8.750000000000002,6.0,orange
Galewood,Belmont Cragin,26.333333333333332,10.431034482758621,15.757931034482755,2.57177419792002,2.3413793103448275,29.0,orange
Galewood,Englewood,103.61666666666666,50.204166666666666,37.48,2.094830467071567,20.15,4.0,yellow
Galewood,Lincoln Park,82.68333333333334,39.61666666666667,19.14,2.0870845603702146,9.1,1.0,yellow
Galewood,Montclare,20.5,6.472413793103449,10.675862068965518,3.196183638850111,1.3413793103448277,29.0,red
Galewood,North Center,75.03333333333333,40.0,56.96,1.8758333333333332,8.5,1.0,green
Galewood,Rogers Park,108.8,42.71666666666667,47.23,2.5470152165431132,13.7,1.0,orange
Galewood,United Center,54.666666666666664,30.7,28.73,1.780673181324647,7.9,1.0,green
Galewood,West Town,63.13333333333333,31.266666666666666,30.21,2.0191897654584223,8.0,1.0,yellow
Garfield Park,Ashburn,84.63333333333334,46.6025641025641,37.80615384615384,1.8345335745074536,10.676923076923076,13.0,green
Garfield Park,Auburn Gresham,80.23333333333333,32.1,31.23,2.4994807892004154,11.3,1.0,orange
Garfield Park,Austin,27.13662280701754,10.6765350877193,13.562631578947368,2.6778511955357254,2.892105263157894,76.0,orange
Garfield Park,Avondale,47.36666666666667,18.758333333333333,14.98,2.5250999555752998,4.699999999999999,2.0,orange
Garfield Park,Belmont Cragin,52.03333333333333,18.533333333333335,20.23,2.807553956834532,4.7,1.0,red
Garfield Park,Chicago Lawn,65.26666666666667,41.35,30.67,1.5783958081418783,10.6,1.0,green
Garfield Park,Douglas,52.3,22.903030303030302,21.203636363636363,2.286577093502312,7.654545454545455,11.0,yellow
Garfield Park,Englewood,78.11666666666666,21.433333333333334,23.73,3.644634525660964,13.2,1.0,red
Garfield Park,Garfield Park,17.309722222222224,6.850694444444444,9.360416666666664,2.8431702549932076,1.3666666666666665,24.0,red
Garfield Park,Gold Coast,50.583333333333336,19.78768115942029,21.58521739130435,2.559901280039159,5.665217391304348,23.0,orange
Garfield Park,Grant Park,45.5025641025641,17.032051282051285,18.69076923076923,2.8734883343308018,5.823076923076924,13.0,red
Garfield Park,Humboldt Park,21.265760869565216,8.734601449275361,12.27913043478261,2.4694783879527296,2.0782608695652174,92.0,orange
Garfield Park,Irving Park,47.94166666666666,25.733333333333334,24.095,2.117642083070117,5.65,2.0,yellow
Garfield Park,Kenwood,72.78888888888889,27.855555555555558,23.186666666666667,3.0025185291539134,11.933333333333335,3.0,red
Garfield Park,Lake View,63.29999999999999,22.477777777777778,22.165000000000003,2.817119687297558,9.850000000000001,6.0,red
Garfield Park,Lincoln Park,49.1030303030303,21.333333333333336,19.349999999999998,2.3317695408809915,5.281818181818182,11.0,yellow
Garfield Park,"Little Italy, UIC",31.62032312925169,14.65578231292517,14.100357142857144,2.2821207079981702,3.339285714285715,196.0,yellow
Garfield Park,Little Village,25.808333333333334,10.439285714285715,13.812857142857142,2.5180858890141846,2.5214285714285714,14.0,orange
Garfield Park,Logan Square,27.633333333333333,13.433333333333334,11.23,2.0570719602977667,3.7,1.0,yellow
Garfield Park,Loop,33.37049180327869,14.677322404371584,16.358606557377048,2.3375566449302974,4.522950819672132,122.0,yellow
Garfield Park,Lower West Side,44.583333333333336,9.55,15.49,4.668411867364747,4.0,1.0,red
Garfield Park,Montclare,61.766666666666666,27.333333333333332,27.33,2.2597560975609756,8.9,1.0,yellow
Garfield Park,Museum Campus,54.193749999999994,21.698958333333334,18.368125000000003,2.6441890287212213,6.749999999999999,16.0,orange
Garfield Park,New City,53.78333333333333,22.59166666666667,26.23,2.482446203253247,9.55,2.0,orange
Garfield Park,North Lawndale,16.387943262411348,8.03404255319149,10.047234042553193,2.339722971720372,1.6893617021276597,47.0,yellow
Garfield Park,Old Town,62.266666666666666,18.9,16.09,3.2945326278659612,9.1,1.0,red
Garfield Park,Portage Park,63.138888888888886,37.32222222222222,24.176666666666666,1.6855979307143532,6.966666666666666,3.0,green
Garfield Park,River North,46.29351851851852,19.08888888888889,19.800555555555558,2.6130960626445487,5.45,18.0,orange
Garfield Park,Rogers Park,80.71666666666667,41.15833333333333,36.23,2.0254956543735476,14.05,2.0,yellow
Garfield Park,South Shore,73.99583333333334,38.458333333333336,23.5775,1.9782943594293911,16.400000000000002,4.0,green
Garfield Park,Streeterville,53.32689393939395,22.539772727272723,20.996818181818185,2.4935718566387997,6.4863636363636346,44.0,orange
Garfield Park,Ukrainian Village,30.05,9.822222222222223,12.983333333333334,3.060581100717796,2.6,3.0,red
Garfield Park,United Center,19.68387096774193,7.979569892473117,10.94258064516129,2.745126675669589,1.8419354838709678,31.0,orange
Garfield Park,Uptown,68.03333333333333,25.683333333333334,26.5,2.6489292667099287,12.2,1.0,orange
Garfield Park,Washington Heights,72.96666666666667,45.66666666666667,36.31,1.9121929695777917,16.25,2.0,green
Garfield Park,Washington Park,63.55,35.858333333333334,18.53,2.347742212045116,11.25,4.0,yellow
Garfield Park,West Loop,26.327058823529413,11.614117647058826,16.501411764705882,2.3794461895710883,3.8117647058823527,85.0,orange
Garfield Park,West Ridge,76.86666666666666,54.766666666666666,35.04,1.4035301278149726,10.3,1.0,green
Garfield Park,West Town,31.516666666666666,19.831818181818186,16.561818181818182,2.134053942764858,3.1909090909090905,11.0,yellow
Garfield Park,Wicker Park,42.016666666666666,15.4,9.38,2.7283549783549783,3.9,1.0,orange
Garfield Park,Woodlawn,69.2388888888889,34.205555555555556,24.326666666666668,2.08922127697112,12.766666666666666,3.0,yellow
Garfield Ridge,Albany Park,113.63888888888887,56.63333333333333,61.43666666666666,2.0183177226208087,13.133333333333333,3.0,yellow
Garfield Ridge,Ashburn,43.220289855072465,20.419565217391305,20.567826086956522,2.2571855308759994,4.343478260869565,23.0,yellow
Garfield Ridge,Auburn Gresham,52.04666666666667,20.19333333333333,25.72266666666667,2.617497720284011,6.973333333333333,15.0,orange
Garfield Ridge,Austin,92.76666666666667,40.2,36.23,2.3076285240464345,10.4,1.0,yellow
Garfield Ridge,Avondale,100.31666666666666,51.67592592592593,57.056666666666665,2.0358812043314836,14.233333333333333,9.0,yellow
Garfield Ridge,Belmont Cragin,89.23333333333333,44.025000000000006,46.78,2.037475623923822,11.100000000000001,2.0,yellow
Garfield Ridge,Beverly,85.93333333333334,27.43958333333333,36.917500000000004,3.1575645893968023,9.6625,8.0,red
Garfield Ridge,Boystown,91.13999999999999,35.94833333333334,40.533,2.6220105254550377,16.89,10.0,orange
Garfield Ridge,Bridgeport,66.15,21.57291666666667,30.121249999999996,3.1453521767440926,8.1,16.0,red
Garfield Ridge,Brighton Park,41.97083333333333,16.65,21.95,2.8281277155503157,3.8,4.0,red
Garfield Ridge,Bucktown,87.40357142857141,43.391666666666666,47.80119047619048,2.1570034729182246,13.245238095238097,42.0,yellow
Garfield Ridge,Chatham,85.41666666666667,31.916666666666668,38.41,2.6762402088772848,17.5,1.0,orange
Garfield Ridge,Chicago Lawn,41.91111111111112,15.075000000000001,18.141666666666666,2.8436960733892556,4.441666666666666,12.0,red
Garfield Ridge,Douglas,73.2549019607843,18.61176470588235,32.64764705882353,3.9665456077190346,9.558823529411764,17.0,red
Garfield Ridge,East Village,75.15548245614033,24.960087719298247,37.016578947368416,3.0499631547704817,12.282894736842104,76.0,red
Garfield Ridge,Edgewater,100.26936936936939,46.361711711711706,62.93783783783785,2.2915365772641763,20.513513513513512,37.0,yellow
Garfield Ridge,Garfield Park,67.75416666666666,37.19583333333334,31.8625,2.007444390205551,7.675,4.0,green
Garfield Ridge,Garfield Ridge,26.61216216216216,7.670270270270269,18.750540540540538,4.310589321618341,1.7189189189189187,37.0,red
Garfield Ridge,Gold Coast,79.05839598997494,38.0968671679198,48.54454887218044,2.145058891185189,13.783834586466165,266.0,yellow
Garfield Ridge,Grand Boulevard,77.06363636363636,26.168181818181814,34.8609090909091,3.037871807556131,10.30909090909091,11.0,red
Garfield Ridge,Grant Park,63.88720143911994,27.567383401145268,43.56558713833634,2.3839267623638887,11.187759945750452,17696.0,orange
Garfield Ridge,Humboldt Park,74.1861111111111,35.18888888888889,39.712999999999994,2.168844271875247,10.150000000000002,30.0,yellow
Garfield Ridge,Hyde Park,72.78473401245049,29.919722693831353,37.677911714770794,2.475867248714431,10.637351443123938,1178.0,orange
Garfield Ridge,Irving Park,101.46111111111111,47.49791666666666,58.46958333333333,2.3380237571057187,15.904166666666663,24.0,yellow
Garfield Ridge,Jackson Park,69.45,24.17628205128205,39.347307692307695,2.885558713383887,13.580769230769231,52.0,red
Garfield Ridge,Kenwood,85.31060606060609,26.727525252525254,38.22772727272727,3.2152551062965546,12.827272727272728,66.0,red
Garfield Ridge,Lake View,87.60896273917422,36.28265357502518,46.67797583081571,2.546049065523229,16.32787009063444,1324.0,orange
Garfield Ridge,Lincoln Park,83.5266283524904,38.92183908045976,48.44199233716475,2.2900646694618976,14.874712643678164,522.0,yellow
Garfield Ridge,Lincoln Square,98.04602272727271,45.68125,55.05238636363637,2.219541839979044,19.130681818181817,88.0,yellow
Garfield Ridge,"Little Italy, UIC",73.06641156462585,27.58707482993197,32.880102040816325,2.690070146989335,8.566836734693878,196.0,orange
Garfield Ridge,Little Village,27.966666666666665,14.483333333333333,17.28,1.9309551208285385,3.7,1.0,green
Garfield Ridge,Logan Square,87.79855072463769,33.69420289855072,40.10804347826087,2.622222086880066,13.021739130434783,46.0,orange
Garfield Ridge,Loop,61.50976483781066,30.06116904962153,45.608595161529706,2.1038777647294724,11.693034185919952,101065.0,yellow
Garfield Ridge,Lower West Side,70.54814814814816,24.64907407407408,33.55833333333334,2.930130623900929,7.761111111111112,18.0,red
Garfield Ridge,Morgan Park,82.93333333333332,37.37435897435898,40.50076923076923,2.235428194499807,12.2,13.0,yellow
Garfield Ridge,Museum Campus,70.11457187136767,22.541256618881572,36.67072297559085,3.1869206706326714,9.790445563734988,12905.0,red
Garfield Ridge,Near South Side,63.18357658315091,23.5890253790643,38.379549987837514,2.7407063417207485,9.406665045001217,4111.0,orange
Garfield Ridge,North Center,97.72692307692306,52.02051282051283,59.02769230769232,1.9790648456210123,14.60384615384615,26.0,green
Garfield Ridge,O'Hare,132.860935302391,49.71775668073136,63.649029535864976,2.7500734529034667,26.444514767932485,474.0,orange
Garfield Ridge,Old Town,81.69229747675962,27.28293492695883,40.86083665338645,3.090354241857739,13.202390438247013,251.0,red
Garfield Ridge,River North,68.22182919780356,32.776155333526006,47.471549275422156,2.1653084755755057,12.32176417158664,48442.0,yellow
Garfield Ridge,Roseland,87.82499999999999,33.829166666666666,39.379999999999995,2.5972697511697103,13.25,4.0,orange
Garfield Ridge,Sheffield & DePaul,84.76560283687942,42.807801418439716,47.958297872340424,2.1062840272927525,14.197872340425532,47.0,yellow
Garfield Ridge,South Deering,99.23333333333333,34.583333333333336,52.33,2.902019508012849,18.3,2.0,red
Garfield Ridge,South Shore,85.7076388888889,36.92361111111111,39.95458333333333,2.4294110383357,14.879166666666668,24.0,orange
Garfield Ridge,Streeterville,75.2017270661404,32.089448630546585,46.55556727664155,2.408804998551748,12.86325439540725,27870.0,orange
Garfield Ridge,Ukrainian Village,87.0,33.540740740740745,33.276666666666664,2.6283620170295885,12.011111111111111,9.0,orange
Garfield Ridge,United Center,75.97777777777777,20.18148148148148,28.90777777777778,3.8589279455718306,10.533333333333333,9.0,red
Garfield Ridge,Uptown,99.55092592592592,35.04197530864197,47.96277777777778,3.0145986139526832,18.598148148148148,54.0,red
Garfield Ridge,Washington Heights,77.80454545454546,31.181818181818183,33.88,2.539508593498805,8.990909090909092,11.0,orange
Garfield Ridge,Washington Park,71.31666666666666,33.76190476190476,36.10142857142857,2.1398212370654575,7.114285714285714,7.0,yellow
Garfield Ridge,West Elsdon,36.2,12.916666666666666,12.24,2.8025806451612905,3.0,1.0,red
Garfield Ridge,West Lawn,39.76666666666666,14.539583333333335,15.20375,2.9257308732199294,3.55,8.0,red
Garfield Ridge,West Loop,69.15875204383755,28.506257457245127,40.64510274426621,2.560158247645244,10.689380882937822,7543.0,orange
Garfield Ridge,West Ridge,123.35,52.94,56.964,2.3707489214423942,21.32,5.0,orange
Garfield Ridge,West Town,76.17260015117158,32.21889644746788,40.517165532879815,2.516531489917473,11.868707482993198,441.0,orange
Garfield Ridge,Wicker Park,77.37633333333333,42.677,51.67499999999999,1.8428223544920312,12.517999999999999,50.0,green
Garfield Ridge,Woodlawn,61.33980769230769,29.074871794871793,37.72788461538462,2.1266160770168643,10.350769230769231,260.0,yellow
Garfield Ridge,Wrigleyville,85.26063829787233,37.69095744680851,50.82329787234042,2.373594591137608,17.390425531914897,94.0,orange
Gold Coast,Albany Park,57.283333333333324,22.723333333333333,30.868000000000002,2.535675977970368,7.640000000000001,5.0,orange
Gold Coast,Armour Square,33.63333333333333,27.025,20.23,1.2644422976602199,7.550000000000001,2.0,green
Gold Coast,Avondale,57.96923076923077,30.600000000000005,25.824615384615388,2.1186798975579957,5.0,13.0,yellow
Gold Coast,Belmont Cragin,71.7,42.71666666666667,24.92,1.6785017557549746,8.8,1.0,green
Gold Coast,Boystown,22.940444444444445,12.87311111111111,17.765466666666665,1.8446026433534413,3.433333333333334,75.0,green
Gold Coast,Bridgeport,49.85000000000001,27.843589743589746,31.901538461538465,1.8043369535389446,8.63076923076923,13.0,green
Gold Coast,Bucktown,40.42901785714285,20.714285714285715,21.82125,2.081729846798125,2.9464285714285707,112.0,yellow
Gold Coast,Chatham,57.75,21.75,30.72,2.6551724137931036,13.4,1.0,orange
Gold Coast,Chinatown,35.0,16.225,21.68,2.197257123203749,6.35,2.0,yellow
Gold Coast,Douglas,52.18333333333333,18.308333333333334,19.575000000000003,2.9721875118821703,7.25,2.0,red
Gold Coast,Edgewater,47.373333333333335,15.91,16.342,2.994887071196046,6.7,10.0,red
Gold Coast,Garfield Park,54.483333333333334,28.6,22.095,1.9362611023591607,4.9,2.0,green
Gold Coast,Garfield Ridge,74.87508591065293,48.86099656357388,57.470824742268036,1.727077090881243,14.611340206185565,97.0,green
Gold Coast,Gold Coast,8.63045977011494,5.841954022988506,14.561724137931037,1.9165220933241143,0.9827586206896551,29.0,green
Gold Coast,Grand Boulevard,42.5,33.516666666666666,27.73,1.268025857782198,9.9,1.0,green
Gold Coast,Grant Park,28.769378930817613,14.196462264150941,19.361037735849056,2.091647823142601,2.5950471698113207,424.0,yellow
Gold Coast,Humboldt Park,41.39570707070707,24.385858585858585,23.746969696969696,1.7061980154947236,6.16060606060606,66.0,green
Gold Coast,Hyde Park,55.99375,24.351593137254902,29.918823529411764,2.3114674650676523,10.938970588235295,136.0,yellow
Gold Coast,Irving Park,52.63333333333333,18.441025641025643,19.27769230769231,2.8725289788767094,6.423076923076923,13.0,red
Gold Coast,Jackson Park,55.5375,25.083333333333336,35.6825,2.2214739325664237,10.6,4.0,yellow
Gold Coast,Kenwood,46.48333333333334,23.71190476190476,21.15285714285714,2.0375516985901134,8.185714285714285,7.0,yellow
Gold Coast,Lake View,26.52023158990372,15.18432214415821,19.668266978922716,1.8237565437352732,3.432396565183451,1281.0,green
Gold Coast,Lincoln Park,18.680449324750725,9.55057427742017,15.097981825066261,1.950084918365509,1.6979174555092766,2641.0,green
Gold Coast,Lincoln Square,48.09603174603175,19.53412698412698,23.574761904761907,2.5067222363661514,6.766666666666667,21.0,orange
Gold Coast,"Little Italy, UIC",49.135714285714286,20.494761904761905,21.729428571428574,2.4223107573009917,4.928571428571429,70.0,orange
Gold Coast,Logan Square,45.501058201058214,24.15873015873016,21.74492063492064,1.9786413139909529,4.814285714285713,63.0,green
Gold Coast,Loop,24.68497128538876,12.224076129455387,18.375771762984638,2.0356651385272717,2.0432636278788183,39643.0,yellow
Gold Coast,Lower West Side,43.96041666666667,23.312500000000004,19.21125,2.0015167766297353,5.975,8.0,green
Gold Coast,Museum Campus,44.49031424025457,20.703381066030232,25.567171837708827,2.2479657075822175,4.348090692124105,838.0,yellow
Gold Coast,North Center,46.13508771929824,20.646491228070175,25.571052631578947,2.2789066614579743,4.6000000000000005,19.0,yellow
Gold Coast,North Park,62.59166666666667,31.900000000000002,30.729999999999997,1.9643090205696865,8.95,2.0,green
Gold Coast,Norwood Park,68.81666666666666,21.55,25.67,3.1933488012374323,11.7,1.0,red
Gold Coast,O'Hare,86.43834021030214,43.215473179821636,65.1117622787169,2.1023323739445963,17.65666178623719,15026.0,yellow
Gold Coast,Old Town,17.23724544480171,8.133654876741693,13.623344051446944,2.2604530030352374,1.3379421221864953,311.0,yellow
Gold Coast,Pullman,88.11666666666666,34.4,26.16,2.5615310077519378,20.2,1.0,orange
Gold Coast,River North,17.0912298696093,9.132816957864705,15.059209167432979,1.897776745117322,1.3202306005517435,14137.0,green
Gold Coast,Rogers Park,44.733333333333334,19.04047619047619,19.78,2.3847595584790087,7.914285714285713,7.0,orange
Gold Coast,Rush & Division,15.15,6.140833333333333,10.958000000000002,2.914723210315274,0.86,20.0,red
Gold Coast,Sheffield & DePaul,21.86649122807018,11.789824561403508,16.685894736842105,1.8926167253157928,2.27978947368421,475.0,green
Gold Coast,Streeterville,15.785046952568933,7.870497637418506,14.08066391530594,2.018941957141704,1.2266104432083258,5573.0,yellow
Gold Coast,United Center,50.084215686274504,23.15392156862745,27.102058823529404,2.2263796562771794,4.066470588235295,170.0,yellow
Gold Coast,Uptown,38.119777777777784,13.139888888888889,18.372066666666665,3.035841532539008,5.082000000000001,150.0,red
Gold Coast,Washington Park,54.016666666666666,36.108333333333334,31.355000000000004,1.872643323868669,9.65,2.0,green
Gold Coast,West Lawn,78.9,72.58333333333333,40.23,1.0870264064293917,16.5,1.0,green
Gold Coast,West Loop,38.920483730208204,16.943831816481733,20.217295848397953,2.353149161591583,2.6814736317167434,16042.0,orange
Gold Coast,West Ridge,52.2,18.666666666666668,22.53,2.7964285714285713,8.75,2.0,red
Gold Coast,West Town,33.774702380952384,13.87154761904762,16.95877380952381,2.6002844287441462,2.2575000000000003,840.0,orange
Gold Coast,Wicker Park,30.281304824561396,15.501151315789475,16.951973684210525,2.0177098373339333,2.711513157894737,304.0,yellow
Gold Coast,Wrigleyville,29.37718253968254,19.58948412698413,22.794404761904765,1.5715745226311313,4.498809523809524,84.0,green
Grand Boulevard,Auburn Gresham,60.9,18.275,19.765,3.3644435844513243,7.550000000000001,2.0,red
Grand Boulevard,Austin,56.083333333333336,26.416666666666668,28.73,2.1230283911671926,12.4,1.0,yellow
Grand Boulevard,Avalon Park,53.09444444444444,19.244444444444444,18.773333333333333,2.8260910151226555,6.266666666666667,3.0,red
Grand Boulevard,Beverly,78.81666666666666,21.02916666666667,26.3475,3.7674817432897187,9.8,4.0,red
Grand Boulevard,Calumet Heights,57.0,26.914285714285715,19.674285714285713,2.1183872557843957,7.257142857142858,7.0,yellow
Grand Boulevard,Chatham,36.93333333333333,12.8375,16.405,2.93174589490481,5.275,4.0,red
Grand Boulevard,Chicago Lawn,49.27777777777777,22.311111111111114,20.563333333333333,2.2408600498172704,6.8999999999999995,3.0,yellow
Grand Boulevard,Chinatown,25.783333333333335,6.775,13.73,3.833269329237072,3.3,2.0,red
Grand Boulevard,Douglas,20.522972972972976,7.715615615615616,11.412342342342344,2.838085378523871,1.9909909909909906,111.0,red
Grand Boulevard,East Village,65.4,19.0,18.73,3.4421052631578952,9.0,1.0,red
Grand Boulevard,Englewood,45.468939393939394,16.581060606060607,19.275909090909092,2.8318304398762724,5.6000000000000005,22.0,red
Grand Boulevard,Garfield Ridge,72.12948717948717,30.512820512820515,38.386153846153846,2.5105761324874862,9.600000000000001,13.0,orange
Grand Boulevard,Grand Boulevard,18.12062146892655,5.428813559322034,8.993728813559324,3.423360365172159,1.2915254237288134,59.0,red
Grand Boulevard,Grand Crossing,25.441666666666666,9.691666666666666,13.73,2.6544837600758653,3.15,2.0,orange
Grand Boulevard,Grant Park,33.98100775193798,16.579844961240312,18.105116279069765,2.0904798152819652,5.637209302325581,43.0,yellow
Grand Boulevard,Humboldt Park,56.669999999999995,25.363333333333333,26.726,2.280959345461162,9.72,5.0,yellow
Grand Boulevard,Hyde Park,29.47654320987655,9.408436213991774,12.55635802469136,3.306373382435355,2.3172839506172833,162.0,red
Grand Boulevard,Jackson Park,30.174926253687318,14.175073746312686,17.687699115044246,2.2518141726752536,3.436283185840708,113.0,yellow
Grand Boulevard,Kenwood,20.92015503875969,7.654263565891473,10.077441860465116,2.9390703247594496,1.8325581395348836,43.0,red
Grand Boulevard,Lake View,65.83333333333333,37.05,46.04,1.7768780926675665,13.3,1.0,green
Grand Boulevard,"Little Italy, UIC",47.82935323383085,18.953233830845768,17.750298507462688,2.5869682920012087,6.7343283582089555,67.0,orange
Grand Boulevard,Logan Square,49.85,18.616666666666667,12.25,2.6777081468218444,9.1,1.0,orange
Grand Boulevard,Loop,37.960648148148145,22.43175925925926,23.29561111111111,1.7421597963756768,6.302777777777778,360.0,green
Grand Boulevard,Mckinley Park,37.9,12.1,15.365,3.2044643290404604,3.9,2.0,red
Grand Boulevard,Morgan Park,73.63333333333334,19.566666666666666,21.485,3.9147658529037717,12.100000000000001,2.0,red
Grand Boulevard,Museum Campus,36.65823170731707,12.688211382113822,16.442743902439023,2.9915668867631173,3.651829268292683,164.0,red
Grand Boulevard,New City,27.35220588235294,10.193627450980388,11.141617647058824,2.940915458170008,2.363235294117647,68.0,red
Grand Boulevard,North Lawndale,67.28333333333333,26.95,13.95,2.496598639455782,10.5,1.0,orange
Grand Boulevard,Oakland,15.656122448979591,6.667006802721088,10.437755102040816,2.6056826187689497,1.4857142857142853,49.0,orange
Grand Boulevard,Old Town,52.575,30.116666666666667,27.515,1.7435166223453233,9.75,2.0,green
Grand Boulevard,Pullman,65.88333333333334,24.05,23.45,2.7394317394317396,11.0,1.0,orange
Grand Boulevard,River North,45.85526315789475,24.516666666666666,23.831929824561406,1.9637746543880066,7.391228070175438,57.0,green
Grand Boulevard,Riverdale,114.83333333333333,37.150000000000006,28.075,3.1220410326403485,13.55,2.0,red
Grand Boulevard,Roseland,57.920833333333334,20.8625,28.2175,2.8121448761279546,9.6,4.0,red
Grand Boulevard,Sheffield & DePaul,50.233333333333334,29.016666666666666,28.409999999999997,1.7318889082517452,10.75,2.0,green
Grand Boulevard,South Chicago,49.567424242424245,22.243939393939396,20.835909090909094,2.2406851313010603,5.818181818181818,22.0,yellow
Grand Boulevard,South Deering,53.75,28.177777777777777,27.896666666666665,1.9139832524640241,7.866666666666667,3.0,green
Grand Boulevard,South Shore,47.89999999999999,19.771428571428572,21.640357142857145,2.4458042350300753,6.157142857142858,28.0,orange
Grand Boulevard,Streeterville,51.11724137931035,23.660057471264366,23.50034482758621,2.231569462446166,7.396551724137931,58.0,yellow
Grand Boulevard,United Center,43.75,25.916666666666668,21.29,1.6881028938906752,9.0,1.0,green
Grand Boulevard,Uptown,63.1,27.6,36.21,2.2862318840579707,13.5,1.0,yellow
Grand Boulevard,Washington Heights,49.483333333333334,17.54230769230769,20.654615384615383,2.828617870741274,9.084615384615384,13.0,red
Grand Boulevard,Washington Park,17.915079365079364,8.473015873015873,11.834285714285713,2.539800268675306,1.9238095238095236,21.0,orange
Grand Boulevard,West Loop,50.18333333333332,23.945551801801805,25.538243243243244,2.142243055818751,7.0608108108108105,296.0,yellow
Grand Boulevard,West Town,53.73055555555556,25.01759259259259,24.922222222222224,2.2336010434046485,7.783333333333333,18.0,yellow
Grand Boulevard,Woodlawn,20.218627450980392,8.915686274509804,11.231176470588233,2.3757509313431173,1.8647058823529408,17.0,orange
Grand Crossing,Archer Heights,74.85,42.13333333333333,41.535,1.776503164556962,9.4,2.0,green
Grand Crossing,Ashburn,50.35,21.877777777777776,19.213333333333335,2.3022249532712937,5.533333333333334,3.0,yellow
Grand Crossing,Auburn Gresham,35.794444444444444,14.353968253968254,15.28095238095238,2.559359634590397,3.2904761904761903,21.0,orange
Grand Crossing,Austin,87.33333333333333,78.11666666666666,48.73,1.1179859184979732,15.8,1.0,green
Grand Crossing,Avalon Park,25.36923076923077,8.862820512820512,9.947692307692307,3.4334319326932055,2.0384615384615383,13.0,red
Grand Crossing,Avondale,93.53333333333333,40.7,31.82,2.2981162981162977,16.4,1.0,yellow
Grand Crossing,Bridgeport,60.06666666666667,14.283333333333333,11.14,4.205367561260211,7.2,1.0,red
Grand Crossing,Calumet Heights,35.4,12.666666666666666,11.55,2.794736842105263,4.1,1.0,red
Grand Crossing,Chatham,24.570103761348904,7.7812581063553825,11.195525291828794,3.422054804402266,2.2330739299610896,257.0,red
Grand Crossing,Chicago Lawn,55.638888888888886,21.977777777777778,17.48,2.768513090115153,5.633333333333333,3.0,red
Grand Crossing,Chinatown,44.79242424242424,17.27272727272727,18.66818181818182,2.670058545746552,7.672727272727273,11.0,orange
Grand Crossing,Douglas,33.272549019607844,17.970588235294116,19.627352941176476,2.019328019179112,5.782352941176471,34.0,yellow
Grand Crossing,Englewood,25.034661835748793,8.336835748792272,10.515797101449275,3.0160431458269805,2.071014492753623,138.0,red
Grand Crossing,Garfield Park,75.88333333333334,30.883333333333333,31.23,2.4570966001079335,14.7,1.0,orange
Grand Crossing,Garfield Ridge,75.51875000000001,26.39791666666667,40.39625,2.8680675182575777,9.75,8.0,red
Grand Crossing,Grand Boulevard,36.75,10.833333333333334,16.23,3.3923076923076922,5.4,1.0,red
Grand Crossing,Grand Crossing,15.743121693121692,7.238888888888888,11.493544973544974,2.538922164453002,1.4999999999999993,189.0,orange
Grand Crossing,Grant Park,49.24814814814815,20.546296296296298,21.59222222222222,2.4572813076422793,9.41111111111111,9.0,orange
Grand Crossing,Hermosa,107.03333333333333,39.3,32.59,2.723494486853266,15.7,1.0,orange
Grand Crossing,Humboldt Park,68.11666666666666,30.687179487179485,30.312307692307698,2.2372897306238153,13.569230769230769,13.0,yellow
Grand Crossing,Hyde Park,28.360380952380947,13.00733333333333,13.207142857142859,2.1539437403470254,2.9788571428571426,175.0,yellow
Grand Crossing,Kenwood,40.425,21.037499999999998,17.1075,2.180949430579048,5.75,4.0,yellow
Grand Crossing,Lake View,72.36666666666666,42.08888888888888,44.56333333333333,1.7362605045533064,15.833333333333334,3.0,green
Grand Crossing,"Little Italy, UIC",56.50628415300545,27.522131147540982,24.960983606557384,2.1313320351044185,10.108196721311474,61.0,yellow
Grand Crossing,Loop,42.93010752688172,25.63620071684587,21.88795698924731,1.8215033278696604,10.135483870967743,93.0,green
Grand Crossing,Lower West Side,65.08333333333333,26.716666666666665,28.73,2.43605739238927,9.1,1.0,orange
Grand Crossing,Morgan Park,57.05,15.87,20.252000000000002,3.6139871546259656,7.08,5.0,red
Grand Crossing,Museum Campus,52.242886178861816,23.23719512195122,25.508048780487808,2.3174123910786997,8.965853658536588,82.0,yellow
Grand Crossing,Near South Side,43.7,22.058333333333334,22.48,1.9848571163831417,7.75,2.0,green
Grand Crossing,New City,48.18717948717949,14.739743589743588,13.972307692307691,3.422226866268557,4.607692307692307,13.0,red
Grand Crossing,O'Hare,120.86666666666666,38.016666666666666,61.23,3.1793073213502847,26.2,1.0,red
Grand Crossing,Old Town,58.466666666666676,33.92333333333333,27.032000000000004,1.743728558867747,13.52,5.0,green
Grand Crossing,Pullman,47.74242424242424,15.349999999999996,14.486363636363636,3.111233461080512,4.572727272727272,11.0,red
Grand Crossing,River North,55.48766666666668,32.341333333333324,32.4358,1.8033496274803875,11.503999999999998,50.0,green
Grand Crossing,Riverdale,64.93333333333334,30.95555555555556,24.233333333333334,2.351118533943122,9.566666666666665,3.0,orange
Grand Crossing,Roseland,40.59888888888888,15.090000000000002,15.604000000000001,2.7741651012298316,4.78,15.0,red
Grand Crossing,South Chicago,25.142592592592592,15.600000000000001,16.26111111111111,1.8065208041626386,3.755555555555555,9.0,green
Grand Crossing,South Deering,36.103735632183906,16.858333333333338,17.03793103448276,2.1770971589657955,4.7862068965517235,58.0,yellow
Grand Crossing,South Shore,20.58313725490196,8.321045751633987,12.170980392156862,2.6738662826807067,1.9701960784313726,255.0,orange
Grand Crossing,Streeterville,55.91815181518151,30.533828382838294,25.788019801980195,1.8484820447463786,11.904950495049503,101.0,green
Grand Crossing,United Center,68.31358024691359,25.13827160493827,18.238518518518518,2.7874224057155654,11.055555555555555,27.0,red
Grand Crossing,Uptown,74.19999999999999,51.98888888888889,49.85,1.5377394598650607,18.23333333333333,3.0,green
Grand Crossing,Washington Heights,41.45714285714286,14.026190476190477,17.65285714285714,2.9986836983273917,4.571428571428571,7.0,red
Grand Crossing,Washington Park,28.024637681159422,11.613043478260874,15.865652173913046,2.560053371692385,3.3391304347826085,23.0,orange
Grand Crossing,West Loop,54.34739583333332,20.380729166666665,22.949687500000003,2.7752980114849306,9.865625,32.0,red
Grand Crossing,Wicker Park,66.85,42.833333333333336,28.73,1.5607003891050582,12.2,1.0,green
Grand Crossing,Woodlawn,19.785858585858588,8.63459595959596,11.797272727272725,2.467375468939338,1.709090909090909,66.0,orange
Grant Park,Albany Park,52.86052631578948,24.890350877192983,35.52000000000001,2.1936968225720612,9.594736842105263,19.0,yellow
Grant Park,Armour Square,23.333333333333332,15.48621212121212,25.016636363636362,1.526609095748127,4.498181818181818,110.0,green
Grant Park,Auburn Gresham,61.333333333333336,40.861111111111114,30.706666666666667,1.573999158814181,11.966666666666667,6.0,green
Grant Park,Austin,62.03333333333333,13.633333333333333,37.43,4.550129049517054,7.75,2.0,red
Grant Park,Avondale,49.08378378378378,26.614414414414416,26.588918918918917,2.036431483353722,7.304054054054055,74.0,yellow
Grant Park,Belmont Cragin,68.0,56.025,33.98,1.2138031866170227,10.5,2.0,green
Grant Park,Beverly,82.3,24.25,67.685,3.3938144329896907,13.8,2.0,red
Grant Park,Boystown,41.60451851851852,18.943185185185186,24.23497777777778,2.33953274661898,6.127111111111112,225.0,yellow
Grant Park,Bridgeport,34.53269230769231,16.92948717948718,22.549615384615382,2.0877395653525714,4.776923076923077,26.0,yellow
Grant Park,Bucktown,46.15770609318996,25.066308243727597,25.665645161290314,2.099632492952549,5.908064516129032,186.0,yellow
Grant Park,Calumet Heights,35.26388888888889,24.65,29.647333333333332,1.43662409636844,11.993333333333332,30.0,green
Grant Park,Chatham,58.583333333333336,32.69444444444445,29.573333333333334,2.0040726321543247,10.899999999999999,6.0,green
Grant Park,Chicago Lawn,55.33888888888888,30.194444444444446,30.576666666666668,1.8207415570796275,11.366666666666667,3.0,green
Grant Park,Chinatown,23.61519607843137,11.09040346907994,15.802285067873305,2.248017650461817,2.2823529411764705,884.0,yellow
Grant Park,Douglas,34.35044444444444,11.52888888888889,13.477733333333333,3.1354357753299062,3.3333333333333335,75.0,red
Grant Park,East Village,45.80666666666667,16.848690476190477,22.101428571428574,2.7555806107354903,4.470714285714285,140.0,orange
Grant Park,Edgewater,53.086261261261264,25.971846846846844,29.536891891891887,2.2084759316028966,9.660810810810808,74.0,yellow
Grant Park,Englewood,38.81666666666667,20.08095238095238,27.131428571428575,2.0414849733235556,9.485714285714286,7.0,yellow
Grant Park,Garfield Park,31.745833333333334,18.001388888888894,20.188333333333336,2.002214946085377,6.95,12.0,green
Grant Park,Garfield Ridge,65.1798138475961,30.140108477300117,50.186819606267576,2.2909554037839195,11.615419847328246,12445.0,yellow
Grant Park,Gold Coast,28.48491379310345,13.292816091954023,19.645751231527097,2.2378211243349257,2.3704433497536943,812.0,yellow
Grant Park,Grand Crossing,50.68333333333333,17.36388888888889,25.111666666666665,3.0013075318139593,8.500000000000002,6.0,red
Grant Park,Grant Park,12.850920927278501,6.486614798348682,13.763280406478247,2.0833954515896047,0.8937122896157511,3149.0,yellow
Grant Park,Humboldt Park,55.34047619047619,17.29047619047619,21.952857142857145,3.301652626383558,7.314285714285715,7.0,red
Grant Park,Hyde Park,37.32378364389234,16.836759834368532,20.94308695652174,2.2386765920206897,7.230186335403726,3220.0,yellow
Grant Park,Irving Park,47.78666666666667,28.46333333333333,29.887999999999998,1.7819851084337404,9.0,5.0,green
Grant Park,Jackson Park,28.11404612159329,12.535429769392033,22.064591194968553,2.3660906017418073,6.632075471698113,159.0,orange
Grant Park,Jefferson Park,61.58888888888888,31.0,37.88166666666667,2.192092292960973,12.583333333333334,6.0,yellow
Grant Park,Kenwood,30.2,12.108333333333334,43.73,2.5067466438160526,6.05,2.0,orange
Grant Park,Lake View,39.754514397266966,20.197535383113717,24.650849194729133,2.211181780842633,6.102635431918008,683.0,yellow
Grant Park,Lincoln Park,42.71999593991068,20.25572472594397,25.85098660170524,2.224500923244426,4.6204628501827045,821.0,yellow
Grant Park,Lincoln Square,66.43333333333334,22.466666666666665,33.61,2.9569732937685465,10.3,1.0,red
Grant Park,"Little Italy, UIC",39.4292980671414,13.403628348592745,16.348962360122073,2.9843911337180766,3.0075279755849436,983.0,red
Grant Park,Logan Square,38.38777777777777,24.188888888888894,27.702555555555556,1.7313632224859463,6.485555555555556,90.0,green
Grant Park,Loop,17.22979152931646,8.437264457859877,14.669893222332819,2.0610246295192005,1.1491138487790375,77357.0,yellow
Grant Park,Lower West Side,40.17705743043221,12.508703374777975,16.973090586145645,3.396981502544844,2.67886323268206,563.0,red
Grant Park,Mckinley Park,41.909090909090914,16.384848484848487,21.779999999999998,2.578085611495098,5.056818181818182,44.0,orange
Grant Park,Morgan Park,66.68333333333334,23.683333333333334,52.22,2.815622800844476,16.8,1.0,red
Grant Park,Museum Campus,26.392633206628656,9.436151678836984,18.3019533360008,2.9779689754050107,1.6916274882464737,39988.0,red
Grant Park,Near South Side,20.695388307903308,9.188644351105777,22.167218841076636,2.3205019497508435,1.8595148294188237,23332.0,yellow
Grant Park,North Center,50.97051282051281,24.712820512820507,30.26153846153846,2.1117533411836167,7.43076923076923,13.0,yellow
Grant Park,North Lawndale,45.24269406392694,15.216666666666669,17.903972602739724,3.0798865402231987,4.491780821917808,73.0,red
Grant Park,North Park,65.85,36.82380952380952,31.669999999999998,1.946150608491388,11.328571428571426,7.0,green
Grant Park,Norwood Park,70.1,57.916666666666664,45.23,1.2103597122302159,13.1,1.0,green
Grant Park,O'Hare,84.4194951531314,49.05536224522192,72.47967204266938,1.8555130663173933,19.31191821702965,62996.0,green
Grant Park,Old Town,29.17606981981982,14.29149774774775,21.601858108108107,2.086004777058081,3.1395270270270275,296.0,yellow
Grant Park,Portage Park,54.5,30.114583333333336,33.07375,2.061772280715935,10.3625,8.0,yellow
Grant Park,River North,23.66664641376962,11.261436722905144,17.94579796414357,2.131971259196441,1.5943556056496777,56782.0,yellow
Grant Park,Rogers Park,60.099999999999994,22.640740740740743,29.123333333333335,2.708891363805842,10.255555555555555,9.0,orange
Grant Park,Rush & Division,24.454794134235758,14.012069937958259,20.755109983079528,1.7955217734350544,2.148223350253806,591.0,green
Grant Park,Sheffield & DePaul,36.38694690265487,22.344247787610623,27.020973451327425,1.7886161572006085,5.291592920353982,226.0,green
Grant Park,South Chicago,45.333333333333336,23.35,32.73,1.9414703783012135,11.4,1.0,green
Grant Park,South Deering,38.016666666666666,50.666666666666664,46.73,0.750328947368421,15.1,1.0,green
Grant Park,South Shore,37.11960784313725,23.965686274509807,25.666470588235295,1.5831240023284763,10.005882352941176,17.0,green
Grant Park,Streeterville,25.244995607306294,11.14799902967363,17.75385783407419,2.348614481003351,1.7496597301443688,25421.0,orange
Grant Park,United Center,33.84763263580639,15.426949904882688,22.875041217501586,2.259671352436632,3.1098922003804694,1577.0,yellow
Grant Park,Uptown,48.71639150943396,19.732507861635217,24.896462264150944,2.5921758078947956,7.63443396226415,424.0,orange
Grant Park,West Loop,26.241923274419836,11.56192349527643,17.965464544234816,2.3308979029672376,1.8310977124778456,60371.0,yellow
Grant Park,West Ridge,72.7,27.34166666666667,28.36,2.6626875657219573,11.95,2.0,orange
Grant Park,West Town,33.32033158813264,18.06147469458988,19.74586387434555,1.96336602669364,3.3595549738219894,764.0,green
Grant Park,Wicker Park,36.14711425206125,16.682685512367495,21.77113074204947,2.2250434176002982,4.363957597173145,283.0,yellow
Grant Park,Woodlawn,47.06449275362319,17.957971014492752,22.7404347826087,2.6563315586352387,8.299999999999999,23.0,orange
Grant Park,Wrigleyville,40.247247706422016,34.63837920489296,39.54201834862384,1.307081765905463,7.2834862385321095,109.0,green
Hegewisch,West Loop,95.21666666666665,29.01111111111111,39.24333333333333,3.2889411143144733,20.366666666666667,3.0,red
Hegewisch,West Pullman,76.58333333333333,17.170833333333334,14.870000000000001,4.64670171504086,6.2,4.0,red
Hermosa,Austin,25.03333333333333,8.748148148148148,11.49888888888889,2.884024619316475,1.7666666666666668,9.0,red
Hermosa,Avondale,23.256,8.3,12.302800000000001,2.913693657032165,1.4800000000000002,25.0,red
Hermosa,Belmont Cragin,21.36960784313725,5.98921568627451,10.205294117647057,3.9100423450256483,1.2823529411764705,17.0,red
Hermosa,Gage Park,83.51666666666667,44.333333333333336,28.73,1.8838345864661652,10.3,1.0,green
Hermosa,Gold Coast,50.86666666666667,36.50416666666666,30.837500000000002,1.4314260519520061,6.8500000000000005,4.0,green
Hermosa,Hermosa,12.441666666666666,4.0375,8.3675,4.068376290191373,0.6,4.0,red
Hermosa,Humboldt Park,29.462500000000002,8.916666666666668,10.402499999999998,3.5847679644960917,1.7999999999999998,12.0,red
Hermosa,Irving Park,48.21666666666667,15.85,16.34,3.0420609884332284,3.8,1.0,red
Hermosa,Lake View,58.38333333333334,34.46666666666667,26.955,1.708795393157263,6.05,2.0,green
Hermosa,Lincoln Park,40.52361111111111,18.00833333333333,14.395000000000001,2.396686386667653,4.116666666666666,12.0,orange
Hermosa,"Little Italy, UIC",45.81666666666667,28.038571428571426,25.848857142857145,1.692976373694614,6.325714285714285,35.0,green
Hermosa,Logan Square,23.901282051282053,9.368803418803418,11.527179487179488,2.669620196870228,1.8435897435897437,39.0,orange
Hermosa,Loop,52.516666666666666,22.216666666666665,26.23,2.36384096024006,7.8,1.0,orange
Hermosa,Lower West Side,67.76666666666667,39.416666666666664,24.64,1.7192389006342494,9.4,1.0,green
Hermosa,Museum Campus,77.03333333333333,26.566666666666666,19.99,2.8996235884567128,10.0,1.0,red
Hermosa,North Center,48.03333333333333,18.1,17.11,2.653775322283609,4.7,1.0,orange
Hermosa,North Lawndale,39.68333333333333,19.85,15.485,2.0214270031991877,4.550000000000001,2.0,yellow
Hermosa,O'Hare,68.0,32.10347222222222,43.63791666666666,2.1824007005259882,12.154166666666669,24.0,yellow
Hermosa,Portage Park,32.70000000000001,14.75925925925926,13.24888888888889,2.2857672048104862,2.711111111111111,9.0,yellow
Hermosa,River North,57.70777777777778,22.266666666666666,23.422666666666668,2.6200323433608257,6.54,15.0,orange
Hermosa,Streeterville,55.93333333333332,41.031111111111116,28.944000000000003,1.4019765910280948,8.34,15.0,green
Hermosa,Ukrainian Village,49.983333333333334,20.083333333333332,16.23,2.4887966804979254,4.1,1.0,orange
Hermosa,United Center,53.06666666666667,24.402380952380952,21.138571428571428,2.231870783009925,5.8428571428571425,7.0,yellow
Hermosa,Uptown,65.08333333333333,39.74861111111111,30.189166666666665,1.6475864212556182,6.366666666666666,12.0,green
Hermosa,West Loop,62.225,28.215277777777775,25.583333333333332,2.3182247679861923,7.266666666666668,12.0,yellow
Hermosa,West Town,50.52348484848485,26.178030303030308,27.790454545454544,2.0511847787032766,5.740909090909092,22.0,yellow
Humboldt Park,Albany Park,39.141666666666666,19.975,25.945,1.9529015479100083,4.8,2.0,green
Humboldt Park,Andersonville,61.666666666666664,44.083333333333336,31.527499999999996,1.4001951746025068,7.1,4.0,green
Humboldt Park,Austin,29.44158415841584,13.015429042904291,15.091485148514854,2.4310532036610386,3.024752475247525,202.0,orange
Humboldt Park,Avondale,39.02982456140351,18.135087719298248,19.450175438596492,2.1953828567098927,3.754385964912281,57.0,yellow
Humboldt Park,Belmont Cragin,37.22361111111111,19.339236111111113,21.051666666666666,2.0605131274949713,3.858333333333333,48.0,yellow
Humboldt Park,Boystown,59.583333333333336,23.79642857142857,23.837142857142858,2.6577199311719713,5.450000000000001,14.0,orange
Humboldt Park,Brighton Park,53.1,31.333333333333332,24.36,1.6946808510638298,7.4,1.0,green
Humboldt Park,Bucktown,33.69538152610441,14.258634538152611,14.396867469879519,2.438163948348757,3.187951807228916,83.0,orange
Humboldt Park,Chatham,101.4,43.43333333333333,31.23,2.3346124328472757,17.5,1.0,yellow
Humboldt Park,Douglas,57.71666666666667,24.741666666666667,28.165,2.4995884119362,9.25,2.0,orange
Humboldt Park,Dunning,63.583333333333336,26.144444444444446,29.903333333333336,2.4411173011451566,6.933333333333333,3.0,orange
Humboldt Park,East Village,21.40888888888889,11.82,15.845333333333334,2.2276521592354714,2.466666666666667,30.0,yellow
Humboldt Park,Edgewater,71.1388888888889,34.85,34.99833333333333,2.1211218494944144,10.600000000000001,6.0,yellow
Humboldt Park,Edison Park,70.46296296296296,41.05833333333333,36.885555555555555,1.7237657981281993,8.9,18.0,green
Humboldt Park,Englewood,79.325,42.74166666666667,23.73,1.8545905510972827,13.5,2.0,green
Humboldt Park,Galewood,45.00333333333333,22.296666666666667,22.532,2.079122424549568,5.159999999999999,5.0,yellow
Humboldt Park,Garfield Park,17.75852713178295,7.510077519379845,10.66,2.373962767727059,1.5488372093023255,43.0,orange
Humboldt Park,Garfield Ridge,77.93846153846154,35.921794871794866,52.48615384615385,2.2611942474618623,9.776923076923076,13.0,yellow
Humboldt Park,Gold Coast,35.67916666666667,22.727083333333333,21.68,1.6220278041188525,4.075,8.0,green
Humboldt Park,Grand Boulevard,69.7,33.68888888888889,29.213333333333335,2.1768836901249156,10.933333333333332,3.0,yellow
Humboldt Park,Grant Park,47.729513888888896,22.325925925925933,24.30173611111111,2.1811082381207476,5.391666666666667,144.0,yellow
Humboldt Park,Hermosa,36.65049019607843,15.775490196078428,15.859411764705882,2.3657873115873573,3.241176470588235,34.0,orange
Humboldt Park,Humboldt Park,16.684049479166667,7.00390625,9.699140624999998,2.603367021192055,1.1535156250000003,256.0,orange
Humboldt Park,Hyde Park,83.66420765027323,46.13469945355191,40.43967213114754,1.8919189402039462,14.613114754098358,61.0,green
Humboldt Park,Irving Park,38.43518518518519,18.01574074074074,18.99666666666667,2.1382467865321524,3.6166666666666663,18.0,yellow
Humboldt Park,Jackson Park,69.85000000000001,37.42638888888889,37.44416666666667,1.8964394485474678,12.85,12.0,green
Humboldt Park,Jefferson Park,58.666666666666664,36.80833333333334,33.6975,1.6037504744416466,6.4,4.0,green
Humboldt Park,Kenwood,71.88333333333334,41.03888888888889,31.23,1.7523795342051989,13.466666666666669,3.0,green
Humboldt Park,Lake View,51.327843137254895,28.92980392156863,23.906,1.8898024464779195,5.41764705882353,85.0,green
Humboldt Park,Lincoln Park,46.984640522875814,21.043790849673204,20.008627450980395,2.349351218557818,4.59607843137255,51.0,orange
Humboldt Park,Lincoln Square,51.516666666666666,28.770833333333336,29.9025,1.7987625182637257,6.550000000000001,4.0,green
Humboldt Park,"Little Italy, UIC",41.22134703196346,16.961073059360732,16.288858447488582,2.4894059448184183,4.045662100456621,438.0,orange
Humboldt Park,Little Village,46.65888888888889,25.176666666666666,21.007333333333335,1.8947808183625872,5.319999999999999,15.0,green
Humboldt Park,Logan Square,24.192708333333336,10.175520833333334,14.07629464285714,2.52930262578519,2.15,224.0,orange
Humboldt Park,Loop,43.29767103347889,23.91545366327026,23.82259097525473,1.8501369805219128,5.5400291120815135,1374.0,green
Humboldt Park,Lower West Side,54.72777777777779,21.349999999999998,22.638666666666666,2.692714542685351,6.220000000000001,15.0,orange
Humboldt Park,Mckinley Park,49.766666666666666,22.2,21.23,2.2417417417417416,7.3,1.0,yellow
Humboldt Park,Morgan Park,109.2,60.666666666666664,42.33,2.3695002588362755,21.1,2.0,orange
Humboldt Park,Museum Campus,63.82016666666667,28.02083333333334,24.3139,2.36525061227755,7.503000000000001,100.0,orange
Humboldt Park,North Center,51.586666666666666,19.981666666666666,19.754,2.6078282622703113,4.609999999999999,10.0,orange
Humboldt Park,North Lawndale,28.988690476190477,12.964880952380954,15.16955357142857,2.332755785709779,3.0392857142857137,112.0,yellow
Humboldt Park,North Park,51.1,24.65,17.86,2.0730223123732254,5.5,1.0,yellow
Humboldt Park,Norwood Park,68.25,27.083333333333332,27.06,2.52,10.3,1.0,orange
Humboldt Park,O'Hare,69.14908008658008,42.166612554112554,61.561688311688314,1.7489043545780323,15.280194805194803,308.0,green
Humboldt Park,Old Town,38.20147058823528,23.077450980392157,18.585294117647063,1.7017883137974812,4.870588235294118,34.0,green
Humboldt Park,Portage Park,45.693137254901956,18.501960784313724,16.348235294117647,2.505915562363506,4.576470588235295,17.0,orange
Humboldt Park,River North,36.52624521072797,20.465493295019158,20.16191091954023,1.8149932444645553,4.454454022988506,696.0,green
Humboldt Park,Rogers Park,78.39722222222223,33.772222222222226,28.82833333333333,2.400503232330877,10.433333333333334,6.0,orange
Humboldt Park,Rush & Division,30.088888888888892,17.715277777777775,20.139166666666668,1.7150980139895182,4.033333333333333,12.0,green
Humboldt Park,Sheffield & DePaul,47.39222222222222,21.185555555555556,18.188,2.2941953524362524,4.206666666666667,15.0,yellow
Humboldt Park,South Chicago,96.46666666666667,28.95,33.73,3.332181922855498,17.4,1.0,red
Humboldt Park,Streeterville,49.07025641025641,24.462307692307697,23.35702564102564,2.0544296308033108,5.208205128205128,195.0,yellow
Humboldt Park,Ukrainian Village,20.4391975308642,8.453086419753086,12.361481481481484,2.625304733117792,1.6537037037037037,54.0,orange
Humboldt Park,United Center,30.53453703703704,9.898981481481483,15.2095,3.213742992573844,2.2544444444444443,180.0,red
Humboldt Park,Uptown,59.72830188679246,32.04150943396226,28.726603773584905,1.9610227042238644,6.926415094339623,53.0,green
Humboldt Park,West Loop,38.270771034887126,17.153957783641165,19.888935795954268,2.2817431368758827,3.7586631486367628,1137.0,yellow
Humboldt Park,West Town,30.010574712643695,14.672988505747128,17.271103448275863,2.1617407727056404,2.935862068965517,145.0,yellow
Humboldt Park,Wicker Park,26.00605095541402,11.437367303609342,13.229426751592356,2.3750599426013133,2.326751592356688,157.0,orange
Humboldt Park,Woodlawn,82.125,30.458333333333332,37.48,2.798586021162281,13.3,2.0,red
Humboldt Park,Wrigleyville,49.276666666666664,33.92444444444445,26.008,1.4780702149345557,5.379999999999999,15.0,green
Hyde Park,Albany Park,96.61666666666666,43.03333333333333,39.71,2.245158791634392,16.7,1.0,yellow
Hyde Park,Armour Square,47.61666666666667,19.07777777777778,17.046666666666667,2.61879215116064,6.066666666666666,3.0,orange
Hyde Park,Ashburn,69.58333333333333,33.63717948717949,29.91,2.081452122394941,9.023076923076923,13.0,yellow
Hyde Park,Austin,98.83333333333333,24.0,21.23,4.118055555555555,13.9,1.0,red
Hyde Park,Avalon Park,42.23333333333333,15.068548387096774,17.437258064516133,2.8569304713407266,3.737096774193548,62.0,red
Hyde Park,Avondale,73.72142857142856,32.03809523809524,25.432857142857138,2.397354675705329,14.414285714285715,7.0,orange
Hyde Park,Beverly,84.75,25.583333333333332,31.23,3.3127035830618894,11.1,1.0,red
Hyde Park,Bridgeport,42.48156028368794,20.277304964539006,19.991063829787233,2.139773406157443,6.1063829787234045,47.0,yellow
Hyde Park,Bucktown,70.72999999999999,44.56666666666666,30.806,1.7938203447291166,11.74,5.0,green
Hyde Park,Burnside,39.88333333333333,22.774242424242427,22.154545454545453,1.7541722597245373,5.945454545454546,11.0,green
Hyde Park,Calumet Heights,42.583333333333336,22.020833333333336,17.3775,1.9363038427597687,6.175,4.0,green
Hyde Park,Chatham,43.49629629629631,20.74510582010582,19.096111111111114,2.124239637749204,5.116666666666667,126.0,yellow
Hyde Park,Chinatown,44.202551191675056,16.977016896050127,19.612433702584756,2.6173907634161577,6.260657938905673,2979.0,orange
Hyde Park,Douglas,36.867543859649125,13.34122807017544,17.132105263157893,2.7953184112462552,4.468421052631579,19.0,red
Hyde Park,East Village,72.29109195402299,28.89425287356322,27.20189655172414,2.533261618474401,11.05689655172414,58.0,orange
Hyde Park,Edgewater,78.3388888888889,32.946296296296296,32.534444444444446,2.4279095720271884,16.51111111111111,9.0,orange
Hyde Park,Englewood,35.23791666666667,14.9275,15.338999999999999,2.5047443474191375,3.1874999999999996,40.0,orange
Hyde Park,Fuller Park,29.673578595317725,11.991304347826087,7.054565217391304,2.544182676167748,2.3744147157190643,598.0,orange
Hyde Park,Garfield Ridge,73.20402640264028,36.75770627062706,47.22160396039603,2.029393007682119,9.533564356435646,2020.0,yellow
Hyde Park,Gold Coast,59.152564102564114,28.52628205128205,31.258846153846164,2.1457276213918637,9.646153846153846,26.0,yellow
Hyde Park,Grand Boulevard,29.764898989898988,9.739772727272726,12.452803030303032,3.1384022135162377,2.4931818181818177,132.0,red
Hyde Park,Grand Crossing,37.3879674796748,15.196504065040648,15.345756097560976,2.5031229896234217,3.49609756097561,205.0,orange
Hyde Park,Grant Park,39.65120042872454,18.85635584137192,22.506983922829583,2.136349535147339,7.162443729903537,1555.0,yellow
Hyde Park,Humboldt Park,86.47407407407405,32.970370370370375,28.488888888888887,2.6828164619713117,11.955555555555556,9.0,orange
Hyde Park,Hyde Park,16.934235117599975,7.927802012372082,4.162094177778122,2.171966397044596,1.3460473591155102,388563.0,yellow
Hyde Park,Irving Park,77.03333333333333,25.666666666666668,28.76,3.001298701298701,15.2,1.0,red
Hyde Park,Jackson Park,17.0842915660888,7.469051733596665,4.8094365810840465,2.3133364055449026,1.3260149220978714,36456.0,yellow
Hyde Park,Kenwood,24.474607261072872,11.985137217814675,3.3903819681605634,2.1374822528534234,2.1213523879577574,19033.0,yellow
Hyde Park,Lake View,66.18181818181817,31.31060606060606,28.808181818181822,2.3253426342865366,12.18181818181818,11.0,yellow
Hyde Park,Lincoln Park,68.78953488372093,36.36279069767442,31.567751937984497,1.9952801384322105,10.818604651162788,129.0,green
Hyde Park,Lincoln Square,75.88333333333334,39.858333333333334,41.23,1.9485971030801386,15.15,2.0,green
Hyde Park,"Little Italy, UIC",68.02884057971015,27.533043478260872,27.026086956521738,2.519945255879992,9.451304347826088,115.0,orange
Hyde Park,Logan Square,69.71555555555557,41.26222222222222,38.48533333333334,1.7751329686654316,13.266666666666667,15.0,green
Hyde Park,Loop,50.07167620469436,22.021638881977278,24.77958696193083,2.2950316608623185,8.26417019158995,4019.0,yellow
Hyde Park,Lower West Side,63.010952380952375,22.433015873015872,24.138952380952382,2.97197220915809,8.020952380952382,105.0,red
Hyde Park,Montclare,83.2,99.01666666666667,75.23,0.8402625820568929,19.0,1.0,green
Hyde Park,Museum Campus,45.70459518599562,17.669460247994166,20.11385557986871,2.5796181298092247,6.5656892778993425,2285.0,orange
Hyde Park,Near South Side,38.074999999999996,15.343279569892475,19.874596774193552,2.57122738871239,5.969354838709677,124.0,orange
Hyde Park,New City,54.666666666666664,18.558333333333334,21.965,2.9549534703687383,5.050000000000001,2.0,red
Hyde Park,O'Hare,113.11911042151539,61.24702611843807,75.36971295577968,1.931191754498325,25.93118696664081,1289.0,green
Hyde Park,Oakland,39.9,7.711111111111111,13.163333333333334,5.524235058621675,1.9666666666666668,3.0,red
Hyde Park,Old Town,62.481462585034016,38.493537414965985,32.295204081632654,1.661687761531211,11.10714285714286,98.0,green
Hyde Park,Pullman,46.583333333333336,34.13333333333333,28.9,1.36474609375,8.2,1.0,green
Hyde Park,River North,50.845655058043114,27.175373134328357,28.80750248756219,1.9531304256046882,9.001094527363183,1005.0,green
Hyde Park,Rogers Park,82.75833333333333,38.224999999999994,41.03,2.171416652697987,16.65,2.0,yellow
Hyde Park,Roseland,53.18627450980392,27.238235294117647,22.142941176470593,2.177679002659054,8.452941176470588,17.0,yellow
Hyde Park,Rush & Division,51.852380952380955,22.235714285714288,20.015714285714285,2.3927546444501533,9.299999999999999,7.0,orange
Hyde Park,South Chicago,51.65980392156863,19.145098039215686,22.008823529411767,2.7333286366187473,5.811764705882353,17.0,orange
Hyde Park,South Deering,37.843867924528304,24.0625786163522,26.478962264150947,1.5838856167994624,6.764150943396225,106.0,green
Hyde Park,South Shore,37.14411764705882,15.331433823529414,15.734742647058821,2.512728150798881,3.562132352941177,272.0,orange
Hyde Park,Streeterville,58.092537862079105,26.166975444787532,29.175284516982796,2.277834713815168,8.7696074106749,2267.0,yellow
Hyde Park,United Center,63.010256410256375,30.07777777777779,35.30230769230769,2.1405497419150796,10.123076923076923,39.0,yellow
Hyde Park,Uptown,79.62280701754386,34.63508771929824,31.560000000000006,2.4178888633424576,14.784210526315789,19.0,orange
Hyde Park,Washington Heights,53.9,22.188888888888886,21.63,2.429948241537533,9.666666666666666,3.0,orange
Hyde Park,Washington Park,22.295402298850576,6.797126436781608,9.454827586206896,3.5643142353911768,1.4068965517241379,29.0,red
Hyde Park,West Loop,54.004490421455934,24.426068965517242,27.18608275862069,2.26746397371687,8.940919540229885,2175.0,yellow
Hyde Park,West Pullman,95.93333333333334,17.883333333333333,23.33,5.364398881640262,11.2,1.0,red
Hyde Park,West Town,70.30460992907803,28.987943262411346,33.450425531914895,2.5298235607362747,10.080851063829787,47.0,orange
Hyde Park,Wicker Park,66.75714285714285,31.72738095238095,30.207857142857147,2.143618513569467,10.885714285714286,14.0,yellow
Hyde Park,Woodlawn,14.949403033991949,7.034473265287013,1.9550318381870961,2.1613857758861514,1.1525873209101976,106790.0,yellow
Hyde Park,Wrigleyville,63.81666666666668,26.276666666666664,24.936,2.4317246824037397,12.98,5.0,orange
Irving Park,,62.03333333333333,25.016666666666666,21.23,2.4796802131912057,7.6,1.0,orange
Irving Park,Albany Park,18.420531400966183,8.592753623188408,11.712318840579712,2.227067858423681,1.684057971014493,69.0,yellow
Irving Park,Andersonville,41.05,21.346666666666664,17.330000000000002,1.972060849289545,4.380000000000001,5.0,green
Irving Park,Auburn Gresham,89.45,50.71666666666667,32.07,1.7637200131449227,16.9,1.0,green
Irving Park,Austin,57.53333333333333,30.041666666666664,20.59,1.9247514438517204,6.7,2.0,green
Irving Park,Avondale,31.93942652329748,9.854480286738351,13.608494623655915,3.497786319518844,1.736559139784946,93.0,red
Irving Park,Belmont Cragin,35.68673469387755,16.76394557823129,16.89938775510204,2.1739184884835314,3.644897959183673,49.0,yellow
Irving Park,Boystown,37.48,19.06666666666667,16.938,2.0415531742714754,3.8199999999999994,10.0,yellow
Irving Park,Bucktown,39.881249999999994,14.560416666666669,14.216875000000002,2.7615366873758327,3.0875,32.0,orange
Irving Park,Chicago Lawn,114.78333333333333,47.06666666666667,41.23,2.438739376770538,18.0,1.0,orange
Irving Park,Chinatown,55.2,32.3,21.23,1.7089783281733748,9.7,1.0,green
Irving Park,Dunning,25.816666666666666,11.5,11.23,2.244927536231884,3.4,1.0,yellow
Irving Park,East Village,37.05,9.516666666666667,11.71,3.8931698774080554,5.6,1.0,red
Irving Park,Edgewater,51.499999999999986,23.19814814814815,19.08888888888889,2.3819287099289284,5.088888888888889,9.0,orange
Irving Park,Gold Coast,62.2,23.816666666666666,38.525,2.6395483738131253,7.6,2.0,orange
Irving Park,Grant Park,55.31904761904762,28.21190476190476,25.11809523809524,2.0243868387062363,8.0,21.0,yellow
Irving Park,Humboldt Park,37.003125000000004,19.913194444444443,17.2575,1.8835257673973949,4.233333333333333,48.0,green
Irving Park,Hyde Park,73.6,49.13333333333333,33.02,1.4979647218453187,18.5,1.0,green
Irving Park,Irving Park,14.453086419753086,5.93858024691358,9.140370370370372,2.551871321932485,1.0907407407407408,54.0,orange
Irving Park,Jefferson Park,26.160000000000004,9.646666666666667,14.557999999999998,2.7366763565760848,2.2800000000000002,5.0,orange
Irving Park,Lake View,36.312820512820515,22.00920060331825,20.84524886877828,1.7710123131140907,4.067873303167421,221.0,green
Irving Park,Lincoln Park,45.72321428571429,21.332142857142863,20.36982142857142,2.3217637254925285,4.583928571428571,56.0,yellow
Irving Park,Lincoln Square,31.035144927536233,14.644202898550725,15.809347826086958,2.3088158959199028,2.6652173913043478,46.0,yellow
Irving Park,"Little Italy, UIC",48.647530864197535,19.514197530864198,18.458518518518517,2.788651823098453,8.911111111111111,27.0,red
Irving Park,Logan Square,27.800999999999995,13.839000000000004,14.430400000000002,2.2294691884768127,2.6660000000000004,50.0,yellow
Irving Park,Loop,49.97869536202869,30.108441775108446,28.754594594594593,1.762427647956635,7.57057057057057,999.0,green
Irving Park,Lower West Side,67.08095238095237,26.142857142857142,26.825714285714287,2.6773765985588187,9.585714285714285,7.0,orange
Irving Park,Montclare,49.333333333333336,19.216666666666665,25.435,2.57113239273639,4.65,2.0,orange
Irving Park,Museum Campus,83.22500000000001,37.04270833333333,28.663749999999997,2.3407910433560155,10.5375,16.0,yellow
Irving Park,New City,81.55,28.075000000000003,27.48,3.0202818279424104,13.6,2.0,red
Irving Park,North Center,27.795624999999994,11.136875,13.875000000000004,2.6480592604059496,2.3187500000000005,80.0,orange
Irving Park,North Park,25.172222222222228,11.286111111111111,13.279166666666667,2.338365582103355,2.2916666666666665,12.0,yellow
Irving Park,Norwood Park,40.56666666666666,16.394444444444446,19.408333333333335,2.5386511666464844,4.983333333333333,6.0,orange
Irving Park,O'Hare,57.57519137091162,27.652540013917886,40.03772442588726,2.2011617290302583,11.2482254697286,479.0,yellow
Irving Park,Old Town,60.88333333333333,27.125,23.509999999999998,2.265495201702268,5.949999999999999,2.0,yellow
Irving Park,Portage Park,23.11575342465753,11.963698630136987,12.831506849315069,2.009478006004345,2.0684931506849313,73.0,green
Irving Park,River North,51.90700000000001,25.977000000000004,25.853500000000004,2.2025039040364107,6.954000000000001,100.0,yellow
Irving Park,Rush & Division,58.35,36.40333333333333,16.208000000000002,1.625692555601669,7.080000000000001,5.0,green
Irving Park,Streeterville,57.77185185185185,26.313333333333333,26.10444444444444,2.3169962577957612,8.038888888888891,90.0,yellow
Irving Park,Ukrainian Village,51.92222222222222,25.424999999999997,20.831666666666667,2.1637138538757923,5.3500000000000005,6.0,yellow
Irving Park,United Center,54.21827956989248,23.779569892473116,23.46741935483871,2.335537278171902,6.9709677419354845,31.0,yellow
Irving Park,Uptown,42.90784313725489,21.234558823529408,19.34073529411765,2.0504573939191637,4.385294117647059,204.0,yellow
Irving Park,West Loop,56.222743055555554,22.401562499999997,22.721666666666668,2.739393641203313,6.979166666666667,96.0,orange
Irving Park,West Ridge,42.69814814814815,20.47222222222222,19.034444444444446,2.1063059190776006,4.555555555555555,9.0,yellow
Irving Park,West Town,41.03095238095238,26.557142857142857,21.357142857142858,1.6580425949994104,5.871428571428573,7.0,green
Irving Park,Wicker Park,40.12373737373737,19.53131313131313,20.417272727272728,2.230377929271987,4.448484848484849,33.0,yellow
Irving Park,Wrigleyville,37.890740740740746,23.45703703703704,21.416444444444448,1.7048166634468591,4.12,45.0,green
Jackson Park,Armour Square,41.43333333333333,14.683333333333334,16.66,2.821793416572077,5.8,1.0,red
Jackson Park,Auburn Gresham,57.13333333333333,20.644444444444442,20.026666666666667,2.7958971652957234,6.1000000000000005,3.0,red
Jackson Park,Calumet Heights,40.6,18.341666666666665,16.625,2.3061196751772077,4.15,2.0,yellow
Jackson Park,Chatham,55.71666666666667,17.383333333333333,14.33,3.205177372962608,5.7,1.0,red
Jackson Park,Chinatown,44.98793738489871,14.140147329650091,17.24193370165746,3.2133800603545057,6.26353591160221,181.0,red
Jackson Park,Douglas,39.13333333333333,15.801666666666668,16.479999999999997,2.5519625756953825,4.68,10.0,orange
Jackson Park,Englewood,39.77614379084967,15.034640522875817,15.155490196078432,2.7357005937009546,3.6549019607843136,51.0,orange
Jackson Park,Gage Park,43.2,28.275,24.715000000000003,1.5281701692295289,7.050000000000001,2.0,green
Jackson Park,Garfield Ridge,74.47561936936937,38.52128378378377,50.60442567567567,2.0019800997217816,11.439189189189188,296.0,green
Jackson Park,Grand Crossing,36.56929824561404,11.683333333333332,13.95263157894737,3.165852039383148,3.1684210526315795,19.0,red
Jackson Park,Grant Park,28.533333333333335,16.54583333333333,23.175416666666667,1.8392443210079357,6.916666666666666,120.0,green
Jackson Park,Hyde Park,18.199343698726466,6.567296924238874,8.65302054848035,2.804168754798575,1.1713102586139543,12799.0,red
Jackson Park,Jackson Park,21.211111111111116,7.565873015873016,11.67142857142857,3.122685832394357,1.5714285714285714,21.0,red
Jackson Park,Kenwood,15.308602150537634,6.868817204301076,7.284677419354839,2.310961020595352,1.3193548387096776,62.0,yellow
Jackson Park,Lake View,63.85,46.787499999999994,38.787499999999994,1.3826040521059506,13.674999999999999,4.0,green
Jackson Park,Lincoln Park,66.78333333333333,27.933333333333334,38.57818181818182,2.515267162532289,11.236363636363636,11.0,orange
Jackson Park,"Little Italy, UIC",73.90891472868218,27.498062015503873,26.19604651162791,2.82313238415997,10.518604651162791,43.0,red
Jackson Park,Loop,43.231549465701484,21.27830058600483,26.683185108583245,2.0767899751361694,7.878283350568768,1934.0,yellow
Jackson Park,Museum Campus,29.574399531341538,12.91376684241359,18.789507908611597,2.306286666918368,6.345518453427065,569.0,yellow
Jackson Park,Near South Side,38.28333333333333,15.101282051282052,32.31153846153846,2.591834881906097,6.6230769230769235,13.0,orange
Jackson Park,North Lawndale,90.65,32.650000000000006,27.595,2.7786067381272272,12.65,2.0,red
Jackson Park,O'Hare,108.30123042505592,47.73825503355704,70.3761744966443,2.342923070413056,26.671140939597315,149.0,yellow
Jackson Park,Old Town,62.855555555555554,26.87777777777778,22.5,2.411058667421784,11.700000000000001,3.0,orange
Jackson Park,River North,50.349668758716874,25.248675034867507,31.105638075313806,2.025842996641624,8.471652719665272,956.0,yellow
Jackson Park,Rogers Park,89.86666666666666,39.15,33.73,2.295444870157514,17.8,1.0,yellow
Jackson Park,Sheffield & DePaul,63.966666666666676,26.076190476190476,37.76857142857143,2.4712872815523363,11.671428571428569,7.0,orange
Jackson Park,South Chicago,35.97361111111111,11.026388888888889,14.674166666666666,3.4171947876096884,2.75,12.0,red
Jackson Park,South Shore,19.73095238095238,7.9218253968253975,10.765476190476193,2.5941305051784362,1.5785714285714287,42.0,orange
Jackson Park,Streeterville,52.29212701991734,22.138199924840283,29.662728297632466,2.423814809336953,8.264825253664036,887.0,orange
Jackson Park,Uptown,73.36666666666666,34.86666666666667,31.23,2.104206500956023,14.8,1.0,yellow
Jackson Park,Washington Heights,76.67777777777778,27.87222222222222,22.366666666666664,2.850958970722548,8.266666666666666,6.0,red
Jackson Park,Washington Park,23.816666666666666,14.883333333333333,14.827499999999999,1.8897092301127854,3.05,4.0,green
Jackson Park,West Loop,55.952173913043495,22.83795289855072,26.7525,2.5602007484759164,9.138586956521738,184.0,orange
Jackson Park,West Town,56.83333333333334,27.916666666666668,35.55692307692307,2.1431361301416536,9.946153846153845,13.0,yellow
Jackson Park,Woodlawn,24.880968858131496,8.22381776239908,5.497439446366782,3.1326180313105807,1.5982698961937714,289.0,red
Jefferson Park,Albany Park,25.49615384615385,12.155128205128204,13.68153846153846,2.29710379231111,2.553846153846154,13.0,yellow
Jefferson Park,Austin,47.85,26.359999999999996,20.342000000000002,1.8223194958773832,6.58,5.0,green
Jefferson Park,Belmont Cragin,30.6,18.156666666666666,13.788,1.717694756272382,2.87,10.0,green
Jefferson Park,Bucktown,47.31969696969697,28.543939393939397,17.08636363636364,1.6791273907469917,6.136363636363637,11.0,green
Jefferson Park,Edgewater,52.86083333333333,28.02333333333333,21.2535,1.9459516818625353,7.05,20.0,green
Jefferson Park,Edison Park,50.68690476190477,10.836904761904762,18.452142857142857,5.34230556476357,3.671428571428571,14.0,red
Jefferson Park,Garfield Park,57.1,23.483333333333334,25.63,2.431511710432931,7.2,1.0,orange
Jefferson Park,Garfield Ridge,100.43333333333334,55.65,49.52,1.8521240916819253,16.033333333333335,3.0,green
Jefferson Park,Hyde Park,85.35,27.866666666666667,32.7,3.0627990430622005,18.6,1.0,red
Jefferson Park,Irving Park,35.72142857142857,11.911904761904761,13.305238095238094,3.2478502406652567,3.304761904761905,21.0,red
Jefferson Park,Jefferson Park,16.52797619047619,6.473214285714285,9.14,2.6281584100412148,1.396428571428571,56.0,orange
Jefferson Park,Lake View,55.016666666666666,31.125,21.075000000000003,1.7819820048272983,7.95,2.0,green
Jefferson Park,Lincoln Park,70.8375,28.245833333333334,22.185000000000002,2.5930357476097603,8.575,4.0,orange
Jefferson Park,Lincoln Square,36.18333333333333,19.58333333333334,17.296818181818182,1.866421493373393,4.2272727272727275,22.0,green
Jefferson Park,"Little Italy, UIC",59.00888888888889,30.356666666666666,24.378666666666668,2.0598709768176766,10.693333333333335,15.0,yellow
Jefferson Park,Logan Square,33.19166666666666,14.764999999999997,15.374999999999996,2.42878361163294,5.659999999999999,10.0,orange
Jefferson Park,Loop,49.731434599156124,33.417088607594934,30.510379746835444,1.6323535899068216,10.473417721518988,79.0,green
Jefferson Park,Museum Campus,68.89509803921568,37.37352941176471,23.96764705882353,1.9452176302505881,12.07058823529412,17.0,green
Jefferson Park,Near South Side,62.266666666666666,23.683333333333334,16.32,2.6571848292603573,12.75,2.0,orange
Jefferson Park,North Center,43.53333333333333,16.34583333333333,15.707500000000001,2.677206955351452,4.425000000000001,4.0,orange
Jefferson Park,North Park,36.464285714285715,11.93452380952381,15.127857142857144,3.0963832910229607,4.035714285714286,14.0,red
Jefferson Park,O'Hare,49.72358387799564,18.67478213507625,30.917712418300646,2.7496445437775687,8.23235294117647,306.0,orange
Jefferson Park,Portage Park,26.768333333333327,13.801666666666666,13.0435,2.086287179733956,2.19,20.0,yellow
Jefferson Park,River North,52.56666666666667,37.75208333333333,31.923749999999995,1.4420988538427324,9.7625,8.0,green
Jefferson Park,Streeterville,61.4,40.28333333333333,28.326666666666668,1.8544919978151266,11.1,3.0,green
Jefferson Park,Uptown,55.81666666666667,26.75,29.4,2.086604361370717,6.7,1.0,yellow
Jefferson Park,West Loop,49.53611111111112,27.22685185185185,26.56333333333333,2.040273670303754,9.41111111111111,18.0,yellow
Jefferson Park,Wicker Park,42.916666666666664,14.616666666666667,21.84,2.936145952109464,7.2,1.0,red
Kenwood,Auburn Gresham,59.18571428571429,26.938095238095237,27.458571428571428,2.2223029201864897,7.6000000000000005,7.0,yellow
Kenwood,Austin,73.85416666666667,37.6875,31.325,2.118238645546749,13.725,4.0,yellow
Kenwood,Bucktown,65.03333333333333,37.75,3.92,1.722737306843267,10.9,1.0,green
Kenwood,Calumet Heights,43.65,18.9,17.26,2.3095238095238098,6.0,1.0,yellow
Kenwood,Chatham,37.21666666666667,30.225,20.735,1.245948827292111,5.85,2.0,green
Kenwood,Douglas,33.1298449612403,12.22015503875969,11.60279069767442,2.7538276463521982,3.2744186046511623,43.0,orange
Kenwood,Englewood,32.416666666666664,14.816666666666666,23.73,2.18785151856018,4.5,1.0,yellow
Kenwood,Garfield Park,57.00999999999999,25.483333333333334,28.824,2.36372886699529,11.260000000000002,5.0,orange
Kenwood,Garfield Ridge,77.41567901234569,35.82962962962963,50.58214814814815,2.28805448967505,11.477777777777778,135.0,yellow
Kenwood,Grand Boulevard,19.719487179487178,7.089615384615385,11.887230769230769,2.837880897971051,1.4892307692307691,130.0,red
Kenwood,Grand Crossing,43.55,21.358333333333334,22.195,2.039556503374881,5.9,2.0,yellow
Kenwood,Grant Park,35.22581699346405,16.42843137254902,25.577058823529413,2.190125677922052,5.731372549019607,51.0,yellow
Kenwood,Humboldt Park,73.53333333333333,30.863157894736847,26.893157894736845,2.3858167180472702,11.62105263157895,19.0,orange
Kenwood,Hyde Park,18.5365157997448,8.742659310965998,8.305478495834272,2.246281065158127,1.5418374240036026,4441.0,yellow
Kenwood,Jackson Park,15.515306122448985,7.161564625850339,5.336734693877551,2.627272323621342,1.4877551020408164,49.0,orange
Kenwood,Kenwood,18.670526315789473,5.83657894736842,9.336052631578946,3.302149805780902,1.1047368421052628,190.0,red
Kenwood,Lake View,69.85,31.476666666666667,25.036,2.2641024079723793,11.62,5.0,yellow
Kenwood,Lincoln Park,59.89999999999999,20.064102564102562,23.393846153846155,3.1870704786343156,9.423076923076923,13.0,red
Kenwood,Lincoln Square,73.0,33.83,38.73,2.244496521466872,13.280000000000001,5.0,yellow
Kenwood,"Little Italy, UIC",56.76927083333333,20.253993055555554,19.201875000000005,2.8887643524442956,8.720833333333335,96.0,red
Kenwood,Little Village,68.36666666666666,19.639999999999997,18.586000000000002,3.8062843838447806,9.48,5.0,red
Kenwood,Logan Square,62.983333333333334,22.716666666666665,24.23,2.7725605282465153,11.9,1.0,red
Kenwood,Loop,37.030480225988704,21.927584745762715,24.172127118644067,1.7243598601000854,6.924322033898305,1180.0,green
Kenwood,Mckinley Park,51.657407407407405,16.746296296296297,17.56888888888889,3.1029558183618184,4.822222222222223,18.0,red
Kenwood,Museum Campus,33.333333333333336,11.18452380952381,18.876428571428573,3.0140173100510705,4.5928571428571425,14.0,red
Kenwood,Near South Side,38.32716666666666,13.141499999999999,18.073700000000002,3.025522654353647,4.872999999999999,100.0,red
Kenwood,North Lawndale,77.65,22.858333333333334,30.14,3.447687501147233,11.5,2.0,red
Kenwood,O'Hare,106.48497409326426,47.950604490500865,68.08735751295336,2.377449903296099,25.19170984455959,193.0,orange
Kenwood,Old Town,54.70000000000001,27.149999999999995,31.413333333333338,2.10938332593691,9.866666666666667,3.0,yellow
Kenwood,Portage Park,92.9,58.266666666666666,35.95,1.5943935926773456,16.5,1.0,green
Kenwood,Pullman,62.36666666666666,25.2,20.326,2.519111852613563,11.75,10.0,orange
Kenwood,River North,49.66200980392157,24.156372549019608,25.323970588235298,2.1870858032012537,8.061764705882354,68.0,yellow
Kenwood,Roseland,50.88333333333333,19.155555555555555,17.700000000000003,2.659491875222022,8.433333333333332,3.0,orange
Kenwood,South Chicago,51.123333333333335,18.206666666666667,14.213,2.9495870386104195,6.09,10.0,red
Kenwood,South Deering,51.58846153846153,25.155128205128204,22.38,2.057726889348735,7.423076923076922,13.0,yellow
Kenwood,South Shore,33.27901234567902,16.685802469135798,16.350370370370374,2.170239850294188,4.166666666666667,27.0,yellow
Kenwood,Streeterville,49.23181818181818,21.722943722943725,23.51194805194805,2.3787894613180733,7.4233766233766225,154.0,orange
Kenwood,United Center,57.75125786163522,21.658805031446548,22.82,2.748472326706757,8.79433962264151,53.0,orange
Kenwood,Washington Heights,68.68333333333334,26.2,24.32,2.621501272264631,9.3,1.0,orange
Kenwood,Washington Park,34.39666666666667,15.226666666666665,14.138,2.5037031407835197,4.5600000000000005,5.0,orange
Kenwood,West Loop,49.360701754385964,20.443070175438596,21.180894736842102,2.462763314400438,7.421578947368422,190.0,orange
Kenwood,West Town,63.01111111111111,40.288888888888884,29.896666666666665,1.6862107399511845,9.700000000000001,3.0,green
Kenwood,Woodlawn,28.75592592592593,13.171975308641976,6.412,2.326575962799211,2.4044444444444446,135.0,yellow
Lake View,,77.18333333333334,23.583333333333336,26.23,3.2741667765905995,10.649999999999999,2.0,red
Lake View,Albany Park,33.25643939393939,14.860984848484845,18.73681818181818,2.3971737752937847,3.713636363636364,44.0,orange
Lake View,Andersonville,27.781847826086956,13.486992753623191,16.334804347826086,2.14175986971189,3.0526086956521734,460.0,yellow
Lake View,Armour Square,46.21200000000001,27.7,28.341600000000003,1.7211492608377401,9.292,25.0,green
Lake View,Auburn Gresham,87.11666666666666,37.13333333333333,55.68,2.34605026929982,19.6,1.0,yellow
Lake View,Austin,67.29444444444444,34.5462962962963,19.320555555555558,1.977976339290998,8.566666666666668,18.0,green
Lake View,Avondale,34.40519031141868,17.53638985005767,17.13446366782007,2.2262939127253674,3.273010380622838,289.0,yellow
Lake View,Belmont Cragin,44.516666666666666,29.133333333333333,37.23,1.5280320366132722,6.4,1.0,green
Lake View,Boystown,15.18892156862745,6.7418627450980395,10.808223529411766,2.361147855162488,1.0762352941176472,850.0,orange
Lake View,Bridgeport,61.97916666666667,26.758333333333333,32.57,2.3826644792941063,10.25,4.0,orange
Lake View,Bucktown,34.487496087636934,15.578184663536776,17.56399061032864,2.3541761350835486,2.823943661971831,1065.0,orange
Lake View,Chatham,84.48333333333333,63.833333333333336,63.73,1.3234986945169713,15.8,1.0,green
Lake View,Chinatown,41.22095238095238,26.64190476190476,25.265714285714285,1.6022014754036629,8.548571428571428,35.0,green
Lake View,Douglas,61.56333333333332,30.477333333333327,21.7692,2.169941125257164,9.2,25.0,yellow
Lake View,Dunning,59.844444444444456,35.56111111111111,35.99666666666667,1.7512489726340903,8.233333333333333,3.0,green
Lake View,East Village,37.76996855345912,19.125314465408806,20.335518867924527,2.086912195368329,4.246226415094339,212.0,yellow
Lake View,Edgewater,30.185532591414944,12.990673025967144,16.16564387917329,2.4366801579263306,4.043561208267091,629.0,orange
Lake View,Edison Park,67.72500000000001,28.291666666666668,39.90833333333334,2.429544069163529,10.066666666666665,6.0,orange
Lake View,Englewood,60.325,24.708333333333336,25.77,2.4541315519013356,13.85,2.0,orange
Lake View,Gage Park,66.08333333333333,38.85,49.23,1.7009867009867008,16.5,1.0,green
Lake View,Galewood,68.9,36.922222222222224,29.97666666666667,1.883926488061526,9.633333333333333,3.0,green
Lake View,Garfield Park,47.9989247311828,34.262365591397845,28.553870967741933,1.4268726544786725,7.606451612903225,31.0,green
Lake View,Garfield Ridge,86.62843478260871,45.41692753623188,58.66913043478261,2.0465029859870976,16.898260869565217,575.0,yellow
Lake View,Gold Coast,23.82657269642391,12.369498825371965,17.32159749412686,1.987785595408242,3.5471417384494908,1277.0,green
Lake View,Grand Boulevard,61.81666666666666,20.858333333333334,37.370000000000005,3.012293721730808,10.1,2.0,red
Lake View,Grant Park,43.64038015762633,20.36272600834492,24.06317107093185,2.2822721316312453,5.993741307371349,719.0,yellow
Lake View,Hermosa,47.839999999999996,22.54666666666667,16.78,2.1498270611440513,4.720000000000001,5.0,yellow
Lake View,Humboldt Park,49.75352941176471,22.032745098039218,20.85411764705882,2.3222410706690764,5.518823529411765,85.0,yellow
Lake View,Hyde Park,67.43756218905473,27.70572139303482,30.137611940298505,2.499767374671737,12.87910447761194,67.0,orange
Lake View,Irving Park,42.05567375886525,17.121985815602834,21.129787234042553,2.536306418197138,3.9340425531914893,47.0,orange
Lake View,Jefferson Park,63.11833333333334,26.698333333333334,28.266999999999996,2.520584167534193,7.7,10.0,orange
Lake View,Kenwood,56.333333333333336,21.681666666666665,24.588,2.6797165406173007,11.28,10.0,orange
Lake View,Lake View,17.376691741408685,7.276114700871186,11.281669399170605,2.520926245407372,1.228035490404089,10369.0,orange
Lake View,Lincoln Park,21.808043450560653,10.203397362385322,13.900504587155964,2.224749294530771,1.9514430428134557,10464.0,yellow
Lake View,Lincoln Square,32.48658536585366,16.14002501563477,18.331181988742966,2.1667228514959045,3.1517823639774862,533.0,yellow
Lake View,"Little Italy, UIC",56.75051546391753,25.020217640320737,23.067491408934703,2.2989874873223624,7.79278350515464,291.0,yellow
Lake View,Little Village,69.63333333333333,28.59166666666667,22.89,2.4989221127504893,11.0,2.0,orange
Lake View,Logan Square,40.49712482468443,19.60944366526414,19.094488078541374,2.200906318879831,3.7969144460028046,713.0,yellow
Lake View,Loop,35.09713410352972,19.693382055700944,24.402249952128678,1.846483638567384,5.740997000063828,15667.0,green
Lake View,Lower West Side,55.72805555555556,27.191111111111113,28.757166666666663,2.130311002296374,8.595,60.0,yellow
Lake View,Mckinley Park,72.58333333333333,23.3,24.7,3.1151645207439196,11.9,1.0,red
Lake View,Montclare,62.31666666666667,31.266666666666666,28.73,1.9930703624733477,8.3,1.0,green
Lake View,Museum Campus,54.583047619047626,23.821166666666667,26.080357142857142,2.4617555361519985,7.451285714285714,700.0,orange
Lake View,Near South Side,51.08333333333332,24.518589743589743,27.22192307692308,2.297425134059245,8.590384615384615,52.0,yellow
Lake View,New City,70.7,30.15,29.64,2.3449419568822556,11.9,1.0,yellow
Lake View,North Center,26.227140255009108,11.974893746205222,15.366994535519124,2.359076552320132,2.185610200364299,549.0,orange
Lake View,North Lawndale,60.083333333333336,29.943333333333328,44.771,2.0242224902820594,6.4,10.0,yellow
Lake View,North Park,45.02777777777777,23.54444444444444,23.94666666666667,1.905812174418869,6.033333333333334,3.0,green
Lake View,Norwood Park,68.39791666666667,44.25833333333333,30.819374999999997,1.8666435919924547,9.46875,16.0,green
Lake View,O'Hare,82.37623107643726,43.07282251323489,58.907030370576756,1.995170322648137,15.411200891613262,17945.0,green
Lake View,Old Town,27.28961427392739,13.136489273927392,16.777846534653467,2.1626308784919575,3.02865099009901,1616.0,yellow
Lake View,Portage Park,56.8068376068376,22.736324786324783,20.584358974358977,2.6735330814996,6.65,78.0,orange
Lake View,River North,29.3222147248463,17.604643374818814,21.61241640425851,1.7317588343702937,4.469485680011996,13338.0,green
Lake View,Rogers Park,33.57257187257187,17.22035742035742,20.970559440559438,1.999790260444989,5.251515151515152,429.0,green
Lake View,Rush & Division,25.906292517006804,14.507210884353743,19.803204081632654,1.8253924477817245,4.081632653061224,490.0,green
Lake View,"Sauganash,Forest Glen",77.15925925925927,29.261111111111113,42.888888888888886,2.8743832591133764,8.3,9.0,red
Lake View,Sheffield & DePaul,19.624163227877123,8.385337001375516,12.917477303988996,2.557698243963705,1.4869601100412653,3635.0,orange
Lake View,South Shore,71.94444444444444,34.449999999999996,28.74666666666667,2.161125365088982,14.133333333333333,3.0,yellow
Lake View,Streeterville,30.056292286874157,14.814163283716734,19.944254999248233,2.112408765512385,4.367869493309277,6651.0,yellow
Lake View,Ukrainian Village,41.10098039215687,18.9828431372549,19.38352941176471,2.2902261347908155,4.48235294117647,34.0,yellow
Lake View,United Center,51.2227422003284,30.556403940886703,34.23793103448275,1.716069072331501,6.718226600985221,203.0,green
Lake View,Uptown,22.69623488773748,9.656048359240069,12.68459896373057,2.4402242896716677,2.0819274611398964,4825.0,orange
Lake View,West Loop,47.460540451326374,25.151047293242105,25.75458768455167,1.9567510200921954,5.494553474972992,11108.0,green
Lake View,West Ridge,49.43030303030302,20.350505050505053,21.014848484848486,2.485710564776699,5.41818181818182,33.0,orange
Lake View,West Town,38.158333333333324,19.241161178509536,20.297946273830156,2.096430567083621,3.9499999999999993,1154.0,yellow
Lake View,Wicker Park,42.16993727598567,20.367756869773,20.12158602150538,2.1587031800750247,4.124283154121864,1116.0,yellow
Lake View,Woodlawn,72.01666666666667,26.441666666666663,34.73,2.8642017940779554,14.25,2.0,red
Lake View,Wrigleyville,15.199160493827161,7.052419753086419,11.507437037037038,2.223362556866175,1.1408888888888888,675.0,yellow
Lincoln Park,Albany Park,32.733333333333334,22.104385964912282,20.38157894736842,1.496608119685002,5.605263157894737,19.0,green
Lincoln Park,Andersonville,41.01408045977011,19.165517241379312,21.236379310344834,2.2073567484628303,4.924137931034483,58.0,yellow
Lincoln Park,Armour Square,52.650000000000006,32.054487179487175,23.916153846153843,1.6878552488751464,9.65,26.0,green
Lincoln Park,Auburn Gresham,81.05,39.016666666666666,48.73,2.077317385732593,15.7,1.0,yellow
Lincoln Park,Austin,55.94871794871794,28.17948717948718,23.233076923076926,2.033219388763216,7.915384615384617,13.0,yellow
Lincoln Park,Avondale,46.504273504273506,21.118233618233617,22.660512820512817,2.4758003794883936,3.5863247863247865,117.0,orange
Lincoln Park,Belmont Cragin,62.43333333333333,42.233333333333334,28.51,1.4782951854775057,6.7,1.0,green
Lincoln Park,Boystown,20.178284124946515,11.011446298673514,14.78214377406932,1.9613683074959127,1.8803594351732988,779.0,green
Lincoln Park,Bridgeport,59.712500000000006,20.079166666666666,20.067500000000003,2.9773961896285996,7.8,4.0,red
Lincoln Park,Bucktown,30.628274129888766,12.945479009687837,15.005199138858988,2.5549468568958704,2.157588805166846,929.0,orange
Lincoln Park,Chatham,79.48333333333333,24.183333333333334,26.51,3.286698828394211,14.9,1.0,red
Lincoln Park,Chicago Lawn,76.23333333333333,34.86666666666667,36.23,2.1864244741873806,15.5,1.0,yellow
Lincoln Park,Douglas,58.623333333333335,29.606666666666666,28.698,2.0646872917500216,8.56,5.0,yellow
Lincoln Park,East Village,38.824744376278126,14.891206543967282,16.99282208588957,2.710232929216645,3.236196319018405,163.0,orange
Lincoln Park,Edgewater,43.710441767068275,18.002208835341367,21.302168674698798,2.6204431325419644,5.885542168674699,83.0,orange
Lincoln Park,Edison Park,86.5,27.405555555555555,34.745,3.2065222130001216,11.566666666666665,6.0,red
Lincoln Park,Garfield Park,72.4,23.51111111111111,28.906666666666666,3.087713759344437,9.1,3.0,red
Lincoln Park,Garfield Ridge,80.59949593495935,36.0320325203252,53.2334243902439,2.373564001517264,15.412682926829268,1025.0,orange
Lincoln Park,Gold Coast,18.561372141372143,9.230644490644492,15.035434511434511,2.034677836645428,1.8783367983367982,2405.0,yellow
Lincoln Park,Grant Park,39.91620546210889,18.856773376740822,21.69433532284319,2.198436820714027,4.500868149755833,1843.0,yellow
Lincoln Park,Hermosa,52.611111111111114,20.224074074074075,20.086666666666666,2.6943665318030243,4.866666666666666,9.0,orange
Lincoln Park,Humboldt Park,45.70037878787879,23.117613636363636,19.564886363636365,2.0778653206698987,4.509090909090908,88.0,yellow
Lincoln Park,Hyde Park,70.05757575757575,27.777777777777775,25.9069696969697,2.6113161991877347,11.83939393939394,33.0,orange
Lincoln Park,Irving Park,46.49649122807018,25.919736842105262,23.129473684210527,2.00242108672729,4.715789473684211,38.0,green
Lincoln Park,Jackson Park,63.86666666666666,18.801666666666666,25.119999999999997,3.412322162032691,10.690000000000001,10.0,red
Lincoln Park,Jefferson Park,63.24506172839505,23.99320987654321,19.587777777777777,2.7440308542090452,7.344444444444445,27.0,orange
Lincoln Park,Kenwood,55.5,18.0625,24.0825,3.0781086930516457,10.5,4.0,red
Lincoln Park,Lake View,22.599955602067674,10.749311832048964,13.823778898297022,2.228339047079631,1.9599372086385694,10511.0,yellow
Lincoln Park,Lincoln Park,21.919098064241652,8.489895766858117,12.417167836630504,2.632170497468454,1.4288449266113592,7835.0,orange
Lincoln Park,Lincoln Square,45.970987654320986,19.66774691358025,20.52916666666667,2.4273625225644793,5.539814814814815,108.0,orange
Lincoln Park,"Little Italy, UIC",38.59017094017094,21.33675213675214,20.202051282051283,1.8724652704016012,5.633333333333333,39.0,green
Lincoln Park,Logan Square,36.347946666666665,17.413493333333335,17.864192000000003,2.2287694939799003,3.27264,625.0,yellow
Lincoln Park,Loop,31.110990351558172,16.85251330819563,21.869502328934235,1.8954577351904318,3.473197848508373,36068.0,green
Lincoln Park,Lower West Side,51.30370370370368,20.827222222222222,22.152111111111108,2.5027850864807446,7.176666666666667,90.0,orange
Lincoln Park,Mckinley Park,65.95,17.766666666666666,10.14,3.712007504690432,10.4,1.0,red
Lincoln Park,Museum Campus,55.175321888412014,22.559251311397237,25.76882689556509,2.570322268582247,5.843633762517882,699.0,orange
Lincoln Park,Near South Side,44.220454545454544,19.472979797979797,28.57818181818182,2.3714207415381536,6.31060606060606,66.0,orange
Lincoln Park,North Center,38.05499999999999,14.477894736842106,17.771631578947364,2.723533812828709,3.004736842105263,190.0,orange
Lincoln Park,North Lawndale,64.5529411764706,22.09705882352941,20.056470588235296,3.037082812535175,8.676470588235293,17.0,red
Lincoln Park,North Park,58.016666666666666,27.233333333333334,20.45,2.1303549571603426,5.7,1.0,yellow
Lincoln Park,Norwood Park,78.65833333333333,28.3,39.855000000000004,3.2109718774218123,10.350000000000001,2.0,red
Lincoln Park,O'Hare,85.60914972427081,42.71160637166965,60.890184373131355,2.1208406272137665,15.993252940003986,20068.0,yellow
Lincoln Park,Old Town,23.252004142300198,8.216782407407408,13.570836988304093,2.905909376153694,1.5526315789473684,2736.0,red
Lincoln Park,Portage Park,68.78416666666666,33.79416666666667,29.5245,2.227970295797366,7.3950000000000005,20.0,yellow
Lincoln Park,River North,23.085004676643504,12.442411032424728,17.040013027792625,1.914614790367477,2.3316809192944947,29936.0,green
Lincoln Park,Rogers Park,48.27186147186147,19.28225108225108,21.165064935064933,2.593802730171898,7.206493506493508,77.0,orange
Lincoln Park,Rush & Division,21.419562688997438,9.333379855780414,15.090209351011861,2.3167773412575947,1.8625959525471039,1433.0,yellow
Lincoln Park,"Sauganash,Forest Glen",74.26666666666667,28.633333333333333,41.47,2.593713620488941,10.3,1.0,orange
Lincoln Park,Sheffield & DePaul,19.868079990616934,7.555084447572133,11.783486980999296,2.728473306330852,1.230295566502463,2842.0,orange
Lincoln Park,South Shore,65.125,29.583333333333336,26.492500000000003,2.228315983391398,12.525,4.0,yellow
Lincoln Park,Streeterville,24.856178560395428,11.987552407431926,17.171587448695885,2.070381696110334,2.6242552628094797,15106.0,yellow
Lincoln Park,Ukrainian Village,41.99418238993711,15.424213836477993,16.07509433962264,2.8097152299613843,3.3990566037735843,106.0,red
Lincoln Park,United Center,46.122931034482754,24.698103448275866,26.21865517241379,1.9537579932242042,4.348103448275862,580.0,green
Lincoln Park,Uptown,34.643255295429206,13.7355629877369,15.330914158305465,2.628564364720684,3.8153846153846156,897.0,orange
Lincoln Park,West Loop,43.569841575886116,19.28457051961824,21.68540923551528,2.3440360132697546,3.490229441820109,20746.0,yellow
Lincoln Park,West Ridge,66.8072072072072,25.602252252252253,21.848108108108104,2.6897670683307946,7.729729729729728,37.0,orange
Lincoln Park,West Town,36.69929840972872,14.878040224508887,17.180781103835358,2.6618118738070002,2.485874649204864,2138.0,orange
Lincoln Park,Wicker Park,34.77554252199414,17.148152492668622,16.94670381231672,2.138043334085295,2.653489736070381,1705.0,yellow
Lincoln Park,Woodlawn,62.016666666666666,27.833333333333332,30.025,2.2281437125748504,12.55,2.0,yellow
Lincoln Park,Wrigleyville,25.414117647058823,13.799635854341735,16.721546218487394,1.9797169169492697,2.681680672268907,595.0,green
Lincoln Square,Albany Park,25.066753926701566,11.1956369982548,12.847068062827224,2.366081645014768,2.1109947643979057,191.0,orange
Lincoln Square,Andersonville,19.97457627118644,8.294350282485876,11.488559322033899,2.4848579102116144,1.5610169491525423,118.0,orange
Lincoln Square,Austin,55.95,25.816666666666666,20.47,2.1672046481601033,7.0,1.0,yellow
Lincoln Square,Avondale,38.04329268292683,16.725406504065045,15.521951219512195,2.349106221541068,3.6256097560975618,82.0,orange
Lincoln Square,Belmont Cragin,67.655,38.32833333333333,32.343,1.7864416490900203,6.710000000000001,10.0,green
Lincoln Square,Boystown,33.54999999999999,15.04047619047619,17.70857142857143,2.2395971500037146,3.9857142857142853,21.0,yellow
Lincoln Square,Bucktown,30.537962962962965,19.651543209876543,18.274814814814818,1.5860368143111685,3.4981481481481476,54.0,green
Lincoln Square,Chicago Lawn,93.58333333333333,62.56666666666667,56.23,1.4957378795950984,18.9,1.0,green
Lincoln Square,Dunning,50.06666666666667,29.466666666666665,31.23,1.6990950226244346,8.3,1.0,green
Lincoln Square,East Village,47.838888888888896,21.280555555555555,20.433333333333334,2.3029200844982127,5.583333333333333,6.0,yellow
Lincoln Square,Edgewater,24.142434210526314,11.185087719298247,12.804276315789474,2.206839668628617,2.3236842105263156,152.0,yellow
Lincoln Square,Englewood,102.9,46.31666666666667,32.59,2.2216624685138537,18.2,1.0,yellow
Lincoln Square,Garfield Ridge,96.41666666666667,35.31666666666667,53.73,2.7300613496932513,17.4,2.0,orange
Lincoln Square,Gold Coast,49.8,27.152083333333334,29.4075,1.9594304433000054,7.425,8.0,green
Lincoln Square,Grand Crossing,80.05,29.466666666666665,44.54,2.716628959276018,16.3,1.0,orange
Lincoln Square,Grant Park,51.25637860082304,29.573868312757206,26.328641975308642,1.7620033636402286,8.81604938271605,81.0,green
Lincoln Square,Humboldt Park,51.90087719298245,29.82280701754386,22.561052631578953,1.8622559816975937,6.431578947368422,19.0,green
Lincoln Square,Hyde Park,81.96666666666668,37.51444444444444,34.54666666666666,2.1938501635425873,15.48,15.0,yellow
Lincoln Square,Irving Park,36.77098765432099,15.343827160493829,15.741851851851854,2.566832892983893,2.9333333333333336,27.0,orange
Lincoln Square,Lake View,31.82627923976608,16.455226608187132,16.38857456140351,2.1621722974863578,3.3339912280701753,456.0,yellow
Lincoln Square,Lincoln Park,41.91513605442176,19.9656462585034,18.76061224489796,2.1713546465840556,4.73469387755102,98.0,yellow
Lincoln Square,Lincoln Square,17.97047206165703,7.822736030828515,10.931531791907515,2.3993419062498287,1.319942196531792,346.0,orange
Lincoln Square,"Little Italy, UIC",72.20714285714286,43.25714285714286,22.755714285714284,1.7575029824959887,10.37142857142857,7.0,green
Lincoln Square,Little Village,90.2,46.616666666666674,40.46666666666666,1.9435642957583328,14.066666666666665,3.0,green
Lincoln Square,Logan Square,44.861038961038965,21.053463203463203,19.365324675324675,2.1946488501542403,4.45064935064935,77.0,yellow
Lincoln Square,Loop,50.75110018726592,31.026708801498128,31.304087078651683,1.7181892087300499,9.145365168539326,712.0,green
Lincoln Square,Lower West Side,63.95128205128205,32.76794871794872,26.98153846153846,1.983621930537102,10.092307692307692,13.0,green
Lincoln Square,Museum Campus,74.68333333333334,31.174999999999997,31.105,2.4121688565910953,10.7,4.0,orange
Lincoln Square,Near South Side,63.81388888888889,37.083333333333336,38.10166666666667,1.795431639211542,11.316666666666668,6.0,green
Lincoln Square,North Center,20.77550890585242,9.319974554707377,12.408893129770993,2.3269895651166537,1.703435114503817,262.0,yellow
Lincoln Square,North Lawndale,70.55555555555556,43.68333333333334,31.12,1.76552829091637,11.700000000000001,3.0,green
Lincoln Square,North Park,20.90952380952381,7.951629072681704,10.773233082706769,2.651632286579826,1.625563909774436,133.0,orange
Lincoln Square,O'Hare,74.36120723554856,35.445680954253504,50.300751081399916,2.1332427273984123,12.445969327565866,2543.0,yellow
Lincoln Square,Portage Park,46.34166666666667,21.941666666666666,21.605,2.15877793688545,5.449999999999999,4.0,yellow
Lincoln Square,River North,47.97692063492063,27.095428571428574,27.551276190476194,1.8797134029011267,7.933714285714287,525.0,green
Lincoln Square,Rogers Park,39.811538461538476,16.87923076923077,18.076615384615387,2.4177363741879963,3.9015384615384616,65.0,orange
Lincoln Square,Sheffield & DePaul,29.679032258064513,17.180645161290318,16.972580645161294,1.8368098811403688,3.6193548387096777,31.0,green
Lincoln Square,Streeterville,53.82774656679152,26.329088639201,25.352359550561797,2.176363416149826,8.104119850187267,534.0,yellow
Lincoln Square,Ukrainian Village,40.007407407407406,22.40092592592593,17.51166666666667,1.866908113285055,5.299999999999999,18.0,green
Lincoln Square,United Center,47.96220238095237,35.489285714285714,33.988214285714285,1.3746711032214496,7.194642857142857,56.0,green
Lincoln Square,Uptown,25.25002298850575,8.839770114942528,11.419572413793103,3.0185485250155857,1.642206896551724,725.0,red
Lincoln Square,West Loop,57.87317204301073,31.35951612903226,28.452709677419357,1.9134519450774945,7.453225806451611,310.0,green
Lincoln Square,West Ridge,24.951262626262622,10.981818181818182,12.625454545454545,2.42256373422563,2.145454545454546,132.0,orange
Lincoln Square,West Town,48.24674796747966,26.466666666666665,20.778048780487808,1.892885131222752,6.026829268292683,41.0,green
Lincoln Square,Wicker Park,40.84468085106383,23.022695035460995,19.620212765957447,1.8253895093862158,4.712765957446808,47.0,green
Lincoln Square,Woodlawn,93.43333333333334,29.083333333333332,36.23,3.212607449856734,17.3,1.0,red
Lincoln Square,Wrigleyville,24.00537280701754,10.853070175438596,13.784276315789477,2.283912514400656,2.0013157894736846,152.0,yellow
"Little Italy, UIC",Andersonville,67.73333333333333,32.665,33.352999999999994,2.201501875173413,11.66,10.0,yellow
"Little Italy, UIC",Armour Square,52.45,21.958854166666665,22.5978125,2.4319510201457013,4.9593750000000005,32.0,orange
"Little Italy, UIC",Ashburn,74.71976190476191,47.622142857142855,30.859999999999996,1.5824613325891779,10.215714285714286,70.0,green
"Little Italy, UIC",Auburn Gresham,75.89535655058043,41.22537313432836,27.632139303482585,1.8766756116331174,10.750746268656714,201.0,green
"Little Italy, UIC",Austin,46.60929866036249,23.596335697399528,20.587399527186765,2.116218267364312,5.729550827423169,423.0,yellow
"Little Italy, UIC",Avondale,54.62888888888888,31.322962962962958,24.674000000000003,1.8497773725997744,7.475555555555555,45.0,green
"Little Italy, UIC",Belmont Cragin,63.52156862745099,40.771568627450975,30.235294117647058,1.56990116503923,8.058823529411764,17.0,green
"Little Italy, UIC",Boystown,70.89074074074074,25.090740740740742,27.988888888888887,2.836394011868215,8.922222222222222,9.0,red
"Little Italy, UIC",Brighton Park,50.13333333333333,27.885714285714283,19.472857142857144,1.8271699291809866,5.442857142857142,7.0,green
"Little Italy, UIC",Bucktown,50.2421568627451,29.31470588235294,27.455588235294115,1.9174820938842045,5.541176470588235,34.0,green
"Little Italy, UIC",Chatham,75.39262295081969,35.886065573770495,30.55819672131147,2.227776330678286,11.650819672131147,61.0,yellow
"Little Italy, UIC",Chicago Lawn,53.96734693877551,36.179024943310665,27.123333333333335,1.528078249969911,7.770748299319727,147.0,green
"Little Italy, UIC",Chinatown,38.96666666666667,15.115490196078428,16.803176470588234,2.6259847896639856,3.8600000000000003,85.0,orange
"Little Italy, UIC",Douglas,57.42022900763359,16.409669211195933,16.48503816793893,3.7741970729948573,5.74732824427481,131.0,red
"Little Italy, UIC",East Village,26.905448717948715,12.67051282051282,13.227307692307694,2.165880026957953,2.7192307692307693,52.0,yellow
"Little Italy, UIC",Englewood,58.931333333333335,26.50111111111111,24.35333333333334,2.4570029904254183,9.457333333333334,75.0,orange
"Little Italy, UIC",Gage Park,51.63333333333333,22.366666666666667,21.96,2.30849478390462,10.1,1.0,yellow
"Little Italy, UIC",Garfield Park,23.328494623655914,11.653225806451612,12.644903225806452,2.0399832574075614,2.3658064516129027,155.0,yellow
"Little Italy, UIC",Garfield Ridge,68.66189343482397,37.35413891531874,46.71633682207422,1.9579405799075658,9.60009514747859,1051.0,green
"Little Italy, UIC",Gold Coast,44.48333333333333,20.351388888888888,21.805833333333336,2.1999709928602815,5.05,12.0,yellow
"Little Italy, UIC",Grand Boulevard,49.705345911949685,22.194654088050314,19.711509433962267,2.3305309814349977,6.939622641509435,53.0,yellow
"Little Italy, UIC",Grand Crossing,62.449999999999996,36.1662037037037,29.244722222222226,1.8143618916818514,10.691666666666666,36.0,green
"Little Italy, UIC",Grant Park,37.73280528052804,13.626996699669967,16.282138613861385,2.817354361322401,3.1001980198019803,1010.0,red
"Little Italy, UIC",Humboldt Park,41.333857442348,20.621488469601676,17.599213836477986,2.078441202009119,4.409433962264152,318.0,yellow
"Little Italy, UIC",Hyde Park,63.774647887323944,24.063145539906102,23.551126760563378,2.761065130504641,9.404225352112675,71.0,orange
"Little Italy, UIC",Irving Park,53.09166666666667,31.84166666666667,25.325000000000003,1.7013237145484121,9.149999999999999,2.0,green
"Little Italy, UIC",Jackson Park,72.8072463768116,30.072826086956525,27.808695652173913,2.489311785401558,10.886956521739132,46.0,orange
"Little Italy, UIC",Kenwood,64.0539800995025,20.82213930348259,19.588059701492536,3.191696791824813,8.462686567164177,67.0,red
"Little Italy, UIC",Lake View,62.96946666666666,30.643600000000003,23.394640000000003,2.1321046889830413,7.926399999999999,125.0,yellow
"Little Italy, UIC",Lincoln Park,54.38174603174602,25.780423280423275,21.546746031746036,2.188365050120461,5.855555555555554,126.0,yellow
"Little Italy, UIC",Lincoln Square,69.98333333333333,32.416666666666664,26.23,2.1588688946015426,8.7,1.0,yellow
"Little Italy, UIC","Little Italy, UIC",15.717999482401655,6.589893892339545,9.252989130434782,2.4790395136805308,1.229192546583851,1288.0,orange
"Little Italy, UIC",Little Village,25.58,10.884666666666668,11.954399999999998,2.3560296789453163,2.336,25.0,orange
"Little Italy, UIC",Logan Square,46.379999999999995,22.783809523809524,20.718857142857143,2.1907286496628706,5.154285714285715,35.0,yellow
"Little Italy, UIC",Loop,29.672404532652127,13.33236719722277,16.54470819414423,2.2887299281491575,2.9849282766751815,5089.0,yellow
"Little Italy, UIC",Lower West Side,27.019201725997835,8.9789644012945,10.290970873786408,3.13427719539986,1.7757281553398063,309.0,red
"Little Italy, UIC",Museum Campus,46.29573268921094,15.582031669350508,16.9759500805153,3.035344571192985,3.6908212560386464,1242.0,red
"Little Italy, UIC",Near South Side,32.91975308641975,19.01358024691358,19.12111111111111,1.9420811614590923,4.492592592592592,54.0,green
"Little Italy, UIC",New City,57.03299319727891,22.04659863945578,19.77979591836735,2.6997899092136164,5.79795918367347,49.0,orange
"Little Italy, UIC",North Center,39.427777777777784,33.23333333333333,34.56666666666667,1.1853012457380343,6.3,6.0,green
"Little Italy, UIC",North Lawndale,26.988255613126086,13.586183074265975,14.63860103626943,2.1295337397234277,3.0430051813471506,193.0,yellow
"Little Italy, UIC",O'Hare,83.85325747434182,45.55602409638553,64.38855421686745,2.0003438042948196,19.165194109772425,747.0,green
"Little Italy, UIC",Old Town,46.390740740740746,22.51234567901234,20.792592592592595,2.1307292953244983,4.555555555555555,27.0,yellow
"Little Italy, UIC",River North,36.6708984375,14.908684895833336,17.6445390625,2.5506071258761462,3.3815625,1280.0,orange
"Little Italy, UIC",Rogers Park,85.98833333333333,49.14999999999999,37.37650000000001,1.7841767469305587,12.55,20.0,green
"Little Italy, UIC",Roseland,75.02555555555554,48.01555555555556,42.76466666666667,1.647770578630034,14.046666666666669,15.0,green
"Little Italy, UIC",Rush & Division,47.22575757575759,18.10151515151515,20.87545454545454,2.63836174972279,4.927272727272728,11.0,orange
"Little Italy, UIC",Sheffield & DePaul,50.94345238095237,26.035714285714285,22.804285714285715,2.0056233298746626,5.560714285714286,28.0,green
"Little Italy, UIC",South Chicago,76.72,40.55833333333333,32.636,1.9825844698694326,13.15,10.0,green
"Little Italy, UIC",South Shore,65.93587848932677,32.16026272577997,28.656847290640396,2.1110116332370734,11.874876847290638,203.0,yellow
"Little Italy, UIC",Streeterville,46.49615711252653,18.784777070063697,20.22475159235669,2.548797910455338,4.487261146496815,785.0,orange
"Little Italy, UIC",Ukrainian Village,26.235802469135802,11.394444444444444,14.94074074074074,2.301993099588271,2.7370370370370374,27.0,yellow
"Little Italy, UIC",United Center,15.391963861150739,7.536447931526391,12.634893009985737,2.10680644831001,1.1375178316690442,1402.0,yellow
"Little Italy, UIC",Uptown,70.40328947368421,34.975,28.376842105263155,2.0973196356171804,9.775,76.0,yellow
"Little Italy, UIC",Washington Park,69.67524509803921,27.871568627450976,22.801911764705878,2.655449176928028,8.822058823529412,68.0,orange
"Little Italy, UIC",West Elsdon,65.2,38.85,29.0425,1.7400183353632794,7.05,8.0,green
"Little Italy, UIC",West Lawn,67.91666666666667,46.287499999999994,27.04,1.5224133518838388,9.225,4.0,green
"Little Italy, UIC",West Loop,23.198920910646134,10.210751414659825,14.627189103829451,2.3550286216311274,2.1220785629688117,10132.0,orange
"Little Italy, UIC",West Pullman,86.86527777777776,60.001388888888904,43.359861111111115,1.5057948388371554,17.022222222222222,72.0,green
"Little Italy, UIC",West Ridge,70.95897435897436,33.73461538461539,30.100256410256414,2.1444955371675123,12.005128205128205,39.0,yellow
"Little Italy, UIC",West Town,29.229871794871794,12.56653846153846,15.237615384615387,2.407055699827371,2.44,260.0,orange
"Little Italy, UIC",Wicker Park,35.958333333333336,16.301041666666666,16.943749999999998,2.314199376832664,3.3625000000000003,16.0,yellow
"Little Italy, UIC",Woodlawn,74.38333333333334,27.433333333333334,25.0,2.763050689230152,10.9,2.0,red
"Little Italy, UIC",Wrigleyville,54.58333333333333,36.766666666666666,32.779999999999994,1.558107092027735,6.542857142857144,7.0,green
Little Village,Archer Heights,15.400000000000002,8.72857142857143,13.968571428571428,1.7821025739610081,2.0714285714285716,7.0,green
Little Village,Avalon Park,102.53333333333335,35.41111111111112,32.486666666666665,2.8985189247661878,15.1,3.0,red
Little Village,Belmont Cragin,56.90833333333333,25.30833333333333,30.409999999999997,2.24964758201133,8.4,2.0,yellow
Little Village,Beverly,91.01666666666667,43.03333333333333,28.05,2.1150271107668477,16.9,1.0,yellow
Little Village,Chicago Lawn,55.31666666666666,27.9,22.2875,2.026264114536816,6.275,4.0,yellow
Little Village,Chinatown,42.68333333333334,13.366666666666667,16.23,3.1698218436286822,6.1,2.0,red
Little Village,Douglas,49.96666666666667,14.691666666666666,25.85,3.435650862573289,6.0,2.0,red
Little Village,Englewood,65.11666666666666,27.849999999999998,24.5975,2.4557034422036597,9.425,4.0,orange
Little Village,Gage Park,53.76666666666666,19.382738095238093,26.887857142857147,2.7913969900586255,3.95,28.0,red
Little Village,Garfield Park,24.390196078431373,14.298039215686275,13.978823529411763,1.7222892767412141,3.3117647058823527,17.0,green
Little Village,Grant Park,40.60555555555555,19.63632478632479,20.626410256410253,2.097433001304795,5.78974358974359,39.0,yellow
Little Village,Humboldt Park,48.333333333333336,22.195833333333333,22.197499999999998,2.216627440268334,5.175,4.0,yellow
Little Village,Jefferson Park,78.0,28.25,35.25,2.7610619469026547,15.7,1.0,orange
Little Village,Lake View,77.63333333333334,40.54166666666667,38.5275,1.9537463655958933,13.774999999999999,4.0,green
Little Village,"Little Italy, UIC",30.46,15.016666666666666,13.737,2.0548285670746056,3.6099999999999994,10.0,yellow
Little Village,Little Village,17.914705882352944,6.4676470588235295,11.12,2.827708124029764,1.311764705882353,17.0,red
Little Village,Logan Square,34.13333333333333,19.1,19.21,1.7870855148342057,5.5,1.0,green
Little Village,Loop,49.82261904761905,18.311904761904763,17.150714285714283,2.816892582460703,5.889285714285713,28.0,red
Little Village,Lower West Side,19.45,8.065476190476192,14.613571428571428,2.694953340472039,1.7357142857142858,14.0,orange
Little Village,Mckinley Park,37.81666666666667,16.055555555555557,20.21,2.3824888898945793,3.6999999999999997,3.0,orange
Little Village,New City,40.63333333333333,12.466666666666667,21.73,3.2593582887700534,4.1,1.0,red
Little Village,North Lawndale,20.490624999999998,9.58125,12.8634375,2.174743303964776,1.90625,32.0,yellow
Little Village,O'Hare,92.5,61.416666666666664,41.01,1.5061058344640434,21.1,1.0,green
Little Village,Old Town,46.916666666666664,21.833333333333332,28.729999999999997,2.2013940956719926,7.699999999999999,2.0,yellow
Little Village,River North,58.76481481481481,28.938888888888886,33.55111111111111,2.1631464817421233,7.1,9.0,yellow
Little Village,Sheffield & DePaul,62.46666666666667,34.71666666666667,31.72,1.799327892462794,7.6,1.0,green
Little Village,Streeterville,54.4969696969697,29.465151515151515,26.883636363636366,1.9056080469911285,7.472727272727273,11.0,green
Little Village,United Center,40.516666666666666,16.458333333333332,18.12375,2.4674675784389346,4.6625,8.0,orange
Little Village,West Lawn,64.4,37.10666666666667,25.910000000000004,1.7365780720978319,7.0600000000000005,5.0,green
Little Village,West Loop,42.00128205128205,18.15018315018315,18.625384615384615,2.360181227999431,4.964835164835165,91.0,orange
Little Village,Wicker Park,65.43888888888888,28.851851851851848,23.19777777777778,2.3117266145434057,6.111111111111111,9.0,yellow
Logan Square,Albany Park,33.951388888888886,18.390509259259257,18.441388888888888,2.0075397441041196,3.7875000000000005,72.0,green
Logan Square,Andersonville,60.815458937198066,29.750724637681163,24.120579710144924,2.094440815205773,5.947826086956522,69.0,yellow
Logan Square,Auburn Gresham,81.05,40.2,49.03,2.0161691542288556,20.2,1.0,green
Logan Square,Austin,45.29215686274509,24.03235294117647,22.408235294117645,2.0469517753916144,5.6352941176470575,17.0,yellow
Logan Square,Avondale,21.120395738203957,8.43527397260274,12.739018264840183,2.7015021110914246,1.615525114155251,438.0,orange
Logan Square,Belmont Cragin,27.314814814814813,11.681111111111113,13.649333333333335,2.3980879222921057,2.615555555555556,45.0,orange
Logan Square,Boystown,46.3173835125448,19.45143369175627,19.307419354838707,2.4796215684695526,4.167741935483871,93.0,orange
Logan Square,Bridgeport,67.75,17.933333333333334,26.24,3.7778810408921935,10.5,1.0,red
Logan Square,Brighton Park,86.91666666666667,32.68333333333333,30.23,2.6593574706782257,8.6,1.0,orange
Logan Square,Bucktown,27.69675572519084,8.512022900763359,12.506202290076336,3.482368283576132,1.7816793893129772,524.0,red
Logan Square,Dunning,53.32380952380952,29.21904761904762,25.075714285714287,1.8671209665365043,6.828571428571428,7.0,green
Logan Square,East Village,29.472619047619048,12.521205357142858,16.081830357142856,2.5069041047967153,2.962946428571428,224.0,orange
Logan Square,Edgewater,57.929487179487175,27.653846153846153,26.466153846153848,2.147371250360145,7.446153846153846,13.0,yellow
Logan Square,Edison Park,54.166666666666664,16.233333333333334,29.55,3.336755646817248,8.9,1.0,red
Logan Square,Garfield Park,25.0,13.833333333333334,17.30333333333333,1.8148547541764426,3.033333333333333,3.0,green
Logan Square,Garfield Ridge,80.91053459119496,34.95817610062893,54.22179245283017,2.379251431442466,14.120754716981134,106.0,orange
Logan Square,Gold Coast,44.03140096618358,18.310628019323673,20.568260869565222,2.442903607363715,4.804347826086957,69.0,orange
Logan Square,Grant Park,39.35410256410256,21.991410256410255,24.738615384615386,1.9833643374371002,6.365384615384615,130.0,green
Logan Square,Hermosa,39.84166666666667,10.677083333333334,17.3925,4.132579545753435,2.3625,16.0,red
Logan Square,Humboldt Park,22.646788990825687,10.257798165137613,12.421926605504588,2.4203434072873775,2.248623853211009,109.0,orange
Logan Square,Hyde Park,60.666666666666664,32.25,30.159999999999997,1.8994505309287038,14.45,2.0,green
Logan Square,Irving Park,26.32348484848485,11.486742424242424,15.658181818181818,2.3725447280866274,2.5,44.0,orange
Logan Square,Jefferson Park,37.68333333333333,17.866666666666667,16.44,2.109141791044776,6.1,1.0,yellow
Logan Square,Kenwood,57.81666666666667,18.316666666666666,18.94666666666667,3.1565059144676986,12.066666666666668,3.0,red
Logan Square,Lake View,41.60043233895374,18.13674881106788,18.564293125810636,2.4372026084929077,3.8736705577172508,771.0,orange
Logan Square,Lincoln Park,37.736638135996195,15.815549215406563,16.875720399429387,2.5585106831566007,3.3754636233951496,701.0,orange
Logan Square,Lincoln Square,43.69935897435898,20.162499999999998,20.021346153846157,2.233281627907375,4.275,52.0,yellow
Logan Square,"Little Italy, UIC",53.283597883597885,26.26269841269841,21.979365079365078,2.03922915517806,5.492063492063492,63.0,yellow
Logan Square,Little Village,54.449999999999996,24.559523809523814,22.952857142857145,2.260086862644177,6.471428571428571,7.0,yellow
Logan Square,Logan Square,15.747275102650244,6.439511011571482,10.896595744680852,2.6215079669114774,1.1848824188129898,893.0,orange
Logan Square,Loop,34.408425632911396,23.017101793248948,24.87647943037975,1.586110339691729,6.0205696202531644,1264.0,green
Logan Square,Lower West Side,54.5635593220339,20.193785310734466,21.903898305084745,2.8675235039935427,7.0508474576271185,59.0,red
Logan Square,Mckinley Park,66.17833333333334,27.443333333333335,26.419,2.461808428333277,9.88,10.0,orange
Logan Square,Montclare,40.8,25.77,21.83,1.5951333997153838,5.76,5.0,green
Logan Square,Museum Campus,57.1133147113594,24.16368715083799,25.625195530726256,2.5339463878455937,7.8888268156424575,179.0,orange
Logan Square,Near South Side,53.06666666666667,20.155555555555555,26.786666666666665,2.6603599348143954,8.799999999999999,3.0,orange
Logan Square,North Center,33.512499999999996,12.004166666666666,15.422666666666668,2.9723757563873225,2.7233333333333323,120.0,red
Logan Square,North Lawndale,46.81666666666667,21.066666666666666,35.695,2.2223101265822787,5.050000000000001,2.0,yellow
Logan Square,O'Hare,58.706364562118125,32.19378818737271,49.02891038696538,1.9251336126670153,13.311303462321789,982.0,green
Logan Square,Old Town,41.440476190476176,16.930476190476195,18.052142857142854,2.4911312446341016,4.0771428571428565,70.0,orange
Logan Square,Portage Park,42.41833333333334,21.875833333333333,23.3005,2.116642178223059,4.745,20.0,yellow
Logan Square,Pullman,89.08333333333333,38.493333333333325,42.692,2.3160392411786646,19.48,5.0,yellow
Logan Square,River North,38.25975586854461,19.4242441314554,20.949988732394363,2.094950773151171,5.307042253521127,1775.0,yellow
Logan Square,Rogers Park,65.02453703703704,32.90046296296296,28.354166666666668,2.0890781178295175,8.022222222222222,36.0,yellow
Logan Square,Rush & Division,51.340441176470584,21.44950980392157,23.472647058823526,2.7357079147156074,5.1382352941176475,68.0,orange
Logan Square,Sheffield & DePaul,30.17167832167832,14.565850815850816,15.49657342657343,2.1366446275961675,3.007692307692308,143.0,yellow
Logan Square,South Shore,75.48333333333333,23.1,22.05,3.2676767676767677,16.1,1.0,red
Logan Square,Streeterville,47.22743850720949,23.16793893129771,23.63592875318066,2.140522688375107,5.921882951653944,393.0,yellow
Logan Square,Ukrainian Village,29.561423220973783,10.6689138576779,13.73275280898876,2.8884113267762754,2.4640449438202245,178.0,red
Logan Square,United Center,42.50540838852097,18.765673289183223,20.368543046357612,2.295902848656169,4.517218543046357,151.0,yellow
Logan Square,Uptown,52.80241545893721,22.459903381642512,22.233913043478264,2.457145895138437,5.584782608695652,138.0,orange
Logan Square,West Loop,41.23378180486912,19.473549331868934,21.590587589236684,2.226998247336269,5.031905546403076,1821.0,yellow
Logan Square,West Ridge,59.6,28.675,26.73,2.0786342689568498,8.65,2.0,yellow
Logan Square,West Town,27.456980056980054,12.907008547008546,16.218581196581194,2.238444811857955,3.444957264957265,585.0,yellow
Logan Square,Wicker Park,25.270127025843188,10.70849759088918,14.378436268068329,2.493718237892193,2.3318002628120893,761.0,orange
Logan Square,Woodlawn,72.98333333333333,30.066666666666666,36.73,2.428377561928784,13.733333333333334,3.0,orange
Logan Square,Wrigleyville,45.37401433691757,21.494444444444444,19.14569892473118,2.207556001521984,4.234408602150537,93.0,yellow
Loop,Albany Park,50.01960784313725,28.867366946778713,33.210756302521006,1.898842330808981,8.573949579831933,119.0,green
Loop,Andersonville,46.86043209876543,27.281975308641975,32.75588888888889,1.82555414908394,8.875555555555556,270.0,green
Loop,Armour Square,27.773973727422,18.144909688013133,26.17408866995073,1.6205440693615054,5.099014778325124,203.0,green
Loop,Auburn Gresham,53.22592592592592,20.466666666666665,27.423333333333332,2.6155873247908112,11.966666666666667,9.0,orange
Loop,Austin,48.84502314814815,22.022916666666667,22.794791666666665,2.473753371309552,8.565972222222221,144.0,orange
Loop,Avondale,45.668800588668134,23.954856512141284,27.411214128035322,2.1072217983070343,6.862913907284767,453.0,yellow
Loop,Belmont Cragin,64.37435897435897,37.704487179487174,35.55423076923077,1.7836197239054892,10.846153846153847,26.0,green
Loop,Beverly,71.0,25.604166666666668,55.05749999999999,2.89909534810535,15.174999999999999,8.0,red
Loop,Boystown,38.91771220981748,19.11963494595074,24.943232323232323,2.2099493822998615,5.796331738437002,1881.0,yellow
Loop,Bridgeport,37.847705314009666,18.52047101449275,20.88054347826087,2.0992200419051428,5.054347826086956,276.0,yellow
Loop,Brighton Park,40.64961240310077,22.886821705426357,26.53720930232558,1.8335496382421352,7.57906976744186,43.0,green
Loop,Bucktown,38.06353396691306,20.1489264343541,23.816937697993662,2.0622434109942267,4.9004223864836325,947.0,yellow
Loop,Chatham,57.350000000000016,28.232352941176472,22.551764705882356,2.2494121052702067,11.705882352941174,17.0,yellow
Loop,Chicago Lawn,43.61666666666666,24.696551724137926,22.552758620689655,1.7729167433254691,10.817241379310344,29.0,green
Loop,Chinatown,24.788001974055273,13.314968979131416,18.15876480541455,1.8755350643016726,2.67582910321489,11820.0,green
Loop,Douglas,37.879890109890106,15.624945054945051,17.622516483516485,2.5400282061844117,4.122417582417582,910.0,orange
Loop,East Village,32.69968934911243,17.87087771203156,22.018011834319527,1.9107345999345002,3.2831065088757403,3380.0,green
Loop,Edgewater,46.83736420811893,25.23542024013722,29.1853859348199,1.9803328512211342,9.24082332761578,583.0,green
Loop,Englewood,54.80777777777779,31.024444444444445,24.31133333333333,1.8503395655833126,11.206666666666665,15.0,green
Loop,Garfield Park,31.45376344086022,19.381182795698923,22.32225806451613,1.9138642491474889,5.635483870967741,31.0,green
Loop,Garfield Ridge,58.35224358143434,37.214004182545644,56.73569776786872,1.7383573261751024,12.170456018458507,77146.0,green
Loop,Gold Coast,23.161033699588728,12.566168436560064,18.627959609600396,1.887729206685161,1.9391320360935485,16291.0,green
Loop,Grand Boulevard,39.62543859649123,16.15526315789474,19.171228070175438,2.4805917821284234,6.491228070175438,57.0,orange
Loop,Grand Crossing,45.501086956521746,28.774637681159422,28.923152173913053,1.7166485221907775,10.292391304347827,92.0,green
Loop,Grant Park,18.209272413844346,8.009125539324229,14.526885170379398,2.3214198617442885,1.0754469394124027,67291.0,yellow
Loop,Hermosa,48.333333333333336,21.42222222222222,26.564999999999998,2.28073270831707,8.133333333333333,6.0,yellow
Loop,Humboldt Park,45.48023168908818,24.82163677130045,25.423968609865472,1.9721578548009149,5.952242152466368,446.0,green
Loop,Hyde Park,41.8047320471597,20.79387638442301,25.321598070739547,2.0290925052265454,8.634683815648446,9330.0,yellow
Loop,Irving Park,49.590826873385026,26.322868217054264,32.97209302325581,2.0959120731769274,8.56046511627907,129.0,yellow
Loop,Jackson Park,37.15160775650466,16.276767304860087,23.717812960235637,2.312749686424914,7.992415316642122,1358.0,yellow
Loop,Jefferson Park,52.06153846153847,33.3698717948718,37.39692307692308,1.9464446631109704,11.142307692307693,26.0,green
Loop,Kenwood,35.37486595174263,18.025491510277032,21.617453083109922,2.038863021225981,6.89088471849866,746.0,yellow
Loop,Lake View,37.279021346229,22.430424482219617,27.118265679953105,1.8146993167711862,5.880334114888628,13648.0,green
Loop,Lincoln Park,29.498694580789337,17.52934973462628,22.593973722016045,1.753367852394778,3.365329821620975,33412.0,green
Loop,Lincoln Square,51.42415514592933,25.306451612903224,30.410161290322577,2.1067496129864343,8.957603686635943,434.0,yellow
Loop,"Little Italy, UIC",27.703309904790387,13.26927620756692,16.245775385075518,2.112563486400206,3.0760879318079857,6687.0,yellow
Loop,Little Village,43.31401515151516,20.884848484848487,21.18568181818182,2.1357542090764716,6.359090909090909,44.0,yellow
Loop,Logan Square,32.284,22.331608333333335,26.092445,1.5413052198442545,5.9495499999999995,2000.0,green
Loop,Loop,12.124367787025397,8.317374235748481,14.925993565428298,1.4685660112760999,1.1256253218670225,541761.0,green
Loop,Lower West Side,28.2817435082141,14.72966348701643,19.009153418124004,1.9961965146964367,3.5405802861685216,2516.0,green
Loop,Mckinley Park,35.78333333333333,12.041666666666668,26.18,3.0099259940546874,5.0,2.0,red
Loop,Montclare,65.45,35.85,32.988,1.8976878900657166,12.2,5.0,green
Loop,Morgan Park,72.56666666666665,26.79444444444444,40.99066666666667,2.756412677388648,16.72,15.0,orange
Loop,Museum Campus,29.602227454427492,13.014087468519566,20.072358761850946,2.3476428643131944,2.4401218057386824,238905.0,yellow
Loop,Near South Side,25.20322799500089,14.057732547759331,27.071730851633642,1.8125849353481605,3.1962051419389397,37340.0,green
Loop,New City,47.54166666666667,20.579166666666666,21.185000000000002,2.419932870285132,7.225,4.0,orange
Loop,North Center,46.82849794238683,25.87815500685871,29.748621399176958,2.0077188379539437,6.435185185185185,486.0,green
Loop,North Lawndale,44.413372093023256,21.84205426356589,23.35889534883721,2.155965122964681,5.361046511627907,172.0,yellow
Loop,North Park,55.270175438596496,30.122807017543863,36.71631578947368,1.9062395171996924,10.563157894736841,19.0,green
Loop,Norwood Park,58.26666666666667,35.349999999999994,54.88666666666666,1.8199341482490479,12.0,3.0,green
Loop,O'Hare,74.25751547446943,46.38570638622227,71.86661790600293,1.7325909621370224,18.456990987122772,1015436.0,green
Loop,Old Town,26.143462825549253,13.970333187836461,20.012201222173726,1.9320509081002164,2.2524836316019203,22910.0,green
Loop,Portage Park,49.191904761904766,24.56428571428571,32.845,2.155501836410478,9.702857142857141,70.0,yellow
Loop,Pullman,65.05,28.383333333333333,33.72,2.291837933059307,14.8,1.0,yellow
Loop,River North,17.69683813597692,8.832840881607622,15.641374090920285,2.035689151034021,1.2017553597578186,527869.0,yellow
Loop,Rogers Park,51.3630612244898,26.541156462585036,31.68412244897959,2.0350325459697407,10.568163265306122,245.0,yellow
Loop,Roseland,58.02619047619048,36.11666666666667,33.294285714285714,1.7035038479798152,14.571428571428571,7.0,green
Loop,Rush & Division,21.601408031308495,11.68164667347286,18.242900714650332,1.920140793344039,1.6777437468095966,7836.0,green
Loop,Sheffield & DePaul,34.52411113334667,20.117060236141686,25.388827296377826,1.793550474595839,4.335921552931759,4997.0,green
Loop,South Chicago,65.68333333333334,23.1,24.27,2.8541690724752335,11.100000000000001,2.0,red
Loop,South Shore,50.23408602150538,27.39301075268817,26.87335483870967,1.88510932786897,10.85225806451613,155.0,green
Loop,Streeterville,19.720871736707,10.849766134717004,17.346337682918428,1.8336150778845521,1.513128786232556,377354.0,green
Loop,Ukrainian Village,39.3735248447205,17.305641821946168,21.24251552795031,2.403132972319762,3.9312111801242233,644.0,orange
Loop,United Center,26.008179886685554,16.422677417011695,25.183661473087813,1.6249685670781862,2.92696665940292,18356.0,green
Loop,Uptown,46.01474999999999,21.384884259259263,26.012972222222224,2.301768098752099,7.423694444444443,3600.0,yellow
Loop,Washington Heights,48.50238095238096,29.84047619047619,30.267142857142854,1.769676238754019,13.914285714285716,7.0,green
Loop,Washington Park,38.38333333333333,18.320833333333333,20.207500000000003,2.1050926978169415,8.424999999999999,4.0,yellow
Loop,West Elsdon,58.25,23.366666666666667,29.88,2.492867332382311,10.7,1.0,orange
Loop,West Loop,18.831564638442646,10.691603256825776,18.206885858326892,1.7863819686310114,1.4380323432258295,1010227.0,green
Loop,West Ridge,67.66176470588235,34.842401960784315,35.21382352941176,2.002950595700195,11.173529411764704,68.0,green
Loop,West Town,23.491834091483447,14.479664992418497,19.8558116944655,1.69875073196536,2.2520280515542077,21104.0,green
Loop,Wicker Park,30.89995683009559,17.874027135368486,21.99950601295097,1.830295967854774,3.729694727104533,5405.0,green
Loop,Woodlawn,51.34917417417417,20.6274024024024,23.616711711711712,2.543657172168785,9.266216216216216,222.0,orange
Loop,Wrigleyville,38.88986156351791,26.032152551574377,32.38842833876221,1.5573305814828635,7.133876221498372,1228.0,green
Lower West Side,Albany Park,72.77333333333333,22.50111111111111,28.541999999999998,3.261527924613687,10.006666666666668,15.0,red
Lower West Side,Andersonville,71.97222222222223,26.87222222222222,27.853333333333335,2.761396674096538,9.1,3.0,orange
Lower West Side,Archer Heights,61.61805555555556,22.659259259259258,19.129444444444445,2.8458653084502767,4.872222222222223,36.0,red
Lower West Side,Armour Square,36.72083333333333,11.440277777777778,15.221666666666666,3.5087107241139424,3.3000000000000003,12.0,red
Lower West Side,Auburn Gresham,75.96666666666667,15.708333333333334,19.55,4.862514658009951,9.649999999999999,2.0,red
Lower West Side,Austin,57.37916666666667,25.2,16.09,2.502461612755369,7.875,4.0,orange
Lower West Side,Avondale,63.974603174603175,25.12698412698413,22.71333333333334,2.9258023194471403,7.614285714285715,21.0,red
Lower West Side,Boystown,57.0,18.9,16.62,3.0158730158730163,7.3,1.0,red
Lower West Side,Bridgeport,35.4552380952381,8.733333333333333,12.90942857142857,4.1507799451385665,2.208571428571429,35.0,red
Lower West Side,Brighton Park,38.49285714285714,14.4,19.184285714285718,2.734231520220797,4.342857142857143,7.0,orange
Lower West Side,Bucktown,41.24473684210526,22.035526315789475,21.95,2.071943393365797,5.410526315789474,38.0,yellow
Lower West Side,Chatham,75.19772727272726,31.747727272727275,21.350909090909088,2.5821408904850838,11.031818181818181,22.0,orange
Lower West Side,Chicago Lawn,68.45,34.376666666666665,23.022,2.061870103857898,8.4,5.0,yellow
Lower West Side,Chinatown,21.695522388059704,8.67587064676617,11.94089552238806,2.6666419130798444,1.9671641791044778,67.0,orange
Lower West Side,Douglas,49.300000000000004,12.850000000000001,12.573333333333334,3.947111085055877,3.9444444444444446,9.0,red
Lower West Side,East Village,37.96515151515151,14.797474747474748,19.423939393939396,2.706541474003503,4.415151515151515,33.0,orange
Lower West Side,Edgewater,72.65,30.006666666666668,33.785,2.4711584059681746,12.85,10.0,orange
Lower West Side,Gage Park,43.916666666666664,18.544444444444444,17.830000000000002,2.3810471611176243,5.333333333333333,3.0,orange
Lower West Side,Garfield Park,41.64166666666667,16.508333333333333,15.4175,2.7695331153308196,4.2749999999999995,4.0,red
Lower West Side,Garfield Ridge,62.17155797101449,22.496557971014493,34.71554347826088,2.830556262578237,7.834782608695652,92.0,red
Lower West Side,Gold Coast,41.75,17.259999999999998,21.392,2.4664462722997897,5.8500000000000005,20.0,orange
Lower West Side,Grand Boulevard,43.175,16.525,12.940000000000001,2.819000971988295,4.925,4.0,red
Lower West Side,Grand Crossing,76.96666666666667,26.233333333333334,29.23,2.933926302414231,11.5,1.0,red
Lower West Side,Grant Park,41.50497335701598,14.19558910597987,17.46122557726465,3.2366417500540745,3.4619893428063944,563.0,red
Lower West Side,Hermosa,77.77222222222223,33.66111111111111,29.236666666666665,2.3257263744898182,9.333333333333334,6.0,yellow
Lower West Side,Humboldt Park,48.65862068965519,19.042528735632185,19.728275862068966,2.5759189153041677,4.955172413793104,29.0,orange
Lower West Side,Hyde Park,63.91966666666665,15.771333333333335,18.878400000000003,4.166018947153746,7.302,50.0,red
Lower West Side,Jackson Park,58.24166666666665,14.161111111111111,20.23,4.1552135043861105,7.416666666666667,6.0,red
Lower West Side,Kenwood,61.416666666666664,16.527777777777775,15.396666666666667,3.883133963664322,6.766666666666667,3.0,red
Lower West Side,Lake View,58.770833333333336,25.346568627450978,28.67220588235294,2.4322374444017796,8.683823529411764,68.0,orange
Lower West Side,Lincoln Park,63.61421568627452,24.817647058823535,28.31161764705882,2.729522422314474,7.136764705882352,68.0,orange
Lower West Side,Lincoln Square,63.00555555555555,30.91111111111111,28.41333333333333,2.0455301390651055,9.833333333333332,3.0,yellow
Lower West Side,"Little Italy, UIC",24.022006472491913,9.397364771151178,12.122995839112344,2.63508236887401,1.8549237170596395,721.0,orange
Lower West Side,Little Village,34.01533333333333,11.264800000000003,15.499759999999998,3.05608186308168,3.0288,125.0,red
Lower West Side,Logan Square,53.40438596491229,20.38728070175439,25.43052631578947,2.769893147641815,7.385526315789473,76.0,red
Lower West Side,Loop,32.314556750896514,15.868322074889498,18.19187390542907,2.1137791223584825,3.6815611708781586,3997.0,yellow
Lower West Side,Lower West Side,16.051119724375543,6.972782084409991,10.807906976744185,2.398067293490652,1.3431524547803617,387.0,orange
Lower West Side,Mckinley Park,21.272316384180783,9.064689265536723,10.852372881355933,2.3647707285403716,2.4966101694915257,59.0,orange
Lower West Side,Morgan Park,89.66666666666667,23.933333333333334,36.23,3.7465181058495824,14.4,1.0,red
Lower West Side,Museum Campus,38.09780998389694,11.546489533011272,15.528019323671497,3.4804681200918894,2.665314009661836,1035.0,red
Lower West Side,Near South Side,28.684139784946233,10.434946236559142,16.986129032258066,2.9077274036401346,2.7564516129032253,62.0,red
Lower West Side,New City,33.70833333333333,11.164062499999998,15.993125000000003,3.1447966283488,3.2375000000000003,32.0,red
Lower West Side,North Center,53.916666666666664,33.40833333333333,26.6,1.6190596928245669,7.35,2.0,green
Lower West Side,North Lawndale,30.507407407407406,13.244444444444444,16.06,2.4705078420708646,2.988888888888889,9.0,orange
Lower West Side,Norwood Park,86.3,24.533333333333335,52.73,3.5176630434782603,14.5,1.0,red
Lower West Side,O'Hare,88.97958937198067,45.067149758454114,60.70630434782607,2.0893833276227087,20.005072463768116,138.0,yellow
Lower West Side,Old Town,56.95000000000001,24.574444444444445,20.808000000000003,2.38041005035721,5.3533333333333335,15.0,orange
Lower West Side,Portage Park,81.63333333333334,34.4,34.1,2.3730620155038764,10.5,1.0,orange
Lower West Side,River North,40.86236666666667,17.431316666666667,19.49836,2.4430817547015473,4.3492999999999995,1000.0,orange
Lower West Side,Rogers Park,72.52777777777777,39.083333333333336,38.95666666666667,2.117937764694281,14.866666666666667,3.0,yellow
Lower West Side,Rush & Division,43.32222222222222,20.600000000000005,20.845000000000002,2.1941425234060685,6.183333333333333,6.0,yellow
Lower West Side,Sheffield & DePaul,53.79375,24.585416666666667,24.49125,2.331508626542332,6.425000000000001,8.0,yellow
Lower West Side,Streeterville,47.45,21.242508417508418,23.00742424242424,2.326081039812868,5.6179292929292926,396.0,yellow
Lower West Side,Ukrainian Village,21.75,16.483333333333334,13.73,1.319514661274014,3.1,1.0,green
Lower West Side,United Center,26.618967661691535,11.664179104477608,14.777574626865672,2.3496768177749474,2.307835820895523,268.0,orange
Lower West Side,Uptown,66.16290322580646,26.655376344086022,32.931612903225805,2.6047025406417332,11.712903225806448,31.0,orange
Lower West Side,Washington Park,59.36666666666667,22.46666666666667,18.71,2.759811934567944,7.550000000000001,2.0,orange
Lower West Side,West Loop,27.1875,11.499976492712742,16.15916784203103,2.4766576694583633,2.6119181946403383,2836.0,orange
Lower West Side,West Town,38.69305555555555,15.06359126984127,17.356488095238095,2.6795431091404995,4.226190476190475,168.0,orange
Lower West Side,Wicker Park,38.21931818181818,21.233712121212122,19.537954545454546,1.8541832438541683,4.679545454545456,44.0,green
Lower West Side,Woodlawn,55.4,16.008333333333333,20.77,3.460697553357626,7.5,2.0,red
Lower West Side,Wrigleyville,72.85,33.23333333333333,23.643333333333334,2.2206569553234865,11.666666666666666,3.0,yellow
Mckinley Park,Archer Heights,50.45,10.991666666666667,16.55,4.753857749074855,3.25,2.0,red
Mckinley Park,Armour Square,23.399999999999995,13.233333333333334,18.156666666666666,1.8374831000564098,2.5500000000000003,6.0,green
Mckinley Park,Auburn Gresham,42.9,19.283333333333335,16.23,2.224719101123595,5.3,1.0,yellow
Mckinley Park,Austin,62.48854166666667,34.13229166666666,21.435625,1.8891084899911803,8.237499999999999,16.0,green
Mckinley Park,Bridgeport,17.3125,6.7046874999999995,11.3653125,2.624216713453525,1.70625,32.0,orange
Mckinley Park,Brighton Park,40.64999999999999,16.96923076923077,16.229999999999997,2.432628597161867,3.007692307692307,13.0,orange
Mckinley Park,Chinatown,16.258000000000003,8.913333333333332,12.0204,1.8854174519822149,2.648,50.0,green
Mckinley Park,Garfield Park,40.016666666666666,13.7,20.95,2.920924574209246,4.1,1.0,red
Mckinley Park,Garfield Ridge,42.05,17.741666666666667,26.84,2.4121477070647197,7.199999999999999,2.0,orange
Mckinley Park,Grant Park,38.787179487179486,13.233333333333333,19.504615384615384,2.9821523262775886,4.523076923076923,13.0,red
Mckinley Park,Hyde Park,49.36666666666667,23.089583333333337,32.1675,2.1406187454612295,6.5875,8.0,yellow
Mckinley Park,Jackson Park,55.83333333333334,14.966666666666667,22.593636363636364,3.753556844042717,8.9,11.0,red
Mckinley Park,Kenwood,50.06666666666667,14.17888888888889,21.670666666666662,3.5994342391236325,7.833333333333333,15.0,red
Mckinley Park,"Little Italy, UIC",32.30320512820512,15.198717948717949,19.319615384615386,2.173675057130419,3.6923076923076925,26.0,yellow
Mckinley Park,Loop,34.73801169590643,18.454385964912284,25.445614035087722,1.9292132164373426,5.735087719298245,57.0,green
Mckinley Park,Lower West Side,20.765740740740746,8.901851851851852,11.584999999999999,2.364375192369251,2.177777777777778,18.0,orange
Mckinley Park,Mckinley Park,9.366666666666667,4.316666666666666,6.24,2.16988416988417,0.8,1.0,yellow
Mckinley Park,New City,23.5,8.346666666666668,11.220000000000002,2.982870530445616,1.7,5.0,red
Mckinley Park,North Lawndale,38.95,14.983333333333333,12.17,2.599555061179088,4.2,1.0,orange
Mckinley Park,North Park,92.11666666666666,35.06666666666667,30.51,2.62690114068441,13.3,1.0,orange
Mckinley Park,Old Town,53.8,17.566666666666666,28.23,3.062618595825427,9.5,1.0,red
Mckinley Park,River North,42.06833333333333,23.148333333333333,23.360500000000002,1.9675145038959123,7.155000000000001,20.0,green
Mckinley Park,South Shore,66.86666666666666,23.35,25.26,2.8636688079942894,11.5,1.0,red
Mckinley Park,Streeterville,40.91761904761904,24.61476190476191,23.21542857142857,1.6705918750547797,7.708571428571429,35.0,green
Mckinley Park,United Center,36.1,21.994444444444444,23.64,2.0088731408142815,4.466666666666667,6.0,green
Mckinley Park,West Loop,45.63333333333333,15.759523809523811,16.24142857142857,3.0140713008221742,4.4,7.0,red
Montclare,Albany Park,73.16666666666667,26.44666666666667,25.622000000000003,2.783497262561232,6.9799999999999995,5.0,red
Montclare,Austin,42.62254901960784,15.508823529411767,13.948235294117646,2.7789367528019806,3.541176470588235,17.0,red
Montclare,Avondale,43.8,16.65,15.24,2.630630630630631,5.3,1.0,orange
Montclare,Belmont Cragin,20.557936507936507,7.70952380952381,10.636309523809524,2.854418687005451,1.4130952380952384,84.0,red
Montclare,Dunning,39.233333333333334,11.307407407407409,12.284444444444443,3.501879852396205,2.722222222222222,18.0,red
Montclare,Galewood,20.25,8.427777777777777,10.972,2.805019780634855,1.8733333333333329,15.0,red
Montclare,Grand Boulevard,101.53333333333333,42.3,41.23,2.4003152088258473,18.0,1.0,orange
Montclare,Hermosa,52.975,20.6,14.29,2.7114720773640455,4.199999999999999,2.0,orange
Montclare,Humboldt Park,51.033333333333324,27.666666666666668,17.249,1.8631191349961658,6.03,10.0,green
Montclare,Irving Park,48.266666666666666,22.534375,19.353125,2.1453206687119923,5.0875,16.0,yellow
Montclare,Logan Square,42.689285714285724,21.09047619047619,17.82285714285714,2.0676457788449194,4.821428571428572,14.0,yellow
Montclare,Loop,73.71388888888889,36.272222222222226,32.446666666666665,2.1043331909046006,12.461111111111112,36.0,yellow
Montclare,North Center,52.7,30.775,26.745,1.7142692302949412,6.9,2.0,green
Montclare,O'Hare,92.97916666666664,18.179861111111112,19.33875,5.306511277294764,6.466666666666666,48.0,red
Montclare,Old Town,86.9,39.532738095238095,25.117142857142856,2.2097613886613385,9.817857142857141,28.0,yellow
Montclare,Portage Park,44.81666666666667,17.233333333333334,19.72,2.6005802707930368,4.5,1.0,orange
Montclare,River North,69.3558823529412,38.205882352941174,29.831764705882357,1.884735773545358,9.07058823529412,17.0,green
Montclare,Rush & Division,69.13333333333335,45.549166666666665,26.363999999999997,1.5272203939613926,10.4,20.0,green
Montclare,Streeterville,73.68333333333334,45.66095238095238,32.14857142857144,1.6313856977738332,11.585714285714284,35.0,green
Montclare,Uptown,77.21666666666667,41.462500000000006,23.645,1.886823730442546,9.9375,8.0,green
Morgan Park,Ashburn,55.45,16.941666666666666,14.525,3.2729955730447617,5.0,2.0,red
Morgan Park,Auburn Gresham,48.412820512820524,16.038461538461537,14.436923076923078,3.019431109087265,4.815384615384616,13.0,red
Morgan Park,Austin,114.18333333333334,61.041666666666664,33.15,1.8705802047781572,24.45,2.0,green
Morgan Park,Beverly,36.649275362318846,9.812318840579712,12.79304347826087,3.833445001344633,2.439130434782609,23.0,red
Morgan Park,Calumet Heights,58.966666666666676,17.903030303030302,17.374545454545455,3.317593279965284,7.2272727272727275,11.0,red
Morgan Park,Englewood,64.11,26.660000000000004,20.724,2.438399144386556,9.639999999999999,5.0,orange
Morgan Park,Grand Boulevard,83.95,31.4,17.47,2.6735668789808917,14.1,1.0,orange
Morgan Park,Grand Crossing,55.283333333333324,15.705555555555556,16.898333333333333,3.5846632949570805,8.5,6.0,red
Morgan Park,Grant Park,65.28333333333333,69.83333333333333,55.5,0.9348448687350835,17.3,1.0,green
Morgan Park,Hyde Park,70.05,21.61111111111111,26.037222222222223,3.274635672569907,9.71111111111111,18.0,red
Morgan Park,Jackson Park,58.083333333333336,23.8,28.11,2.4404761904761907,12.1,1.0,orange
Morgan Park,Loop,66.87888888888888,29.560555555555553,31.716333333333335,2.3778508711601583,15.683333333333332,30.0,orange
Morgan Park,Morgan Park,18.737056737588652,7.7015957446808505,12.1331914893617,2.6685855843207835,1.6914893617021276,188.0,orange
Morgan Park,Near South Side,74.69358974358974,21.941025641025643,25.701538461538462,3.4724885094668334,14.092307692307692,13.0,red
Morgan Park,Old Town,82.1,32.46666666666667,40.23,2.5287474332648867,18.0,1.0,orange
Morgan Park,Pullman,54.45,13.961458333333333,17.623124999999998,3.9892450244110553,6.206250000000001,16.0,red
Morgan Park,River North,69.06666666666666,42.40416666666667,28.7475,1.70213185032135,19.099999999999998,4.0,green
Morgan Park,Roseland,42.31172839506172,13.261111111111111,14.650000000000004,3.329114272128845,4.855555555555555,27.0,red
Morgan Park,South Chicago,75.97500000000001,21.708333333333332,26.115,3.5256410260666065,8.233333333333334,6.0,red
Morgan Park,South Deering,56.083333333333336,15.297126436781607,16.491379310344826,3.7471580287069917,6.63448275862069,29.0,red
Morgan Park,South Shore,64.52708333333332,28.10416666666667,15.03125,2.3881327446710108,9.674999999999999,8.0,orange
Morgan Park,Washington Heights,31.25,9.892857142857142,18.345714285714283,3.165276769154374,3.3428571428571425,7.0,red
Morgan Park,West Lawn,71.75,27.383333333333333,22.435,2.6252484443809347,7.65,2.0,orange
Morgan Park,West Loop,85.53333333333333,19.591666666666665,25.48,4.365801786473841,16.2,2.0,red
Morgan Park,West Pullman,25.649068322981368,10.074016563146998,13.881863354037268,2.597901646566804,2.4080745341614906,161.0,orange
Morgan Park,Woodlawn,59.78333333333333,23.3421568627451,22.847647058823526,2.579669997954664,10.047058823529412,17.0,orange
Mount Greenwood,Auburn Gresham,54.916666666666664,27.8,11.53,1.975419664268585,7.2,1.0,green
Mount Greenwood,Beverly,48.61666666666667,9.737878787878786,15.842727272727274,5.234585913832418,2.8545454545454545,11.0,red
Mount Greenwood,Logan Square,123.95,27.016666666666666,31.27,4.5879086983343615,22.5,1.0,red
Mount Greenwood,Morgan Park,53.5,7.791666666666666,11.9825,6.976123829428294,2.0,4.0,red
Mount Greenwood,Mount Greenwood,16.666666666666668,4.5777777777777775,15.323333333333332,3.8504667700211623,1.3666666666666665,6.0,red
Mount Greenwood,South Chicago,90.33333333333333,30.866666666666667,25.23,2.9265658747300214,11.8,1.0,red
Mount Greenwood,United Center,104.75,37.416666666666664,51.65,2.799554565701559,19.7,1.0,red
Museum Campus,Albany Park,75.17916666666667,38.22638888888889,33.865833333333335,2.1188424208292913,11.091666666666667,12.0,yellow
Museum Campus,Andersonville,69.3396551724138,27.022988505747126,30.53310344827586,2.6431145017059703,10.33448275862069,29.0,orange
Museum Campus,Ashburn,86.75,24.936666666666667,23.849999999999998,3.5247090364152895,10.68,5.0,red
Museum Campus,Auburn Gresham,68.76214689265538,32.878531073446325,24.801186440677967,2.148890630092502,9.469491525423727,59.0,yellow
Museum Campus,Avalon Park,71.96666666666668,19.82272727272727,29.424545454545456,3.646124654183589,10.336363636363636,11.0,red
Museum Campus,Avondale,82.71666666666667,28.483333333333334,40.406666666666666,3.092138110025405,9.566666666666668,9.0,red
Museum Campus,Belmont Cragin,84.06666666666666,19.3,21.23,4.355785837651123,9.6,1.0,red
Museum Campus,Boystown,55.63977272727272,22.567971380471384,28.759318181818184,2.6693621873360645,7.270707070707069,396.0,orange
Museum Campus,Bridgeport,49.82585034013606,13.33248299319728,26.021428571428572,3.8796580828430813,3.4918367346938775,98.0,red
Museum Campus,Brighton Park,49.25987654320988,21.799999999999997,21.94074074074074,2.3902625069429977,6.7518518518518515,27.0,orange
Museum Campus,Bucktown,62.9,19.8494623655914,23.22774193548387,3.2184812161271417,6.44516129032258,31.0,red
Museum Campus,Chatham,66.32820512820513,19.065384615384616,21.24846153846154,3.583660060574654,9.592307692307692,13.0,red
Museum Campus,Chicago Lawn,66.96666666666667,33.94057971014493,27.374782608695654,2.0045418819020737,9.339130434782609,23.0,green
Museum Campus,Chinatown,24.561210795040118,7.629992706053975,13.590903719912472,3.2576335870361923,1.576805251641138,4570.0,red
Museum Campus,Douglas,27.286606471030847,8.543152746425882,11.698329571106093,3.29269630728677,2.29706546275395,443.0,red
Museum Campus,East Village,50.022083333333335,17.218750000000004,21.771000000000004,3.057880415356208,5.407500000000001,40.0,red
Museum Campus,Edgewater,68.73974358974358,27.325641025641023,44.659230769230774,2.8114462850096524,10.915384615384616,13.0,red
Museum Campus,Englewood,54.61666666666667,23.458974358974363,21.87,2.3478287185165723,6.269230769230769,13.0,yellow
Museum Campus,Garfield Park,50.30185185185186,23.364814814814817,17.405555555555555,2.2522606136734975,6.933333333333334,9.0,yellow
Museum Campus,Garfield Ridge,71.28759729028538,31.924083549533975,48.306106947247045,2.63314226318477,10.406442778898818,13876.0,orange
Museum Campus,Gold Coast,43.91977491961415,16.247963558413723,22.327974276527335,2.802775015089259,3.9996784565916403,311.0,red
Museum Campus,Grand Boulevard,37.818792517006806,12.980612244897959,16.5484693877551,2.9619994251430075,4.178571428571429,196.0,red
Museum Campus,Grand Crossing,55.322649572649574,20.03803418803419,22.542564102564103,2.9668178938842513,8.88205128205128,39.0,red
Museum Campus,Grant Park,25.70776034769617,8.982360531051578,17.530192523174087,3.071482915117451,1.5616583477640829,29451.0,red
Museum Campus,Humboldt Park,72.89500000000001,32.1,29.871666666666666,2.358886701344046,7.530000000000001,30.0,orange
Museum Campus,Hyde Park,42.092045690550364,15.78895465559017,18.582853582554517,2.6715282562069587,6.94809968847352,4815.0,orange
Museum Campus,Irving Park,80.2,26.178571428571427,32.917142857142856,3.1265201821742017,10.714285714285714,7.0,red
Museum Campus,Jackson Park,36.382203389830515,11.336228813559323,18.522076271186442,3.2567112616610605,6.266101694915255,236.0,red
Museum Campus,Jefferson Park,69.58333333333333,42.0,36.07833333333333,1.799843595012461,12.0,6.0,green
Museum Campus,Kenwood,26.270336943441635,11.490012033694345,15.72772563176895,2.288583669376862,5.137184115523465,277.0,yellow
Museum Campus,Lake View,54.63518518518519,24.31455026455026,26.039873015873013,2.4664615198513715,7.225079365079365,315.0,orange
Museum Campus,Lincoln Park,55.78931068931069,22.029337329337327,23.981768231768232,2.641358142338688,5.409190809190808,1001.0,orange
Museum Campus,Lincoln Square,78.37096774193549,29.847849462365595,36.82354838709677,2.824669813812559,10.387096774193546,31.0,red
Museum Campus,"Little Italy, UIC",43.92365122342559,15.908100180505413,16.00126955475331,2.7774917679006728,3.478580024067389,6648.0,red
Museum Campus,Little Village,57.79999999999999,15.248148148148147,18.84111111111111,3.8063017647922472,5.566666666666666,9.0,red
Museum Campus,Logan Square,60.11977225672879,23.89865424430642,30.572670807453417,2.6053586876712975,7.635403726708076,161.0,orange
Museum Campus,Loop,31.19591297005324,12.4106457954648,17.178784545770974,2.5670599825714167,2.0691561279344084,258570.0,orange
Museum Campus,Lower West Side,36.01241159830269,10.863696369636964,16.533295615275815,3.4241575852590085,2.335219236209335,1414.0,red
Museum Campus,Mckinley Park,42.66111111111112,15.0463768115942,14.554637681159418,2.8662364959642828,4.150724637681159,69.0,red
Museum Campus,Near South Side,17.483940445215378,6.323026886383348,14.84123735183579,2.83329494697442,1.3201214223764097,3459.0,red
Museum Campus,New City,54.85,11.533333333333335,15.575999999999999,5.046076592555499,4.1,5.0,red
Museum Campus,North Center,77.52156862745097,28.08186274509804,37.07852941176471,2.841104018767719,9.500000000000002,34.0,red
Museum Campus,North Lawndale,54.17083333333333,18.04708333333333,20.14475,3.0658810883150136,6.15,40.0,red
Museum Campus,O'Hare,98.4610730106839,49.52511163622581,72.23214785729515,2.1604635230731177,20.470321938739254,56284.0,yellow
Museum Campus,Oakland,39.55208333333333,10.529166666666667,15.416562500000001,3.812544461422349,3.875,64.0,red
Museum Campus,Old Town,45.87857142857143,23.49497354497355,25.814126984126982,2.0609380438625453,4.704761904761904,63.0,yellow
Museum Campus,River North,39.767055124588616,16.786964033850495,23.164388399153736,2.4143499778090503,2.9494358251057826,56720.0,orange
Museum Campus,Riverdale,109.88333333333334,37.90119047619048,34.40571428571429,3.031358916149621,16.735714285714284,14.0,red
Museum Campus,Rogers Park,70.12955974842768,24.66729559748428,31.405094339622643,2.9371049725939073,11.68867924528302,53.0,red
Museum Campus,Roseland,62.449999999999996,18.711111111111112,22.896666666666665,3.5120551826343367,12.133333333333333,3.0,red
Museum Campus,Rush & Division,39.73487972508592,16.565292096219935,25.938969072164948,2.4860891461931507,3.7989690721649483,97.0,orange
Museum Campus,Sheffield & DePaul,53.33333333333332,25.683578431372553,25.560588235294116,2.16764391189801,6.489705882352942,68.0,yellow
Museum Campus,South Chicago,48.56111111111111,20.416666666666668,28.141666666666666,2.410714315903522,9.483333333333334,6.0,orange
Museum Campus,South Shore,48.53205128205128,18.16858974358974,18.416153846153847,2.753904127951828,8.68076923076923,26.0,orange
Museum Campus,Streeterville,40.84022178100139,16.242736402069237,21.715745573159367,2.6003723950306616,2.848912030471251,49358.0,orange
Museum Campus,United Center,53.72666666666667,17.032838427947596,21.465397379912663,3.303086850101887,3.8229694323144106,1145.0,red
Museum Campus,Uptown,63.37452165156092,26.867321248741185,29.06755287009063,2.598879994520687,8.833534743202419,331.0,orange
Museum Campus,Washington Park,41.96666666666667,15.242307692307692,14.86846153846154,2.804246644018577,5.1692307692307695,13.0,red
Museum Campus,West Loop,42.614015907057194,15.23503926773547,21.095503081929845,2.8456076672111212,3.064365092457895,66679.0,red
Museum Campus,West Ridge,83.0,32.81296296296297,39.49999999999999,2.558349632694107,12.761111111111111,18.0,orange
Museum Campus,West Town,48.475954376163884,20.01165037243948,22.944036312849164,2.57533394890141,4.288896648044693,1432.0,orange
Museum Campus,Wicker Park,55.698570151921345,20.906657730116176,23.231501340482584,2.7654314741931563,5.6254691689008025,373.0,red
Museum Campus,Woodlawn,34.383333333333326,15.094166666666666,19.958750000000002,2.2947174756159816,7.4350000000000005,40.0,yellow
Museum Campus,Wrigleyville,51.67142857142857,26.49206349206349,29.101904761904763,2.030242079035788,8.339682539682538,63.0,yellow
Near South Side,Andersonville,59.75,26.820833333333333,30.3875,2.2456210213434153,10.875,4.0,yellow
Near South Side,Armour Square,18.466666666666665,8.873214285714287,16.90214285714286,2.2180741955418193,1.8,28.0,yellow
Near South Side,Ashburn,65.18809523809524,30.672222222222224,23.10809523809524,2.20907009516151,12.923809523809522,21.0,yellow
Near South Side,Avondale,54.31666666666667,34.46666666666667,36.21,1.5762729663212465,9.05,2.0,green
Near South Side,Boystown,58.5,24.583333333333332,25.23,2.3796610169491528,9.0,1.0,orange
Near South Side,Bridgeport,36.046969696969704,10.67878787878788,21.55636363636364,3.5949036565111614,2.5727272727272728,11.0,red
Near South Side,Bucktown,62.38333333333333,23.969444444444445,27.273333333333337,2.690219040351343,7.366666666666667,6.0,orange
Near South Side,Calumet Heights,50.58333333333333,24.701666666666664,27.191000000000003,2.1053208545253512,12.620000000000001,10.0,yellow
Near South Side,Chatham,52.86666666666666,19.253333333333334,15.55,2.780557535164884,8.82,5.0,red
Near South Side,Chicago Lawn,66.53333333333333,25.354166666666668,23.375000000000004,2.7062450469272648,9.350000000000001,4.0,orange
Near South Side,Chinatown,15.793030071355762,6.950516055045873,16.908203363914375,2.3036728749651183,1.106307339449541,2616.0,yellow
Near South Side,Douglas,20.077150537634413,7.889516129032258,13.999354838709678,2.600059490850175,1.9241935483870967,62.0,orange
Near South Side,East Village,53.55,18.020833333333336,24.98,2.981115414087693,6.125,4.0,red
Near South Side,Englewood,45.4,11.4,25.475,3.982456140350877,5.6,2.0,red
Near South Side,Fuller Park,33.75,9.825757575757576,7.866363636363636,3.5625503732694144,2.909090909090909,11.0,red
Near South Side,Garfield Ridge,62.17634812177205,36.996081544926696,52.9632807237032,1.9157047149249862,9.988961601385816,10391.0,green
Near South Side,Gold Coast,43.65621890547263,21.289800995024873,25.3355223880597,2.069821838624165,5.035820895522387,67.0,yellow
Near South Side,Grand Boulevard,22.049999999999997,7.944444444444445,10.045555555555556,2.859697258568803,2.288888888888889,9.0,red
Near South Side,Grand Crossing,34.06666666666667,11.916666666666666,18.73,2.8587412587412593,6.9,1.0,red
Near South Side,Grant Park,19.963662482231165,10.430587422668026,24.27465913868701,2.0323549005497688,1.9738062346086853,16649.0,yellow
Near South Side,Humboldt Park,57.775,20.506249999999998,19.99375,2.830068096986576,8.1375,8.0,red
Near South Side,Hyde Park,33.16274509803922,16.008823529411764,22.11176470588235,2.0892045455373083,6.023529411764706,17.0,yellow
Near South Side,Irving Park,68.56666666666666,23.444444444444443,30.786666666666665,3.020016458420359,9.766666666666667,3.0,red
Near South Side,Jackson Park,50.31666666666667,12.201754385964911,18.451315789473686,4.177359645928309,5.731578947368422,38.0,red
Near South Side,Kenwood,33.4,13.058333333333332,12.08,2.5878603217207177,5.083333333333333,6.0,orange
Near South Side,Lake View,46.562719298245604,35.78991228070176,42.95552631578947,1.5274464010640723,8.676315789473684,38.0,green
Near South Side,Lincoln Park,49.91092896174862,23.960382513661205,35.86901639344262,2.159860475923837,7.242622950819673,61.0,yellow
Near South Side,"Little Italy, UIC",33.04776422764228,18.49647696476965,19.722804878048777,1.85168239928927,4.103658536585366,246.0,green
Near South Side,Logan Square,55.865384615384606,35.28846153846154,39.72923076923077,1.6778818872789523,9.126923076923077,26.0,green
Near South Side,Loop,24.476164475150433,15.57108545056088,28.855690606195676,1.6054337163965984,2.8162218631602407,35896.0,green
Near South Side,Lower West Side,30.56266666666667,12.42066666666667,15.006400000000003,2.509385858946456,2.3519999999999994,25.0,orange
Near South Side,Mckinley Park,38.3,12.866666666666667,11.77,2.9766839378238337,3.5,1.0,red
Near South Side,Museum Campus,17.039715220789372,7.872171746776084,17.522434056271983,2.32899038028289,1.5245750293083238,6824.0,yellow
Near South Side,North Lawndale,47.083333333333336,16.816666666666666,20.396666666666665,2.801751999459736,7.2,3.0,red
Near South Side,North Park,77.23333333333333,22.133333333333333,28.73,3.4894578313253013,13.6,1.0,red
Near South Side,O'Hare,94.60495288207683,64.61506826293146,84.23094620856557,1.569542196974425,21.34065158404224,54544.0,green
Near South Side,Oakland,28.416666666666668,15.658333333333333,11.94,1.8147951037786056,3.0,2.0,green
Near South Side,Old Town,38.166666666666664,22.475308641975307,33.961111111111116,1.7510722054365742,5.7444444444444445,27.0,green
Near South Side,River North,33.65318951057081,20.2281932473054,34.217390264560805,1.6983959068758674,3.4978277116237355,20071.0,green
Near South Side,Rogers Park,67.0,34.875,37.925,1.9339632132377993,13.049999999999999,4.0,green
Near South Side,Roseland,46.416666666666664,16.41923076923077,2.496923076923077,2.8397755887354843,9.576923076923077,13.0,red
Near South Side,Sheffield & DePaul,45.46666666666666,24.811904761904763,28.41571428571428,1.902086827351951,7.828571428571428,7.0,green
Near South Side,South Shore,47.95486111111111,19.45486111111111,19.044583333333332,2.597493264029482,8.8375,24.0,orange
Near South Side,Streeterville,33.82126094784705,18.54261802313162,31.389402178888584,1.8659341949394048,3.352293326009338,10923.0,green
Near South Side,Ukrainian Village,54.635185185185186,17.92962962962963,25.036666666666665,3.194472094526099,6.266666666666667,9.0,red
Near South Side,Uptown,67.23,25.03333333333333,31.252,2.7379519399314196,9.059999999999999,5.0,orange
Near South Side,Washington Park,26.214583333333337,13.6875,15.752500000000001,1.9224009093620884,4.624999999999999,8.0,green
Near South Side,West Loop,32.81821665226159,15.778049553442811,26.737477960242003,2.129789834861007,3.49951598962835,5785.0,yellow
Near South Side,West Town,40.14855072463769,18.511956521739126,27.880108695652183,2.2364211652640367,5.473913043478261,92.0,yellow
Near South Side,Wicker Park,42.888505747126445,24.4683908045977,21.7548275862069,1.9128672132853142,6.303448275862069,29.0,green
Near South Side,Wrigleyville,46.9,46.91066666666668,55.854800000000004,1.082974532965197,9.084,25.0,green
New City,Auburn Gresham,39.74629629629629,12.468518518518518,16.797777777777775,3.2403778166693544,4.411111111111111,9.0,red
New City,Austin,75.43333333333334,33.125,25.060000000000002,2.3482262234292577,11.0,2.0,yellow
New City,Avalon Park,69.51666666666667,24.578571428571426,22.947142857142858,2.8715650000856057,8.914285714285713,7.0,red
New City,Bridgeport,36.483333333333334,11.316666666666668,14.12,3.308808834811432,4.0,3.0,red
New City,Brighton Park,21.62222222222222,7.622222222222223,13.153333333333334,2.954699597232999,1.7999999999999998,3.0,red
New City,Bucktown,60.800000000000004,28.438888888888886,28.83666666666667,2.229985862628638,9.866666666666667,3.0,yellow
New City,Chicago Lawn,29.966666666666665,9.7,13.64,3.089347079037801,2.8,1.0,red
New City,Chinatown,39.263333333333335,13.236666666666668,16.422000000000004,2.9927173715932476,4.0200000000000005,5.0,red
New City,Douglas,54.88333333333333,18.02916666666667,13.1975,3.6458777567934706,4.875,4.0,red
New City,Englewood,42.00625,16.389583333333334,16.55625,2.6354678478438185,4.4375,8.0,orange
New City,Garfield Park,60.78333333333333,30.20114942528736,31.00586206896552,2.014999515307215,6.131034482758621,29.0,green
New City,Garfield Ridge,73.68333333333334,31.674242424242426,41.192424242424245,2.35499364835354,7.257575757575758,33.0,orange
New City,Grand Boulevard,29.54565217391304,9.854347826086956,11.926956521739127,3.492536844005299,2.3130434782608695,23.0,red
New City,Grant Park,57.3861111111111,17.925,19.971666666666668,3.399495564354421,6.666666666666667,6.0,red
New City,Humboldt Park,72.13333333333334,28.616666666666667,30.87,2.5206755969714623,8.2,1.0,orange
New City,Hyde Park,43.516666666666666,12.75,16.51,3.4130718954248365,3.4,1.0,red
New City,Kenwood,40.175,15.05,21.402500000000003,2.7615814187503487,3.825,4.0,orange
New City,Lincoln Park,61.78333333333333,32.166666666666664,25.31,1.9207253886010363,9.9,1.0,green
New City,"Little Italy, UIC",47.62666666666667,16.627777777777776,17.697333333333333,2.9362718362290647,4.7,15.0,red
New City,Little Village,42.88333333333333,17.025,21.23,2.522810518495482,4.2,2.0,orange
New City,Loop,50.3619341563786,24.257818930041154,23.331358024691358,2.1092719375280415,7.24567901234568,81.0,yellow
New City,Lower West Side,34.583333333333336,31.491666666666667,20.105,1.098257868904166,8.3,2.0,green
New City,Mount Greenwood,97.0,33.516666666666666,43.97,2.8940825459970165,11.5,1.0,red
New City,Museum Campus,58.800000000000004,17.531818181818185,21.744545454545456,3.3573984243073594,5.4,11.0,red
New City,Near South Side,50.91666666666666,12.493055555555555,18.4575,4.245856534940149,3.6833333333333336,12.0,red
New City,New City,11.956666666666667,6.925,10.968,1.9044802418767481,1.37,10.0,green
New City,North Lawndale,65.65,28.606666666666666,17.464,2.29779054793802,6.88,5.0,yellow
New City,O'Hare,120.9,26.633333333333333,65.01,4.539424280350438,23.3,1.0,red
New City,Portage Park,96.33333333333333,29.7,34.48,3.2435465768799103,15.2,1.0,red
New City,Riverdale,116.38333333333334,48.766666666666666,23.47,2.3865345181134656,13.9,1.0,orange
New City,Roseland,67.87222222222222,21.54074074074074,22.587777777777777,3.466925277972577,8.511111111111113,9.0,red
New City,Streeterville,60.871428571428574,26.28095238095238,24.184285714285714,2.3868277581173487,9.0,7.0,orange
New City,United Center,64.83333333333333,25.120833333333334,20.0025,2.582550236499393,6.725,4.0,orange
New City,Uptown,82.58333333333333,44.95,29.25,1.8372265480163141,14.8,1.0,green
New City,Washington Heights,62.016666666666666,30.75,20.05,2.0168021680216803,8.8,1.0,yellow
New City,Washington Park,42.416666666666664,8.8,9.98,4.820508037408658,2.05,2.0,red
New City,West Lawn,55.15,26.316666666666666,28.73,2.0956301456618114,8.1,1.0,yellow
New City,West Loop,43.18333333333333,17.196835443037973,19.059367088607594,2.558294311603125,5.575949367088608,79.0,orange
New City,West Town,63.31666666666667,32.63333333333333,17.45,1.9402451481103167,7.2,1.0,green
North Center,Albany Park,43.00967741935483,17.0010752688172,17.85032258064516,2.545711043563233,3.261290322580645,31.0,orange
North Center,Andersonville,32.922463768115946,15.276811594202897,15.941739130434781,2.2338230212588357,3.154347826086956,46.0,yellow
North Center,Armour Square,52.18333333333333,23.683333333333334,26.23,2.203377902885292,8.6,1.0,yellow
North Center,Austin,77.01666666666667,48.18333333333334,28.490000000000002,1.6078901167068278,9.0,2.0,green
North Center,Avondale,28.816666666666666,11.17948717948718,14.409560439560439,2.830421432147375,1.8747252747252743,91.0,red
North Center,Belmont Cragin,43.733333333333334,19.566666666666666,23.73,2.2350936967632027,4.6,1.0,yellow
North Center,Beverly,102.33333333333333,43.93333333333333,65.7,2.329286798179059,22.2,1.0,yellow
North Center,Boystown,23.594097222222228,11.467708333333336,15.238958333333334,2.1087107086267567,2.1999999999999997,48.0,yellow
North Center,Bridgeport,78.65,22.716666666666665,23.73,3.4622157006603085,9.8,1.0,red
North Center,Bucktown,24.252040816326534,10.807142857142857,13.204795918367346,2.42159296536406,1.98265306122449,98.0,orange
North Center,East Village,21.1,10.941666666666666,14.645,1.9585931424531635,2.65,2.0,green
North Center,Edgewater,37.16148148148148,14.614074074074072,19.088,2.591644774930925,3.5688888888888886,45.0,orange
North Center,Englewood,85.73333333333333,41.233333333333334,32.05,2.0799746080186425,15.55,2.0,yellow
North Center,Garfield Park,64.25000000000001,26.373015873015873,21.381904761904764,2.465958289238845,9.057142857142859,21.0,orange
North Center,Garfield Ridge,92.43222222222225,45.5088888888889,60.44316666666666,2.2564494903476353,16.64,60.0,yellow
North Center,Gold Coast,43.40238095238095,18.704761904761902,21.857857142857142,2.456567205511513,5.228571428571429,14.0,orange
North Center,Grant Park,54.14255319148937,26.425886524822694,25.483829787234036,2.0790881813707465,8.251063829787235,47.0,yellow
North Center,Hermosa,49.245312500000004,22.324479166666666,16.01765625,2.25838892634462,4.21875,64.0,yellow
North Center,Humboldt Park,38.61666666666667,14.723333333333333,16.818,2.631830426914268,3.9599999999999995,5.0,orange
North Center,Hyde Park,75.35833333333333,28.274999999999995,29.146666666666665,2.720186567648598,14.116666666666669,6.0,orange
North Center,Irving Park,28.375252525252524,13.210606060606063,15.06,2.5084288896577855,2.581818181818182,33.0,orange
North Center,Jefferson Park,44.52,24.76666666666667,22.946,1.9462300778698025,5.24,5.0,green
North Center,Kenwood,69.11666666666666,19.9,28.73,3.4731993299832493,12.5,1.0,red
North Center,Lake View,24.879826546003013,10.196870286576168,13.495361990950226,2.608789284822933,1.852262443438914,442.0,orange
North Center,Lincoln Park,35.37647462277092,15.40480109739369,17.907983539094648,2.499032198470121,2.924279835390946,243.0,orange
North Center,Lincoln Square,20.839300411522633,9.295267489711934,14.978395061728396,2.4445872627630543,1.8246913580246915,81.0,orange
North Center,"Little Italy, UIC",60.766666666666666,27.474999999999998,23.308888888888887,2.2467327722314288,6.749999999999999,18.0,yellow
North Center,Logan Square,35.43155555555555,16.066666666666663,17.351333333333333,2.4371088313775786,3.1159999999999997,75.0,orange
North Center,Loop,45.030473087134936,29.467716630461016,29.380159304851556,1.5796957842820267,6.590658942795076,1381.0,green
North Center,Lower West Side,61.6904761904762,22.673809523809524,22.814285714285713,2.866948653006958,7.871428571428571,7.0,red
North Center,Museum Campus,70.73413978494622,33.924193548387095,37.03,2.3704946563123643,8.69032258064516,62.0,orange
North Center,Near South Side,66.44583333333333,33.193749999999994,38.04875,2.0759821664149287,10.225,8.0,yellow
North Center,North Center,16.65242165242165,5.941168091168091,11.54811965811966,2.955758304302254,1.2572649572649572,117.0,red
North Center,North Lawndale,67.6,37.29222222222222,32.92266666666667,1.8177880353228528,7.513333333333334,15.0,green
North Center,North Park,34.916666666666664,14.555555555555555,16.693333333333335,2.4357959732376835,3.2555555555555555,9.0,orange
North Center,Norwood Park,56.23333333333333,19.2,28.169999999999998,3.023656002884668,7.533333333333334,3.0,red
North Center,O'Hare,71.53859862292425,35.290542729850145,52.840340218712036,2.0881435720423207,13.262940461725396,823.0,yellow
North Center,Old Town,45.31666666666666,17.195833333333333,20.87875,2.7384432438001487,4.2625,8.0,orange
North Center,Portage Park,41.931666666666665,21.693333333333335,24.549999999999997,2.0392470525711057,5.07,10.0,yellow
North Center,River North,45.06674897119341,23.892427983539093,24.420024691358027,2.026838026119698,5.565925925925925,405.0,yellow
North Center,Rogers Park,46.14777777777779,22.215555555555554,21.358666666666668,2.130018288423377,5.833333333333333,15.0,yellow
North Center,Rush & Division,49.68333333333333,15.866666666666667,17.293333333333333,3.147015918713619,6.2,3.0,red
North Center,Sheffield & DePaul,35.956923076923076,16.694615384615386,17.773692307692308,2.3175220971364965,2.7938461538461543,65.0,yellow
North Center,South Chicago,77.58333333333333,28.933333333333334,35.2,2.6814516129032255,18.6,1.0,orange
North Center,South Shore,77.66666666666667,37.583333333333336,28.73,2.066518847006652,16.6,1.0,yellow
North Center,Streeterville,49.235670731707316,21.789939024390247,22.68439024390244,2.3489089662404714,6.464634146341464,164.0,orange
North Center,Ukrainian Village,34.63484848484848,20.328787878787878,24.39272727272727,1.8661464800459504,4.2727272727272725,11.0,green
North Center,United Center,38.55,32.67239583333333,35.907812500000006,1.1904864722816726,6.4624999999999995,32.0,green
North Center,Uptown,29.797253787878784,11.889772727272726,14.559147727272727,2.6191750731184094,2.403977272727273,176.0,orange
North Center,Washington Heights,98.21666666666667,77.5,100.0,1.3132835863814125,24.65,2.0,green
North Center,West Loop,52.02047788309637,25.196228278041076,26.46946682464455,2.157200050368237,5.478791469194313,844.0,yellow
North Center,West Ridge,53.67222222222222,18.45,17.680000000000003,2.9715987843590113,3.9,3.0,red
North Center,West Town,38.09557823129252,19.151360544217688,20.62170068027211,2.0892054877884236,4.089795918367346,147.0,yellow
North Center,Wicker Park,31.2987037037037,20.19518518518518,19.220222222222226,1.7140232432176248,3.51,90.0,green
North Center,Wrigleyville,21.664229249011857,11.420619235836627,14.663873517786564,2.012021308916274,1.7241106719367592,253.0,green
North Lawndale,Albany Park,74.61666666666666,45.55,40.76,1.6381266008049762,9.2,1.0,green
North Lawndale,Auburn Gresham,70.55555555555556,37.07272727272727,21.55272727272727,1.9144982796147596,9.88787878787879,33.0,green
North Lawndale,Austin,34.45084388185654,13.059704641350212,13.890759493670888,2.772198340486982,3.435443037974683,79.0,red
North Lawndale,Avondale,43.394444444444446,21.71666666666667,24.37,2.000154694290405,6.166666666666667,3.0,green
North Lawndale,Belmont Cragin,59.666666666666664,26.066666666666666,20.47,2.289002557544757,7.3,1.0,yellow
North Lawndale,Boystown,81.45,36.175,29.98,2.2530280438148766,7.3,2.0,yellow
North Lawndale,Bucktown,60.5,32.1,29.82,1.8910162002945508,6.15,2.0,green
North Lawndale,Burnside,85.2,27.9,61.49,3.0537634408602155,17.4,1.0,red
North Lawndale,Calumet Heights,80.38333333333334,37.11666666666667,33.73,2.1656937584193985,17.3,1.0,yellow
North Lawndale,Chatham,83.80333333333333,41.25333333333333,25.455999999999996,2.1563581077642286,14.5,5.0,yellow
North Lawndale,Chicago Lawn,48.43888888888888,30.659259259259258,24.891111111111112,1.6095721465238524,6.922222222222222,9.0,green
North Lawndale,Chinatown,50.15,18.575,29.73,2.6998654104979813,7.0,2.0,orange
North Lawndale,Douglas,56.85,15.583333333333334,18.73,3.648128342245989,8.8,1.0,red
North Lawndale,Englewood,82.18333333333332,28.626666666666665,24.782,3.085419355680415,12.84,5.0,red
North Lawndale,Garfield Park,22.480172413793102,8.644827586206898,12.619827586206899,2.642234472743183,1.9879310344827583,58.0,orange
North Lawndale,Garfield Ridge,72.95,34.87719298245614,43.13578947368421,2.1109830253336184,7.584210526315791,19.0,yellow
North Lawndale,Grand Boulevard,69.86666666666666,15.566666666666666,18.29,4.488222698072804,10.2,1.0,red
North Lawndale,Grant Park,49.78848484848485,14.697878787878789,17.85,3.5391871520642093,5.565454545454545,55.0,red
North Lawndale,Hermosa,49.983333333333334,25.666666666666668,21.53,1.9474025974025972,4.7,1.0,green
North Lawndale,Humboldt Park,27.490086206896546,11.939511494252873,13.375172413793104,2.4387786651738095,2.667241379310345,116.0,orange
North Lawndale,Hyde Park,78.84444444444445,24.625,26.966666666666665,3.207245548914436,11.299999999999999,6.0,red
North Lawndale,Irving Park,60.87777777777777,33.422222222222224,28.11,1.8765026772498754,7.400000000000001,3.0,green
North Lawndale,Jackson Park,65.11666666666666,21.25,28.73,3.0643137254901958,13.7,1.0,red
North Lawndale,Jefferson Park,70.73333333333333,62.31666666666667,30.8,1.135062851029687,11.2,1.0,green
North Lawndale,Kenwood,69.15,22.466666666666665,24.14,3.0778931750741845,9.3,1.0,red
North Lawndale,Lake View,72.22678571428571,35.32857142857143,31.337857142857143,2.0493475301506447,10.951785714285714,56.0,yellow
North Lawndale,Lincoln Park,74.24222222222221,27.800000000000004,23.553333333333335,2.767302371688582,9.226666666666667,15.0,red
North Lawndale,Lincoln Square,77.19166666666666,39.020833333333336,33.8575,1.9777345422390562,9.475,4.0,green
North Lawndale,"Little Italy, UIC",25.062513661202185,12.102513661202186,13.513245901639344,2.0984912667530686,2.865901639344262,305.0,yellow
North Lawndale,Little Village,18.8125,8.022058823529411,10.485441176470587,2.3940274739460308,1.592647058823529,68.0,orange
North Lawndale,Logan Square,43.516666666666666,22.883333333333333,34.98,1.893628702922057,5.35,2.0,green
North Lawndale,Loop,46.2678646934461,19.501021846370676,19.90243128964059,2.4464011060295197,5.280549682875264,473.0,orange
North Lawndale,Lower West Side,24.768518518518515,13.603703703703705,16.53,1.8925861059048097,2.9444444444444446,18.0,green
North Lawndale,Mckinley Park,43.74523809523809,21.68988095238095,21.207857142857144,2.0344949884677197,5.942857142857143,56.0,yellow
North Lawndale,Museum Campus,53.288308457711445,20.244402985074625,18.447611940298508,2.6875384346271396,5.254477611940299,134.0,orange
North Lawndale,New City,55.32820512820513,21.68846153846154,18.3,2.5463133932877366,6.676923076923076,13.0,orange
North Lawndale,North Center,59.98333333333333,33.291666666666664,40.77333333333333,1.8039544638002798,10.616666666666667,6.0,green
North Lawndale,North Lawndale,18.224895178197063,7.318867924528301,10.319559748427674,2.6707774789097867,1.510691823899371,318.0,orange
North Lawndale,O'Hare,99.85555555555555,42.702777777777776,50.22666666666667,2.519295499203935,18.316666666666666,6.0,orange
North Lawndale,Oakland,71.06666666666666,22.85,21.23,3.1101385849744707,8.9,1.0,red
North Lawndale,Old Town,57.11666666666666,26.32037037037037,24.651111111111113,2.1878079880295207,7.144444444444444,9.0,yellow
North Lawndale,Pullman,102.33333333333333,35.68333333333333,31.23,2.86781877627277,19.1,1.0,red
North Lawndale,River North,57.9477366255144,23.107338820301788,24.610329218106997,2.6259534536317357,6.771193415637861,243.0,orange
North Lawndale,Roseland,89.88333333333333,40.775,28.78,2.2176402116402114,17.1,2.0,yellow
North Lawndale,Sheffield & DePaul,66.33333333333333,27.82777777777778,23.50666666666667,2.402435688039506,9.583333333333334,6.0,orange
North Lawndale,South Shore,85.38333333333334,35.88333333333333,23.73,2.3794705062703208,16.1,1.0,orange
North Lawndale,Streeterville,63.050505050505045,24.69848484848485,19.303636363636365,2.6680269764590316,7.221212121212122,33.0,orange
North Lawndale,United Center,29.662459546925568,10.974433656957927,13.416650485436893,2.784885545873108,2.389805825242718,206.0,red
North Lawndale,Uptown,74.26666666666667,40.199999999999996,24.44666666666667,1.8957537705533802,14.033333333333333,3.0,green
North Lawndale,Washington Park,70.66666666666667,32.8,22.94,2.1544715447154474,12.5,1.0,yellow
North Lawndale,West Loop,41.73897180762852,16.44145936981758,18.36124378109453,2.6333680725335213,5.143283582089552,201.0,orange
North Lawndale,West Town,52.15347222222221,15.992361111111109,16.386666666666667,3.4086617980954537,5.425,24.0,red
North Lawndale,Wicker Park,42.736666666666665,19.740000000000002,18.522000000000002,2.2547498187388153,6.319999999999999,5.0,yellow
North Park,Albany Park,20.1219806763285,10.277294685990336,11.015072463768117,2.28828807193206,1.7999999999999998,69.0,yellow
North Park,Austin,72.86666666666666,35.670833333333334,27.154999999999998,2.05285105866405,10.075000000000001,4.0,yellow
North Park,Avondale,35.61666666666667,15.1375,16.3825,2.39293799355534,3.25,4.0,orange
North Park,Edgewater,43.94318181818182,15.502272727272727,15.982727272727272,2.9585875224297693,3.209090909090909,22.0,red
North Park,Grant Park,58.583333333333336,23.983333333333334,30.23,2.4426685198054203,9.9,1.0,orange
North Park,Hermosa,51.166666666666664,26.48888888888889,19.496666666666666,1.9569955994823989,4.3999999999999995,3.0,green
North Park,Humboldt Park,55.333333333333336,38.15833333333333,16.1275,1.4607835930893904,8.399999999999999,4.0,green
North Park,Irving Park,27.483333333333334,10.066666666666666,11.99,2.730132450331126,2.4,1.0,orange
North Park,Jefferson Park,29.31666666666667,13.914705882352942,14.490882352941176,2.223359713703562,2.7205882352941178,34.0,yellow
North Park,Lake View,43.70691823899371,30.62075471698114,21.08698113207547,1.4567624601222733,6.052830188679245,53.0,green
North Park,Lincoln Square,21.43424242424243,9.727878787878787,11.847454545454548,2.4231273487862173,1.7254545454545454,55.0,orange
North Park,Logan Square,35.0515873015873,21.42857142857143,15.964761904761907,1.7190339309619753,3.7,21.0,green
North Park,Loop,69.06666666666666,50.18333333333333,38.23,1.3762869478578545,10.5,1.0,green
North Park,North Center,34.68043478260869,15.659420289855074,13.928260869565218,2.2698215322986433,2.9956521739130433,46.0,yellow
North Park,North Lawndale,63.19166666666668,46.403333333333336,33.74399999999999,1.3883225579154703,10.879999999999999,10.0,green
North Park,North Park,16.208680555555556,7.725347222222222,10.733749999999999,2.1851091785032364,1.5270833333333333,48.0,yellow
North Park,O'Hare,63.46103448275862,26.281494252873564,41.95248275862069,2.4569976238291407,10.993103448275864,145.0,orange
North Park,Portage Park,50.27916666666667,24.1375,18.392500000000002,2.173996721109586,5.275,4.0,yellow
North Park,River North,66.46666666666667,35.67843137254903,26.303529411764707,1.8798514306914225,7.405882352941176,17.0,green
North Park,Rogers Park,40.06666666666667,17.26111111111111,20.88,2.455687798432963,4.266666666666667,3.0,orange
North Park,Streeterville,67.48333333333333,44.4,35.598749999999995,1.5736446628450396,9.8375,8.0,green
North Park,Uptown,39.586842105263166,18.370175438596494,15.115263157894734,2.17757666821447,3.8052631578947373,19.0,yellow
North Park,West Loop,59.15,35.45,23.355,1.698401320252306,8.85,2.0,green
North Park,West Ridge,17.168544600938965,8.354577464788731,9.239225352112674,2.0650219787566693,1.4197183098591548,142.0,yellow
North Park,West Town,48.787962962962965,27.269444444444446,20.178888888888892,1.8810216857330966,6.533333333333333,18.0,green
North Park,Wicker Park,51.766666666666666,30.916666666666668,22.296,1.719539906880156,6.300000000000001,5.0,green
Norwood Park,Austin,78.16666666666667,23.35,21.23,3.3476088508208424,6.9,1.0,red
Norwood Park,Dunning,21.616666666666667,14.166666666666666,16.23,1.5258823529411765,3.5,1.0,green
Norwood Park,Edison Park,34.82437810945273,5.512189054726368,12.92671641791045,6.461200995635941,1.5194029850746271,134.0,red
Norwood Park,Irving Park,40.2,16.679166666666664,19.7575,2.4965161182286257,4.8,4.0,orange
Norwood Park,Lake View,63.38333333333333,39.17619047619048,29.108571428571427,1.685523693862542,9.37142857142857,7.0,green
Norwood Park,Lincoln Square,55.083333333333336,27.855238095238093,0.0,2.00866863265947,6.385714285714286,35.0,green
Norwood Park,"Little Italy, UIC",69.43333333333334,46.57666666666667,35.42399999999999,1.5222642972860372,12.02,5.0,green
Norwood Park,Logan Square,54.82777777777778,29.87222222222222,22.400000000000002,1.9672880990550163,9.000000000000002,3.0,green
Norwood Park,Loop,67.4,37.166666666666664,35.43,1.8134529147982066,14.1,1.0,green
Norwood Park,Montclare,78.61666666666666,13.606666666666666,15.344,5.9880304225840195,4.75,10.0,red
Norwood Park,Museum Campus,88.7,25.483333333333334,26.23,3.4807063440156965,14.7,1.0,red
Norwood Park,North Center,60.78333333333333,28.75,23.64,2.1142028985507246,8.8,1.0,yellow
Norwood Park,North Park,48.56666666666668,22.460256410256413,15.503076923076922,2.1800824792885085,5.8538461538461535,13.0,yellow
Norwood Park,Norwood Park,25.81481481481481,6.358641975308641,11.017037037037039,4.502855149852028,1.4629629629629628,27.0,red
Norwood Park,O'Hare,44.37952069716775,11.408169934640522,17.070392156862745,4.102333009906235,4.3431372549019605,153.0,red
Norwood Park,Portage Park,36.46904761904762,15.13095238095238,13.692857142857141,2.6852139028196444,3.442857142857143,7.0,orange
Norwood Park,River North,71.4375,26.089583333333334,28.229999999999997,3.0148700106688073,11.675,8.0,red
Norwood Park,Rogers Park,85.76666666666667,28.816666666666666,17.34,2.976286871023713,8.1,1.0,red
Norwood Park,"Sauganash,Forest Glen",47.15,13.594444444444443,18.13,3.551286335912432,3.9333333333333336,3.0,red
Norwood Park,Streeterville,71.88333333333334,28.133333333333333,31.73,2.555094786729858,13.8,1.0,orange
Norwood Park,West Loop,60.609090909090924,40.14545454545454,40.02272727272727,1.5643915224757665,12.454545454545455,11.0,green
O'Hare,Albany Park,63.89908789386401,29.9165008291874,43.12781094527362,2.2246907586001687,11.50597014925373,201.0,yellow
O'Hare,Andersonville,84.43486590038314,49.4015804597701,52.4591091954023,1.731261830064769,13.77270114942529,348.0,green
O'Hare,Armour Square,83.73333333333333,47.25208333333334,54.32249999999999,1.8493174574208864,21.1375,8.0,green
O'Hare,Austin,71.86052631578947,27.91052631578948,35.59157894736842,2.6143777730398887,11.447368421052634,19.0,orange
O'Hare,Avondale,59.40841049382716,28.200154320987654,40.0769212962963,2.4530905279043984,11.859259259259257,432.0,orange
O'Hare,Belmont Cragin,82.778,37.43566666666667,27.122200000000003,2.3470243038107332,8.77,50.0,yellow
O'Hare,Beverly,132.35,50.95833333333333,80.39,2.614073362764744,32.05,2.0,orange
O'Hare,Boystown,80.46739943872778,38.70014031805425,49.83816651075771,2.2366151075469602,15.119644527595883,1069.0,yellow
O'Hare,Bridgeport,99.4,47.89545454545455,54.03727272727272,2.214668065917078,22.00909090909091,11.0,yellow
O'Hare,Bucktown,62.89617886178862,32.25985772357724,47.1754512195122,2.1933210694522676,14.13182926829268,820.0,yellow
O'Hare,Calumet Heights,110.0212121212121,77.43484848484849,81.06090909090909,1.5494712575722007,31.045454545454547,11.0,green
O'Hare,Chinatown,85.57898550724639,31.24263285024155,54.65471014492753,2.8964884145354706,20.407971014492755,138.0,red
O'Hare,Douglas,98.20219298245615,48.16907894736843,51.658815789473685,2.210278265104911,21.582894736842107,76.0,yellow
O'Hare,Dunning,70.36666666666666,17.004166666666666,24.7725,4.208691746496405,5.025,4.0,red
O'Hare,East Village,63.65455010224948,25.868353783231086,44.70865030674847,2.5941918991199597,15.747546012269938,326.0,orange
O'Hare,Edgewater,93.99548420777865,41.718337248760115,49.355708692247454,2.303464345022966,14.606734534064213,1277.0,yellow
O'Hare,Edison Park,53.26666666666667,14.803107344632766,33.33661016949153,3.6210595099550855,6.940677966101694,59.0,red
O'Hare,Garfield Ridge,124.78073959938366,55.19460708782742,70.23274268104778,2.403050202648056,26.127580893682588,649.0,orange
O'Hare,Gold Coast,84.75412254160364,47.15194307866869,58.328262102874426,2.05312167091451,17.25801815431165,10576.0,yellow
O'Hare,Grand Boulevard,102.60000000000001,63.050000000000004,60.14166666666667,1.7468370189472944,23.233333333333334,6.0,green
O'Hare,Grand Crossing,110.17666666666666,52.69333333333334,53.722,2.43706078626447,27.18,5.0,orange
O'Hare,Grant Park,79.63851432847969,47.951676984334576,62.21242000174383,1.8299350865047135,18.90543966344058,91752.0,green
O'Hare,Hermosa,70.39444444444445,30.633333333333333,35.5611111111111,2.3903922948618934,12.077777777777776,9.0,orange
O'Hare,Humboldt Park,72.7632867132867,33.927505827505826,44.86701631701631,2.433766794781975,15.04871794871795,429.0,orange
O'Hare,Hyde Park,102.01449721489297,51.725813544415125,61.951248900615646,2.1668533092801194,25.67141600703606,1137.0,yellow
O'Hare,Irving Park,55.86460481099657,23.87276632302406,38.99494845360825,2.6372250362925085,11.013917525773195,194.0,orange
O'Hare,Jackson Park,115.1,46.045833333333334,46.855,2.579332099329248,24.025,4.0,orange
O'Hare,Jefferson Park,52.28906250000001,15.689583333333333,26.314062500000002,3.630548539317953,7.268750000000001,32.0,red
O'Hare,Kenwood,97.31098484848485,37.19204545454546,52.55153409090909,2.6981437513441198,24.625568181818185,176.0,orange
O'Hare,Lake View,78.07889969222161,39.868172915500836,49.29614437604924,2.1346798025899467,15.013430330162283,14296.0,yellow
O'Hare,Lincoln Park,81.41489341323918,39.31628629286047,50.97963713980789,2.2822684913060636,15.706469091207618,12181.0,yellow
O'Hare,Lincoln Square,76.50771719038816,34.534242144177455,46.522781885397414,2.317352197773425,12.556192236598891,1082.0,yellow
O'Hare,"Little Italy, UIC",80.15954415954417,44.910113960113954,51.398290598290586,1.9427635799542644,18.590811965811966,468.0,green
O'Hare,Logan Square,55.63742402992053,31.331019167835436,45.16601683029453,2.0060669377885323,13.311220196353435,713.0,green
O'Hare,Loop,71.18770899477207,46.957582532763425,61.568860888258406,1.6691914887785337,18.17980245912822,754983.0,green
O'Hare,Lower West Side,88.25511695906431,38.574853801169596,51.48552631578948,2.4240296350869825,20.407894736842106,114.0,orange
O'Hare,Montclare,85.33333333333331,25.153508771929822,26.817368421052635,3.4420182279704967,7.815789473684211,19.0,red
O'Hare,Museum Campus,93.7383569136766,47.76744311700787,62.43384683116207,2.1509247638246776,20.532857057093114,49971.0,yellow
O'Hare,Near South Side,89.77665097949189,50.977816039179686,65.15026744719927,1.8964932858802053,21.200252525252523,8712.0,green
O'Hare,North Center,71.33501199040768,31.986510791366907,48.02634292565947,2.383042128349852,13.335011990407674,834.0,orange
O'Hare,North Park,61.69914529914529,23.7525641025641,36.75333333333334,2.658389476534556,11.402564102564101,39.0,orange
O'Hare,Norwood Park,49.86785714285714,13.098511904761905,22.09892857142857,4.186887198644956,6.148214285714286,56.0,red
O'Hare,O'Hare,62.683613738512115,9.506141745488696,20.294694505936807,6.732328771271455,3.4194928557053736,49690.0,red
O'Hare,Old Town,83.57689334036198,35.02186346863469,50.64353979968371,2.6199766215175244,16.595756457564576,3794.0,orange
O'Hare,Portage Park,55.191039426523304,19.689157706093187,34.960806451612896,2.967222566843444,9.652150537634409,186.0,red
O'Hare,Pullman,139.15,59.55000000000001,72.452,2.4007101417064627,32.67999999999999,5.0,orange
O'Hare,River North,77.0305701390919,42.319619802576646,59.615883923372614,2.0374020955666823,17.66519126646839,413899.0,yellow
O'Hare,Rogers Park,105.96674660271783,40.357593924860105,48.5125179856115,2.712629070844775,14.814628297362109,417.0,orange
O'Hare,Rush & Division,79.87210144927536,31.150094517958408,51.854669187145554,2.6161651944258493,17.597448015122875,1058.0,orange
O'Hare,"Sauganash,Forest Glen",67.68222222222221,24.450222222222223,44.02813333333333,2.804246735731945,10.001333333333333,75.0,red
O'Hare,Sheffield & DePaul,77.78205764233404,34.6483108906213,49.01111977321049,2.4574245220353683,15.079801559177888,2822.0,orange
O'Hare,South Shore,129.95,33.43333333333333,61.23,3.886839481555334,28.2,2.0,red
O'Hare,Streeterville,81.37870608041135,47.162663560569406,60.71564360615427,1.8854631119169418,18.08112059854001,324523.0,green
O'Hare,Ukrainian Village,69.77410836762685,44.0840877914952,55.2735390946502,1.7997949729850353,15.74074074074074,486.0,green
O'Hare,United Center,71.58878787878788,53.9269696969697,57.10036363636364,1.4151060546095793,15.692727272727272,55.0,green
O'Hare,Uptown,80.19910849199154,39.84870051375038,47.794094892716835,2.1218511926199755,14.32215170746449,3309.0,yellow
O'Hare,Washington Park,151.31666666666666,32.4,48.73,4.670267489711934,24.6,1.0,red
O'Hare,West Loop,76.60252558922285,39.421507142218346,55.245388492776485,2.1671388973242305,17.189859432037142,123001.0,yellow
O'Hare,West Ridge,90.63916083916085,30.926223776223782,41.53790209790209,3.0010518791713325,13.0972027972028,143.0,red
O'Hare,West Town,63.23323972541677,32.547356690737274,49.502679860925376,2.1943960522015145,16.181278416688954,3739.0,yellow
O'Hare,Wicker Park,63.156004728132395,34.107068557919625,49.4211914893617,2.0641121350521923,15.01404255319149,1410.0,yellow
O'Hare,Woodlawn,112.55470347648263,57.58568507157463,69.20282208588957,2.0928577872990366,26.72760736196319,163.0,yellow
O'Hare,Wrigleyville,74.99490358126722,46.074970484061396,53.01661157024793,1.6984010884623622,14.198465171192442,847.0,green
Oakland,Auburn Gresham,56.75,20.216666666666665,16.77,2.8070898598516076,6.8,1.0,red
Oakland,Chatham,55.71666666666667,14.874074074074075,21.516666666666666,3.819103813583771,7.3999999999999995,9.0,red
Oakland,Chinatown,34.55,9.25,17.51,3.7351351351351347,2.6,1.0,red
Oakland,Douglas,17.82,6.173333333333334,5.85,3.610660747544087,1.44,5.0,red
Oakland,Edgewater,73.76666666666667,28.933333333333334,33.73,2.5495391705069124,12.4,1.0,orange
Oakland,Fuller Park,30.116666666666667,8.408333333333333,11.18,3.608592475893409,2.8,2.0,red
Oakland,Grand Boulevard,12.25,8.165000000000001,14.862,2.1619417363210487,1.4049999999999998,20.0,yellow
Oakland,Grand Crossing,45.63333333333333,21.216666666666665,15.14,2.1508248232521603,5.3,1.0,yellow
Oakland,Hyde Park,29.312893081761,10.563836477987419,12.149622641509435,2.8355101643507954,2.543396226415094,53.0,red
Oakland,Kenwood,14.367829457364339,6.475193798449612,10.375581395348838,2.7972391280076887,1.397674418604651,43.0,red
Oakland,Lincoln Park,82.98333333333333,20.662499999999998,24.98,4.075438669734448,8.625,4.0,red
Oakland,"Little Italy, UIC",56.22716049382716,24.452057613168723,20.377901234567904,2.4339615852235514,6.904938271604939,81.0,orange
Oakland,Loop,43.22631578947369,20.29824561403509,21.655986842105268,2.1907878206620635,5.571381578947369,304.0,yellow
Oakland,Lower West Side,61.962083333333325,11.632916666666665,17.327250000000003,5.401305292148129,6.4325,40.0,red
Oakland,Museum Campus,39.176149425287356,12.077873563218391,16.375344827586208,3.3317858621375143,4.010344827586207,58.0,red
Oakland,O'Hare,108.85000000000001,52.662962962962965,71.32222222222224,2.2207242155574396,23.022222222222226,9.0,yellow
Oakland,South Deering,56.56666666666668,25.16923076923077,26.23,2.2590830293091235,8.461538461538462,13.0,yellow
Oakland,South Shore,49.94166666666667,14.641666666666667,14.919999999999996,3.4818061623116914,6.266666666666667,6.0,red
Oakland,Streeterville,45.63333333333333,18.912499999999998,16.161666666666665,2.496173020748253,6.7749999999999995,12.0,orange
Oakland,United Center,54.56666666666667,33.19166666666667,15.5975,1.9259820006985313,9.45,4.0,green
Oakland,Washington Park,26.533333333333346,8.982222222222221,15.804666666666664,2.9929799389323053,2.2466666666666666,15.0,red
Oakland,West Loop,49.99869281045752,14.790196078431372,17.834901960784315,3.5691057193213367,6.03921568627451,51.0,red
Oakland,Woodlawn,33.88333333333333,12.375,13.72,2.738047138047138,3.3,2.0,orange
Old Town,Albany Park,47.61666666666667,30.93333333333333,18.875,1.9092979486520285,7.8500000000000005,2.0,green
Old Town,Armour Square,33.416666666666664,25.53863636363636,27.964545454545455,1.3237813825320006,7.000000000000001,22.0,green
Old Town,Austin,72.76666666666667,21.566666666666666,18.73,3.37403400309119,9.7,1.0,red
Old Town,Avondale,50.5186274509804,13.871568627450982,16.769117647058824,3.7252100095722627,4.970588235294118,34.0,red
Old Town,Boystown,30.78981481481481,14.682870370370372,17.78611111111111,2.191462878863794,3.6041666666666665,72.0,yellow
Old Town,Bridgeport,44.233333333333334,23.75,21.85,1.8624561403508773,7.5,1.0,green
Old Town,Bucktown,38.32307692307692,12.081598793363497,15.458687782805427,3.2451364307090933,2.726244343891403,221.0,red
Old Town,East Village,27.233333333333338,13.387931034482758,23.21896551724138,2.0865224873852966,2.8172413793103446,29.0,yellow
Old Town,Edgewater,38.75000000000001,15.116666666666667,23.07166666666667,2.563092721477413,6.633333333333333,6.0,orange
Old Town,Englewood,60.31666666666667,35.45,39.73,1.7014574518100611,13.7,1.0,green
Old Town,Garfield Park,60.7,38.93030303030303,18.668636363636363,1.5797527839219911,7.0181818181818185,22.0,green
Old Town,Garfield Ridge,74.8023178807947,60.165121412803536,66.48403973509934,1.2995494049259022,14.156291390728477,151.0,green
Old Town,Gold Coast,12.600839630562552,5.781570109151972,11.921209068010077,2.3894488943529093,0.9103274559193955,397.0,orange
Old Town,Grant Park,30.13362573099415,14.406652046783623,18.815087719298248,2.125021827438488,2.9114035087719303,228.0,yellow
Old Town,Humboldt Park,41.68819444444444,26.34861111111111,19.229166666666668,1.6773711527121191,4.529166666666668,24.0,green
Old Town,Irving Park,52.79999999999999,17.29259259259259,15.626666666666669,3.096110912859262,6.333333333333333,9.0,red
Old Town,Jackson Park,57.59166666666667,25.6,33.48,2.315967069154775,10.5,2.0,yellow
Old Town,Kenwood,53.083333333333336,22.544444444444448,24.503333333333334,2.4065677722180427,9.266666666666666,3.0,orange
Old Town,Lake View,27.92619239553943,13.97590353352143,18.099258363563077,2.067505392033559,3.088875453446191,2481.0,yellow
Old Town,Lincoln Park,22.33347245409015,8.51899925802263,13.395742904841404,2.709060600795592,1.6799109627156372,3594.0,orange
Old Town,Lincoln Square,40.06666666666667,31.82777777777778,31.35666666666667,1.3158369416138256,5.066666666666666,3.0,green
Old Town,"Little Italy, UIC",50.87903225806452,16.731720430107526,19.788387096774194,3.1454728348458083,4.774193548387097,31.0,red
Old Town,Little Village,61.07222222222223,18.713888888888892,19.955000000000002,3.3769809719009873,9.633333333333333,6.0,red
Old Town,Logan Square,41.799523809523805,17.851190476190478,20.040095238095244,2.425101103195301,4.029999999999999,210.0,orange
Old Town,Loop,23.994957033016735,13.191548239662929,17.784662572305933,1.8460211828983728,2.274298364636149,14003.0,green
Old Town,Lower West Side,47.983333333333334,18.810000000000002,19.493999999999996,2.667148390455112,5.84,5.0,orange
Old Town,Museum Campus,45.36547933157432,20.3929199648197,22.158759894459102,2.399512031822237,4.708707124010553,379.0,orange
Old Town,Near South Side,39.333333333333336,19.400000000000002,25.772500000000004,2.0738548663331517,6.058333333333333,12.0,yellow
Old Town,North Center,37.5145061728395,18.291666666666664,22.594259259259257,2.1367028624147824,4.481481481481481,54.0,yellow
Old Town,Norwood Park,63.75,81.78333333333333,50.23,0.7794986753617281,11.5,1.0,green
Old Town,O'Hare,85.0995434290306,41.49267660165096,61.25297611220689,2.237772726885133,16.944049967126894,4563.0,yellow
Old Town,Old Town,14.147705314009661,6.639130434782609,13.165942028985505,2.189319632315195,1.148550724637681,138.0,yellow
Old Town,Portage Park,58.2,39.291666666666664,28.564999999999998,1.5230173407068155,7.6,2.0,green
Old Town,River North,18.709342262940197,8.626252464339558,13.839820828018093,2.2820151766467243,1.4409544242143106,17246.0,yellow
Old Town,Rogers Park,47.085416666666674,19.862499999999997,25.858749999999997,2.4173530060420103,8.925,8.0,orange
Old Town,Rush & Division,17.784353598881896,5.648266946191474,12.389262054507338,3.1840411538785456,0.8402935010482179,2385.0,red
Old Town,Sheffield & DePaul,25.500313328512895,9.997131838997348,14.038568329718004,2.6544557939120934,1.986406362979031,1383.0,orange
Old Town,South Shore,66.65,34.03333333333333,36.23,1.958374142997062,12.5,1.0,green
Old Town,Streeterville,27.642855747631604,10.447870885828692,15.073126281863464,2.7547212432008576,1.9309991210079112,3413.0,orange
Old Town,Ukrainian Village,32.1469696969697,13.56909090909091,14.659818181818183,2.434854185754185,2.94,55.0,orange
Old Town,United Center,47.32822497420021,23.078998968008253,24.7487306501548,2.1308593992312788,3.734674922600619,323.0,yellow
Old Town,Uptown,45.20914634146341,15.047154471544713,18.885853658536583,3.1614929890023413,5.357317073170731,82.0,red
Old Town,West Loop,38.00654817769435,15.053515563898014,18.563771703425623,2.6527685359447233,2.6896644767714686,8524.0,orange
Old Town,West Pullman,85.63333333333334,32.1,29.7,2.667705088265836,18.9,1.0,orange
Old Town,West Ridge,70.81666666666666,22.336111111111112,22.709999999999997,3.1894505439626406,8.950000000000001,6.0,red
Old Town,West Town,31.552934272300472,10.630242566510173,14.287218309859156,3.096059513142277,2.0333333333333337,852.0,red
Old Town,Wicker Park,30.955279747832936,14.72850669818755,16.819361702127658,2.223321806393047,2.5010638297872343,846.0,yellow
Old Town,Wrigleyville,28.957805907173,14.751054852320674,19.83101265822785,1.979351826441084,4.125316455696202,79.0,green
Portage Park,Albany Park,28.88661616161616,12.33838383838384,11.297727272727274,2.6647554837042415,2.206060606060606,66.0,orange
Portage Park,Austin,49.15277777777778,26.354166666666668,17.7375,1.8955356610624639,5.733333333333334,12.0,green
Portage Park,Avondale,31.669999999999995,11.17,13.693999999999999,2.906088731200321,2.9400000000000004,10.0,red
Portage Park,Belmont Cragin,35.27843137254902,16.159803921568624,14.868823529411765,2.268748174765316,3.2,17.0,yellow
Portage Park,Boystown,58.61666666666667,26.0,22.01,2.2544871794871795,7.5,1.0,yellow
Portage Park,Bucktown,44.75,23.702083333333334,14.742500000000001,2.3752404274177104,4.949999999999999,8.0,orange
Portage Park,Dunning,24.753472222222225,10.689583333333331,12.266666666666667,2.3569113854816455,2.3458333333333337,24.0,orange
Portage Park,Edgewater,59.11666666666666,32.00833333333333,23.822499999999998,1.8715165426666647,7.012499999999999,8.0,green
Portage Park,Edison Park,55.833333333333336,16.516666666666666,16.16,3.380423814328961,6.1,1.0,red
Portage Park,Galewood,69.03333333333333,9.933333333333334,23.15,6.949664429530201,3.0,1.0,red
Portage Park,Garfield Park,55.56666666666666,22.825,19.355,2.432657734419945,6.450000000000001,4.0,orange
Portage Park,Garfield Ridge,99.40000000000002,45.125,53.153333333333336,2.33316084129464,14.183333333333332,6.0,yellow
Portage Park,Grant Park,53.33333333333333,33.78333333333333,30.212500000000002,1.5883645109716695,10.275,4.0,green
Portage Park,Humboldt Park,43.93055555555555,21.287962962962965,16.21055555555556,2.0915988659552003,4.561111111111111,18.0,yellow
Portage Park,Irving Park,20.323597359735974,9.027722772277228,10.799504950495049,2.2866315814548,1.8475247524752474,101.0,yellow
Portage Park,Jefferson Park,31.28888888888889,10.222222222222221,13.363333333333335,3.344918725306836,2.4333333333333336,3.0,red
Portage Park,Lake View,49.37777777777777,29.02380952380952,21.96952380952381,1.773340424888731,5.528571428571429,42.0,green
Portage Park,Lincoln Square,37.300000000000004,19.88125,17.96375,1.9521128900173284,4.775,8.0,green
Portage Park,"Little Italy, UIC",68.45858585858585,43.022222222222226,30.208181818181817,1.6336662772473218,9.712121212121213,33.0,green
Portage Park,Logan Square,32.077083333333334,15.051388888888889,15.509583333333333,2.2427058804528017,3.6124999999999994,24.0,yellow
Portage Park,Loop,54.287938596491216,42.427412280701745,33.0025,1.3413306542104468,10.09078947368421,76.0,green
Portage Park,Montclare,35.949999999999996,13.222916666666668,13.77125,2.782466718391873,2.7875,8.0,red
Portage Park,Museum Campus,75.7,61.98333333333333,44.60833333333333,1.685583643270468,13.266666666666666,6.0,green
Portage Park,Near South Side,71.44166666666666,32.70833333333333,34.04,2.337525023245333,11.8,2.0,yellow
Portage Park,North Center,35.214444444444446,20.92611111111111,17.747666666666664,1.7222798394347003,4.34,30.0,green
Portage Park,North Lawndale,64.80833333333334,34.5,20.645,1.8817850074032814,7.300000000000001,2.0,green
Portage Park,North Park,34.71666666666667,18.919398907103822,17.95344262295082,1.8396959868465848,3.6704918032786886,61.0,green
Portage Park,Norwood Park,32.06666666666667,19.764583333333334,16.48375,1.653725340278281,4.1,8.0,green
Portage Park,O'Hare,53.56322957198444,21.378599221789887,33.22540856031128,2.5532795213445976,9.47976653696498,257.0,orange
Portage Park,Old Town,52.9,35.4,16.255,1.516553450398587,6.85,2.0,green
Portage Park,Portage Park,13.85459770114942,5.979885057471265,10.098620689655172,2.5873660430294523,1.010344827586207,58.0,orange
Portage Park,River North,58.47170542635659,30.43940568475452,24.838837209302323,2.0521359971685493,8.876744186046514,129.0,yellow
Portage Park,Rogers Park,70.28030303030303,33.14090909090909,27.433636363636364,2.1248127413464064,8.845454545454546,11.0,yellow
Portage Park,Rush & Division,66.68333333333334,20.51,20.913999999999998,3.2599659468599205,9.14,5.0,red
Portage Park,"Sauganash,Forest Glen",46.68333333333333,12.708333333333332,13.607499999999998,3.660987711130071,3.15,4.0,red
Portage Park,Streeterville,64.23333333333333,41.61333333333334,34.46933333333333,1.6222165466481377,9.786666666666665,30.0,green
Portage Park,United Center,56.939583333333324,36.90684523809524,29.626785714285713,1.5820142085592976,8.025,56.0,green
Portage Park,Uptown,40.78333333333333,22.324242424242424,19.728181818181817,1.8669565688031673,5.172727272727273,11.0,green
Portage Park,West Loop,54.65270270270271,35.51396396396395,28.77243243243243,1.8092315139459563,9.394594594594597,37.0,green
Portage Park,West Ridge,66.11666666666666,22.666666666666668,17.11,2.916911764705882,6.7,1.0,red
Portage Park,West Town,43.75277777777777,27.438888888888886,22.636666666666667,1.7649639321298245,7.816666666666666,6.0,green
Portage Park,Wicker Park,50.95185185185185,28.261111111111113,17.948888888888888,1.9937971979821083,6.477777777777778,9.0,green
Portage Park,Wrigleyville,54.05952380952382,30.83095238095238,20.707142857142856,1.7835665185391665,6.885714285714286,7.0,green
Pullman,Avalon Park,49.318229166666676,14.790364583333334,14.971562500000001,3.3681373364527043,4.465625000000001,64.0,red
Pullman,Calumet Heights,57.5,12.695833333333333,19.0425,4.6286970168024855,3.5,4.0,red
Pullman,Chatham,48.617572463768134,14.267391304347825,16.5375,3.450977313092114,5.343478260869565,92.0,red
Pullman,Englewood,87.35555555555555,17.092592592592595,17.397777777777776,5.251609887182612,8.166666666666666,9.0,red
Pullman,Grand Crossing,63.766666666666666,18.266666666666666,21.32,3.490875912408759,7.0,1.0,red
Pullman,Lake View,102.76666666666667,41.62222222222223,25.013333333333335,2.470812481807272,20.599999999999998,3.0,orange
Pullman,Lincoln Park,93.25,36.8,35.21,2.533967391304348,20.2,1.0,orange
Pullman,Loop,88.73333333333333,33.43888888888889,34.446666666666665,2.7035073113681936,17.0,3.0,orange
Pullman,Morgan Park,41.68584905660377,15.090880503144652,16.419433962264154,2.8303164152292424,5.2679245283018865,53.0,red
Pullman,Museum Campus,49.18333333333333,19.515,27.312,2.548018206451247,12.2,10.0,orange
Pullman,New City,76.0,26.122222222222224,17.650000000000002,3.2613994276195726,10.466666666666667,3.0,red
Pullman,Pullman,37.81666666666667,7.143040293040292,8.284175824175824,5.370553497454617,2.110989010989011,91.0,red
Pullman,River North,67.18333333333334,30.29722222222222,34.278333333333336,2.2503257739930556,15.65,6.0,yellow
Pullman,Riverdale,60.220619658119645,10.638835470085468,16.106570512820507,5.75800680964573,4.60448717948718,312.0,red
Pullman,Roseland,51.001666666666665,11.496428571428572,11.223857142857144,4.768311810426443,3.302857142857143,70.0,red
Pullman,South Chicago,61.06666666666667,23.519696969696973,20.974545454545453,2.653221738109899,6.427272727272728,11.0,orange
Pullman,South Deering,26.850000000000005,6.55,8.283333333333333,4.25539409135278,1.8,3.0,red
Pullman,South Shore,59.45777777777778,18.465555555555557,18.230666666666664,3.2240998133288246,5.439999999999999,15.0,red
Pullman,Streeterville,73.68333333333334,50.891666666666666,36.2625,1.6626849913372097,16.025,4.0,green
Pullman,Washington Heights,56.71016260162602,11.995121951219513,14.14487804878049,4.911384701956776,4.068292682926828,41.0,red
Pullman,Washington Park,64.36666666666666,20.673333333333336,25.420000000000005,3.3641451469130965,8.98,5.0,red
Pullman,West Loop,82.98333333333333,23.5,30.23,3.531205673758865,14.0,1.0,red
Pullman,West Pullman,38.76666666666666,10.768749999999999,14.703333333333333,3.6338261363458018,2.8250000000000006,24.0,red
Pullman,Woodlawn,53.71666666666667,14.603703703703708,20.766666666666666,3.693780439580472,8.2,9.0,red
River North,Albany Park,49.27174329501914,23.3889846743295,26.94448275862069,2.22752727351995,8.204022988505747,174.0,yellow
River North,Andersonville,47.63920187793428,22.97488262910798,29.00845070422535,2.123392860980254,8.143661971830985,71.0,yellow
River North,Archer Heights,56.653030303030306,23.94242424242424,37.95727272727272,2.4601621423086137,10.318181818181818,11.0,orange
River North,Armour Square,32.779082774049215,19.360738255033553,27.091073825503354,1.7199343380788692,5.567114093959733,149.0,green
River North,Ashburn,69.01666666666667,41.37777777777778,47.45666666666667,1.7059322001015218,15.333333333333334,3.0,green
River North,Auburn Gresham,78.6,26.15,29.102999999999998,3.0636600355334425,13.510000000000002,20.0,red
River North,Austin,48.91379310344828,26.378735632183908,26.46609195402299,1.9596035250496042,8.280459770114943,87.0,green
River North,Avondale,47.41153065367438,19.353146569224524,22.104762484774664,2.809916882831813,5.725456760048721,821.0,red
River North,Belmont Cragin,61.18809523809525,35.45833333333333,31.549285714285713,1.7832427546463114,8.214285714285714,14.0,green
River North,Boystown,33.04488570321581,17.19115975720005,22.3203060829136,1.9701428053631904,4.8487407981402555,2581.0,green
River North,Bridgeport,41.546367521367515,22.469658119658117,29.07128205128205,1.991238377706606,6.364102564102564,78.0,green
River North,Brighton Park,63.28333333333333,36.6,31.34,1.7290528233151183,10.6,1.0,green
River North,Bucktown,37.98532302239407,17.516884163041727,22.04195263412276,2.3729344310832303,3.8847752537457705,2069.0,orange
River North,Burnside,60.25,28.25,37.84,2.1331227991280226,15.2,2.0,yellow
River North,Calumet Heights,52.95,22.716666666666665,24.37,2.330887747615554,16.4,1.0,yellow
River North,Chatham,51.35833333333335,26.141666666666666,26.431666666666672,2.0404176974754464,12.533333333333333,12.0,yellow
River North,Chicago Lawn,55.28070175438596,31.247368421052634,31.00631578947369,1.7837283053286426,12.136842105263156,19.0,green
River North,Chinatown,25.01272126504602,17.434222327118245,21.256421996695774,1.4514221072027633,3.4905829596412556,4237.0,green
River North,Douglas,54.63099415204679,25.454775828460036,24.3853216374269,2.3803252288973598,6.667836257309942,171.0,orange
River North,East Village,27.85040416932567,14.92135715805148,17.98198468410976,2.0028489246557672,2.4874282067645184,1567.0,green
River North,Edgewater,40.5733606557377,19.45318761384335,25.386857923497267,2.1447301210496765,8.060382513661201,366.0,yellow
River North,Englewood,52.16363636363637,35.29242424242425,34.26090909090909,1.6083954873882786,10.254545454545456,11.0,green
River North,Gage Park,58.03333333333333,19.233333333333334,29.02,3.017331022530329,9.8,1.0,red
River North,Garfield Park,45.59166666666666,25.15357142857143,22.755000000000003,2.0796707106176684,6.864285714285715,14.0,yellow
River North,Garfield Ridge,67.45713469767082,35.21481797001555,55.63256461886968,2.0652046371994786,12.775412883114873,51649.0,yellow
River North,Gold Coast,16.311430159874984,8.26992426974396,14.15396592138478,1.9919096468938247,1.3277226830147855,11092.0,green
River North,Grand Boulevard,46.39,23.40333333333333,27.52,2.1563604375359766,8.82,5.0,yellow
River North,Grand Crossing,42.605681818181814,21.993939393939396,25.844090909090912,1.985938522870032,11.231818181818182,44.0,green
River North,Grant Park,24.964579434724413,10.317459711851166,16.619505822931995,2.4648865311080557,1.575785323667811,55041.0,orange
River North,Hermosa,56.2125,30.4859375,25.93375,1.8755689163281877,6.26875,32.0,green
River North,Humboldt Park,35.962468513853906,21.235096557514694,21.905113350125944,1.797492624781684,4.530730478589421,397.0,green
River North,Hyde Park,52.45050387596899,23.14381782945736,28.482523255813955,2.3215132420319073,9.410813953488372,860.0,yellow
River North,Irving Park,49.2426267281106,21.456451612903223,24.844009216589864,2.539627813091656,7.55483870967742,217.0,orange
River North,Jackson Park,43.32286980231765,19.131561008861624,29.583803680981593,2.31735890857123,8.782208588957054,489.0,yellow
River North,Jefferson Park,50.23070175438597,30.68070175438596,38.32052631578947,1.8848180688871035,10.831578947368422,19.0,green
River North,Kenwood,47.80006459948321,18.81369509043927,23.813410852713176,2.620822700808031,7.924806201550387,258.0,orange
River North,Lake View,31.143718518518515,17.26403304843305,21.626881367521367,1.9153030901383272,4.595774358974359,14625.0,green
River North,Lincoln Park,24.346245339075992,12.660450938166736,17.34284949452653,1.9939607155278822,2.3701022910809355,33434.0,green
River North,Lincoln Square,46.080671580671584,23.444717444717444,27.92739557739558,2.0377522009434688,7.869778869778869,407.0,yellow
River North,"Little Italy, UIC",38.20762314308053,15.058418034923118,17.975340109460515,2.614551242050656,3.927443315089914,1279.0,orange
River North,Little Village,63.785714285714306,25.29206349206349,28.500476190476196,2.57874079123791,8.230952380952381,42.0,orange
River North,Logan Square,36.6923290717065,19.733129516397995,23.10596442468038,2.029712827716146,5.219399666481379,1799.0,yellow
River North,Loop,18.98861605171177,8.886219454759159,15.410668799397392,2.1749147652193312,1.231461536986941,886813.0,yellow
River North,Lower West Side,42.72914230019494,17.336702868281815,21.121662489557227,2.5840754971003035,4.530492898913952,1197.0,orange
River North,Museum Campus,39.79804102167949,16.778431925998554,24.249586713016612,2.4503764145617715,3.26819978013489,67314.0,orange
River North,Near South Side,32.47777724543248,16.59610323240066,30.530570141816785,1.9808674079065138,3.763611536987352,20872.0,green
River North,New City,64.24615384615383,28.147435897435898,19.76230769230769,2.3723755000937095,8.26923076923077,13.0,orange
River North,North Center,46.5000925925926,23.190123456790122,26.856648148148153,2.13302323396034,6.13611111111111,540.0,yellow
River North,North Lawndale,56.31666666666666,20.729421768707482,19.81102040816327,2.876447407781871,6.931632653061224,98.0,red
River North,North Park,52.38703703703704,41.12962962962963,36.23722222222223,1.2908499510519198,10.677777777777775,18.0,green
River North,Norwood Park,63.996296296296286,23.07777777777778,37.471111111111114,2.932272965134814,12.31111111111111,9.0,red
River North,O'Hare,78.78160006330617,40.73157718076548,67.73946577510486,2.081784896533473,17.885046688296274,505480.0,yellow
River North,Old Town,18.91859757611881,8.728735161178165,14.706628669348829,2.2358222565513066,1.4613470421695722,13422.0,yellow
River North,Portage Park,51.43870967741937,23.608064516129037,29.04,2.2953095324950796,9.312903225806453,31.0,yellow
River North,River North,12.771854523793767,7.021934147217091,13.943470478161725,1.8139158189530091,0.9151065890889836,166199.0,green
River North,Riverdale,84.15,29.066666666666666,33.73,2.8950688073394497,21.1,1.0,red
River North,Rogers Park,49.10812425328554,24.00394265232975,26.929354838709678,2.0981497615678157,9.321505376344085,279.0,yellow
River North,Roseland,57.27291666666666,33.858333333333334,34.80875,1.776714151516864,15.912500000000001,8.0,green
River North,Rush & Division,10.078636095867052,6.812042290639631,13.744396800297647,1.500294236269213,1.0449725606920286,10751.0,green
River North,"Sauganash,Forest Glen",60.53333333333333,33.38333333333333,32.73,1.8132800798801798,9.9,1.0,green
River North,Sheffield & DePaul,25.62902728351127,15.67358244365362,20.355888493475685,1.710087672492869,2.972004744958481,4215.0,green
River North,South Chicago,68.4,27.796031746031748,24.44952380952381,2.4811506045361265,12.30952380952381,21.0,orange
River North,South Shore,58.14722222222223,29.608680555555555,28.168125,2.07029528831374,11.960416666666665,48.0,yellow
River North,Streeterville,15.116898397285137,8.19126465922046,14.544210295536264,1.8870440854139434,1.1074932434048457,125433.0,green
River North,Ukrainian Village,30.143802345058628,16.439782244556117,19.48613065326633,1.9058840445140102,3.289447236180904,398.0,green
River North,United Center,35.90188609952519,19.948402455339576,27.875980168411107,1.8520499102990884,3.0880066105296295,12707.0,green
River North,Uptown,38.80722454672245,17.032914923291493,21.574916317991633,2.3686941949060136,6.207866108786611,2390.0,orange
River North,Washington Park,55.05,26.755000000000003,27.722,2.141707214001233,8.709999999999999,10.0,yellow
River North,West Lawn,103.23333333333333,29.708333333333332,30.23,3.476379207814174,14.300000000000002,6.0,red
River North,West Loop,24.365857393165044,11.322851568153157,17.259480245611858,2.2420195658710926,1.6358284748495937,644920.0,yellow
River North,West Pullman,73.75833333333333,55.12916666666666,43.545,1.4626182430045622,17.400000000000002,4.0,green
River North,West Ridge,61.265686274509804,26.008823529411764,28.080588235294123,2.396370422399719,9.505882352941176,17.0,orange
River North,West Town,20.65603751736915,11.561277597653234,16.560114404817046,1.9188960855060877,1.7924826308476145,21590.0,green
River North,Wicker Park,33.441115253184215,15.453538883711294,19.18938179558869,2.2997211842682863,3.0512581547064306,6438.0,yellow
River North,Woodlawn,56.323170731707314,23.15609756097561,26.009999999999998,2.519686135282894,10.768292682926829,41.0,orange
River North,Wrigleyville,30.836066308243726,23.197972670250902,29.109543010752688,1.398330458304112,5.680443548387097,1488.0,green
Riverdale,Ashburn,110.91666666666666,28.692857142857143,22.955714285714286,3.9029500063026714,11.514285714285714,7.0,red
Riverdale,Chatham,95.05857142857144,16.011904761904763,17.640285714285714,6.184549532299804,8.465714285714286,35.0,red
Riverdale,Grand Boulevard,115.73333333333333,24.65,31.23,4.695064232589588,14.6,1.0,red
Riverdale,Hyde Park,86.46666666666667,30.193150684931506,28.626986301369868,2.8861684457448207,12.95753424657534,73.0,red
Riverdale,Loop,81.28333333333333,31.700000000000003,28.784999999999997,2.6523829082483745,20.2,4.0,orange
Riverdale,Mckinley Park,121.83333333333333,38.99166666666667,34.84261904761905,3.1543471478756326,15.802380952380956,42.0,red
Riverdale,Morgan Park,109.65,18.616666666666667,18.73,5.889883616830797,4.9,1.0,red
Riverdale,Pullman,59.21666666666667,11.475095785440613,14.657183908045976,5.2025449747778065,4.968965517241379,174.0,red
Riverdale,River North,115.2,37.93333333333333,46.27,3.036906854130053,20.1,2.0,red
Riverdale,Roseland,54.73333333333333,15.006060606060606,15.504000000000001,3.6548486934852886,5.416363636363636,55.0,red
Riverdale,South Chicago,104.25,19.166666666666668,19.98,5.439331967687272,8.55,2.0,red
Riverdale,South Deering,68.93333333333334,18.326923076923073,18.358461538461537,4.403538261159553,8.584615384615386,13.0,red
Riverdale,South Shore,75.34999999999998,24.964444444444446,21.291333333333334,3.157824755033916,9.479999999999999,15.0,red
Riverdale,West Pullman,43.916666666666664,13.98,15.956,3.169330044765464,4.54,5.0,red
Rogers Park,Albany Park,52.64869281045752,27.062745098039223,20.08137254901961,1.9855850158631916,5.47450980392157,51.0,green
Rogers Park,Andersonville,25.605859375000005,11.643098958333333,13.254609375000001,2.2620257924356584,2.2703125,128.0,yellow
Rogers Park,Austin,86.98333333333333,57.55,20.83,1.511439328120475,13.1,1.0,green
Rogers Park,Avondale,62.51145833333334,27.773958333333333,23.368749999999995,2.2675060393244637,6.862500000000001,16.0,yellow
Rogers Park,Boystown,41.97083333333333,16.039583333333333,15.43875,2.7722732684816473,5.725,8.0,red
Rogers Park,Bucktown,53.17037037037037,28.38518518518519,23.990000000000002,1.9051696357473213,6.888888888888889,9.0,green
Rogers Park,Chatham,80.41666666666667,59.4,35.75,1.3538159371492706,20.0,1.0,green
Rogers Park,Chinatown,55.0,36.0,29.986666666666665,1.5767450452760723,13.266666666666666,3.0,green
Rogers Park,Edgewater,19.944295302013423,9.230592841163311,10.992315436241611,2.30492128590194,1.6204697986577183,298.0,yellow
Rogers Park,Galewood,96.95,46.766666666666666,28.73,2.0730577334283677,13.9,1.0,yellow
Rogers Park,Garfield Ridge,98.2969298245614,66.57565789473684,68.47026315789473,1.6776174570582367,22.097368421052632,76.0,green
Rogers Park,Gold Coast,40.153333333333336,22.633333333333333,22.978,1.9058712792144088,7.790000000000001,10.0,green
Rogers Park,Grant Park,64.35000000000001,30.973684210526315,27.983157894736838,2.257281111103651,10.689473684210524,19.0,yellow
Rogers Park,Humboldt Park,75.0,47.46666666666667,33.760000000000005,1.5882572388009277,8.7,2.0,green
Rogers Park,Hyde Park,82.33472222222221,27.311574074074073,27.858333333333334,3.0283856616458906,16.141666666666666,36.0,red
Rogers Park,Irving Park,57.46111111111111,26.71111111111111,19.33666666666667,2.1680220946739728,6.033333333333334,3.0,yellow
Rogers Park,Kenwood,79.01666666666667,69.11666666666666,45.07,1.1432360742705572,16.2,1.0,green
Rogers Park,Lake View,38.464415862808146,21.341800643086813,19.356655948553055,1.8832232320695959,5.690996784565916,311.0,green
Rogers Park,Lincoln Park,49.33472222222222,26.31493055555556,24.806145833333336,1.947926817090215,8.098958333333334,96.0,green
Rogers Park,Lincoln Square,42.07005649717514,16.099435028248585,16.46567796610169,2.7500344270140133,3.6118644067796613,118.0,orange
Rogers Park,"Little Italy, UIC",75.88125,38.35458333333333,32.799,2.0120077309183424,13.502500000000001,40.0,green
Rogers Park,Little Village,89.5,34.083333333333336,32.739999999999995,2.6259168704156477,19.3,2.0,orange
Rogers Park,Logan Square,66.02903225806453,33.872580645161285,26.1,1.9808414057740538,8.32258064516129,31.0,green
Rogers Park,Loop,49.87554517133957,32.36123442367602,30.442792056074765,1.5958201136987553,10.913785046728973,856.0,green
Rogers Park,Near South Side,66.98333333333333,46.59166666666667,35.655,1.4837193341383768,13.7,2.0,green
Rogers Park,New City,91.62777777777778,34.05555555555555,35.093333333333334,2.785685169588202,16.8,3.0,red
Rogers Park,North Center,48.43055555555555,20.275,19.793333333333333,2.5138307747646924,5.133333333333333,18.0,orange
Rogers Park,North Park,52.33703703703704,19.79537037037037,17.0825,2.665708105750438,4.408333333333332,36.0,orange
Rogers Park,O'Hare,105.45115420129271,42.551408125577105,53.21002770083103,2.5383454791541857,14.401108033240995,722.0,orange
Rogers Park,Oakland,80.51666666666667,26.679166666666667,31.834999999999997,3.026810464365539,13.8,4.0,red
Rogers Park,Old Town,43.677777777777784,20.255555555555553,26.563939393939393,2.218098406216313,8.087878787878788,33.0,yellow
Rogers Park,River North,48.70293785310735,28.678700564971752,26.69338983050848,1.7753365093797375,9.474237288135594,295.0,green
Rogers Park,Rogers Park,15.038858572078217,6.347169167803548,9.594549795361528,2.5237336194163276,1.1416780354706686,1466.0,orange
Rogers Park,Rush & Division,43.38333333333333,28.633333333333333,24.73,1.5274068518154196,8.649999999999999,2.0,green
Rogers Park,"Sauganash,Forest Glen",48.38333333333333,23.869047619047617,20.93285714285714,2.0316669599504658,5.528571428571428,7.0,yellow
Rogers Park,Sheffield & DePaul,41.33114035087719,20.494298245614033,20.349342105263162,2.0706116808100212,6.661842105263159,76.0,yellow
Rogers Park,South Shore,89.5,45.4,22.13,1.97136563876652,20.7,1.0,green
Rogers Park,Streeterville,48.267818930041145,26.00139917695473,24.42681481481481,1.922058428271548,8.940987654320985,405.0,green
Rogers Park,Ukrainian Village,69.2840579710145,32.43768115942029,25.65391304347826,2.2010171130082257,8.286956521739128,23.0,yellow
Rogers Park,United Center,72.9297619047619,45.66726190476191,37.681785714285716,1.6349318214179986,11.475,28.0,green
Rogers Park,Uptown,33.6203367003367,15.675420875420874,15.593595959595959,2.2470957334746258,3.3698989898989895,495.0,yellow
Rogers Park,West Loop,61.938764880952384,37.39903273809524,33.07665178571428,1.6989901182567537,11.220535714285713,224.0,green
Rogers Park,West Ridge,26.69436813186814,10.197573260073261,11.880219780219779,2.8329470665492917,1.9365384615384618,364.0,red
Rogers Park,West Town,60.52979797979799,34.55959595959595,28.88212121212121,1.8234846367208701,9.66969696969697,33.0,green
Rogers Park,Wicker Park,59.21612903225807,36.711827956989254,27.437096774193545,1.6811227089914353,8.97741935483871,31.0,green
Rogers Park,Wrigleyville,28.706349206349202,18.484920634920634,20.57428571428572,1.5956207715860307,4.7142857142857135,21.0,green
Roseland,Auburn Gresham,41.48888888888889,12.327777777777776,12.732222222222223,3.6191898355454466,3.6333333333333337,9.0,red
Roseland,Austin,80.6,56.7,29.5,1.421516754850088,22.4,1.0,green
Roseland,Avalon Park,39.548148148148144,12.572222222222223,11.550000000000002,3.2581869312189453,3.488888888888889,9.0,red
Roseland,Beverly,30.283333333333335,15.291666666666666,17.278333333333332,2.018513038709543,4.133333333333334,6.0,yellow
Roseland,Bucktown,80.16666666666667,20.216666666666665,16.33,3.965375103050289,16.1,1.0,red
Roseland,Burnside,28.583333333333336,9.822727272727272,13.641818181818183,2.994295531469599,3.536363636363636,11.0,red
Roseland,Chatham,32.9440031152648,9.371884735202492,11.463317757009344,3.710277651517176,2.7593457943925235,214.0,red
Roseland,Chicago Lawn,61.65,18.6,13.73,3.3145161290322576,6.9,1.0,red
Roseland,Douglas,51.71388888888889,22.05,33.584444444444436,2.5221710462884337,9.255555555555555,18.0,orange
Roseland,Edgewater,86.01666666666667,37.28333333333333,35.15,2.307107733571748,22.8,1.0,yellow
Roseland,Englewood,60.69333333333334,23.076666666666668,15.457999999999998,2.707374918071372,7.040000000000001,5.0,orange
Roseland,Garfield Park,81.47916666666667,20.641666666666666,27.5375,3.992257168240924,15.35,4.0,red
Roseland,Grand Crossing,35.72380952380952,13.89047619047619,15.407142857142858,2.585816391699965,5.728571428571429,7.0,orange
Roseland,Grant Park,58.900000000000006,28.62777777777778,27.396666666666672,2.24084417052728,12.941666666666668,12.0,yellow
Roseland,Humboldt Park,102.13333333333334,39.11666666666667,38.73,2.6109927567106945,17.6,1.0,orange
Roseland,Hyde Park,50.27424242424242,21.319696969696967,18.416363636363634,2.391214962144646,9.318181818181818,11.0,orange
Roseland,Jackson Park,67.48888888888888,20.783333333333335,16.99,3.3661574879801535,8.733333333333334,3.0,red
Roseland,Kenwood,59.916666666666664,17.305555555555557,19.133333333333336,3.4695929964979926,7.933333333333333,3.0,red
Roseland,"Little Italy, UIC",75.56338797814207,38.14385245901639,34.31688524590164,2.033176390668299,14.281147540983609,122.0,yellow
Roseland,Little Village,88.58333333333331,39.534615384615385,37.03038461538461,2.266142192577385,15.815384615384618,26.0,yellow
Roseland,Loop,50.12592592592593,27.37037037037037,27.665555555555557,1.9745069735683412,12.244444444444444,9.0,green
Roseland,Lower West Side,68.46666666666667,34.02916666666667,33.26125,2.0558649175964847,14.424999999999999,16.0,yellow
Roseland,Mckinley Park,59.85000000000001,19.89565217391304,21.773478260869567,3.0224410123610728,9.626086956521737,23.0,red
Roseland,Morgan Park,30.67593984962406,11.788596491228072,15.17827067669173,2.746993277286798,3.385714285714286,133.0,orange
Roseland,Mount Greenwood,48.29999999999999,19.715277777777775,25.620833333333334,2.4773750539031756,5.241666666666666,12.0,orange
Roseland,Museum Campus,84.61666666666666,24.330555555555552,31.163333333333327,3.6638025312678697,13.183333333333332,6.0,red
Roseland,New City,71.91666666666667,25.21388888888889,23.418333333333333,3.329340088269889,11.833333333333334,6.0,red
Roseland,O'Hare,116.78333333333335,61.18333333333334,84.39666666666666,1.923561033521791,30.833333333333332,3.0,green
Roseland,Old Town,64.05,26.944444444444446,24.386666666666667,2.377920633819573,16.099999999999998,3.0,orange
Roseland,Pullman,33.229711934156384,7.9180658436214,11.470024691358024,4.33109521209798,2.137777777777778,405.0,red
Roseland,River North,53.983333333333334,36.766666666666666,28.78,1.4682683590208523,15.5,1.0,green
Roseland,Riverdale,51.88958333333334,17.085416666666667,19.25125,3.0811851999015247,6.5249999999999995,8.0,red
Roseland,Rogers Park,93.13333333333333,44.17777777777778,48.73,2.155048159308405,24.900000000000002,3.0,yellow
Roseland,Roseland,23.73366571699905,6.495346628679961,10.981766381766382,4.063869623655549,1.5940170940170941,351.0,red
Roseland,South Deering,37.90847338935574,11.782703081232492,13.242100840336134,3.296433617883709,3.4445378151260506,238.0,red
Roseland,South Shore,63.75681818181817,23.347727272727273,19.839545454545462,2.811077881963435,7.827272727272727,22.0,red
Roseland,Streeterville,65.84690721649484,28.790378006872857,31.136082474226807,2.405666382325478,13.989690721649486,97.0,orange
Roseland,United Center,68.475,43.6,42.629999999999995,1.6986975935622708,13.55,2.0,green
Roseland,Washington Heights,26.811333333333334,9.33288888888889,11.835600000000001,3.5569569604747318,2.54,75.0,red
Roseland,Washington Park,41.34166666666667,18.539583333333333,16.35625,2.5607764388908025,6.3875,8.0,orange
Roseland,West Loop,64.02362459546926,29.459385113268606,24.950776699029127,2.295698109420933,12.779611650485439,103.0,yellow
Roseland,West Pullman,33.74743589743589,12.753846153846155,15.463846153846154,3.0391721713428725,3.519230769230769,26.0,red
Roseland,Woodlawn,44.14444444444444,22.444444444444443,23.800277777777776,1.9716799148313993,6.741666666666666,36.0,green
Rush & Division,Avondale,52.45,25.483333333333334,25.564999999999998,2.086583187178602,6.15,4.0,yellow
Rush & Division,Boystown,27.35,12.98076923076923,16.71025641025641,2.172872141542399,3.8,39.0,yellow
Rush & Division,Bucktown,40.8574074074074,15.277160493827159,19.033703703703708,2.83345606138783,3.394444444444444,54.0,red
Rush & Division,Chatham,49.65,27.016666666666666,38.76,1.83775447254781,14.0,1.0,green
Rush & Division,East Village,30.616666666666667,10.443333333333333,16.354000000000003,3.019022492833229,2.893333333333333,15.0,red
Rush & Division,Edgewater,41.96666666666667,13.566666666666666,18.73,3.0933660933660936,7.550000000000001,2.0,red
Rush & Division,Garfield Ridge,68.56666666666666,33.37222222222223,50.48777777777778,2.0889700400399502,13.594444444444443,18.0,yellow
Rush & Division,Gold Coast,10.577049180327867,4.7374316939890715,10.119016393442623,2.638853261997368,0.7573770491803279,61.0,orange
Rush & Division,Grant Park,25.818634259259266,15.614351851851849,19.03972222222222,1.7432145438106876,2.229861111111111,144.0,green
Rush & Division,Humboldt Park,40.86666666666667,18.575,18.21,2.2057585732066207,5.7,2.0,yellow
Rush & Division,Hyde Park,45.43333333333333,18.84166666666667,21.99,2.4240208529408642,9.45,8.0,orange
Rush & Division,Irving Park,65.6,28.308333333333334,28.545,2.3347079037800684,7.9,2.0,yellow
Rush & Division,Jackson Park,44.43333333333333,23.182558139534883,25.630116279069767,1.9239166721394765,9.830232558139535,86.0,green
Rush & Division,Lake View,27.053114886731397,13.398584142394823,18.276116504854368,2.1019201229353794,3.4114077669902914,412.0,yellow
Rush & Division,Lincoln Park,18.166352040816328,9.393027210884354,14.697234693877547,1.9720201707271752,1.864183673469388,1960.0,green
Rush & Division,Lincoln Square,57.026666666666664,22.226666666666667,26.189999999999998,2.7979699782503813,7.279999999999999,5.0,red
Rush & Division,Logan Square,43.309666666666665,19.584666666666667,20.3708,2.2435045772522066,5.605999999999999,50.0,yellow
Rush & Division,Loop,20.397839081896194,10.469712780138298,16.269966258435392,1.9684149745665966,1.6867970507373156,16004.0,green
Rush & Division,Lower West Side,41.33833333333334,19.211666666666666,25.836750000000002,2.1949780705662394,5.404999999999999,40.0,yellow
Rush & Division,Mckinley Park,40.31666666666667,27.766666666666666,19.61,1.451980792316927,7.6,1.0,green
Rush & Division,Montclare,84.36666666666666,32.75,42.73,2.5760814249363864,10.8,1.0,orange
Rush & Division,Museum Campus,41.21390532544379,17.23357988165681,20.532544378698223,2.5291393649041565,3.919822485207101,338.0,orange
Rush & Division,Near South Side,36.54931972789115,17.310884353741496,26.838775510204083,2.1379592046007563,4.610204081632653,49.0,yellow
Rush & Division,North Lawndale,63.5,28.130952380952383,18.71,2.3298758685885974,8.8,7.0,yellow
Rush & Division,O'Hare,83.22147296906621,41.91734605377276,63.41014310494363,2.144574241456497,17.847875108412836,2306.0,yellow
Rush & Division,Old Town,12.80829326923077,6.047275641025641,12.39319711538462,2.1321530674490154,0.9122596153846154,416.0,yellow
Rush & Division,River North,12.738009945521346,7.570944191055366,13.282407829722539,1.7106839661427307,1.0598441657164577,10524.0,green
Rush & Division,Sheffield & DePaul,24.38333333333333,10.867886178861788,17.42951219512195,2.2661144720683453,2.5804878048780484,123.0,yellow
Rush & Division,South Chicago,60.3,36.46666666666667,29.64,1.6535648994515537,12.85,2.0,green
Rush & Division,Streeterville,14.476941535776616,8.09229384816754,13.28386452879581,1.824530165598724,1.163416230366492,3056.0,green
Rush & Division,Ukrainian Village,35.36666666666667,16.34583333333333,15.094999999999999,2.1752136185269206,3.475,4.0,yellow
Rush & Division,United Center,38.77307692307692,23.47897435897436,28.205846153846153,1.767676245415533,3.509230769230769,65.0,green
Rush & Division,Uptown,32.587643678160916,13.910919540229886,21.24534482758621,2.4140012966866173,5.370689655172414,58.0,orange
Rush & Division,West Loop,34.94500677601757,14.603011822982381,18.706713865133885,2.4756506460331966,2.296102621617833,7133.0,orange
Rush & Division,West Town,26.58970297029703,12.596435643564355,16.60992079207921,2.2056810774101483,1.9649504950495054,505.0,yellow
Rush & Division,Wicker Park,31.71028192371476,14.89378109452736,17.69437810945274,2.233249269338133,2.860696517412936,201.0,yellow
Rush & Division,Wrigleyville,29.16700680272109,19.00374149659864,22.83469387755102,1.5880643884850894,5.075510204081632,49.0,green
"Sauganash,Forest Glen",Avondale,45.083333333333336,18.983333333333334,18.73,2.3748902546093063,5.4,1.0,orange
"Sauganash,Forest Glen",Edison Park,38.6,9.633333333333333,15.085,4.1157762691853605,3.05,2.0,red
"Sauganash,Forest Glen",Gold Coast,77.71666666666667,47.56666666666667,31.16,1.6338472319551507,10.7,1.0,green
"Sauganash,Forest Glen",Grant Park,86.36666666666666,49.72222222222223,43.339999999999996,1.7375365162121703,11.366666666666667,3.0,green
"Sauganash,Forest Glen",Jefferson Park,26.416666666666668,7.483333333333333,13.23,3.530066815144766,2.4,1.0,red
"Sauganash,Forest Glen",Lake View,70.77222222222221,25.98888888888889,30.287999999999997,2.730857285844164,8.02,15.0,orange
"Sauganash,Forest Glen",Lincoln Park,71.99166666666667,36.88333333333333,25.455,2.0240985861453145,10.25,2.0,yellow
"Sauganash,Forest Glen",Loop,59.79999999999999,33.28333333333333,31.80666666666667,1.812798548052596,12.5,3.0,green
"Sauganash,Forest Glen",North Center,57.06666666666667,13.433333333333334,15.58,4.248138957816377,5.7,1.0,red
"Sauganash,Forest Glen",North Park,27.386458333333334,9.265104166666665,14.8259375,3.0027820222463704,2.578125,32.0,red
"Sauganash,Forest Glen",O'Hare,61.152651515151504,24.391666666666666,37.15954545454545,2.545554721849013,9.25909090909091,44.0,orange
"Sauganash,Forest Glen",Portage Park,36.65,7.65,10.64,4.790849673202614,1.9,1.0,red
"Sauganash,Forest Glen",River North,61.875,37.72222222222222,38.94083333333334,1.8153299172878021,11.191666666666668,12.0,green
"Sauganash,Forest Glen",Rogers Park,103.89166666666667,21.325,20.25,5.207988451149305,5.8,2.0,red
"Sauganash,Forest Glen",Sheffield & DePaul,64.55,34.725,22.97,2.037898019681458,9.7,2.0,yellow
"Sauganash,Forest Glen",West Loop,74.56666666666666,43.329166666666666,29.64,1.8066819553049527,11.2,4.0,green
"Sauganash,Forest Glen",West Ridge,36.35,11.233333333333333,16.23,3.2359050445103863,3.1,1.0,red
"Sauganash,Forest Glen",West Town,58.36666666666667,21.45,29.22,2.7686677558827184,8.4,3.0,red
"Sauganash,Forest Glen",Wrigleyville,57.4,30.773333333333333,33.58,1.8719909737723897,6.459999999999999,5.0,green
Sheffield & DePaul,Albany Park,35.294047619047625,20.701190476190476,21.180000000000003,1.744865980175622,5.071428571428571,14.0,green
Sheffield & DePaul,Andersonville,36.91935483870967,19.225268817204302,18.51516129032258,1.9556183334916242,4.832258064516129,31.0,green
Sheffield & DePaul,Armour Square,39.18333333333333,28.316666666666666,29.85,1.4028390007753806,8.3,4.0,green
Sheffield & DePaul,Avondale,46.93602150537634,15.420967741935485,18.68870967741936,3.2549485530472926,3.7870967741935484,31.0,red
Sheffield & DePaul,Belmont Cragin,58.86666666666667,43.77222222222222,29.976666666666663,1.3822244668182215,5.766666666666667,3.0,green
Sheffield & DePaul,Boystown,16.26611111111111,10.121666666666668,13.359666666666667,1.7983405220722157,1.706666666666667,30.0,green
Sheffield & DePaul,Bucktown,28.1415548098434,10.374944071588367,13.156342281879196,2.9537682319027474,1.7600671140939597,298.0,red
Sheffield & DePaul,Chinatown,37.983333333333334,26.566666666666666,25.453333333333333,1.4352641674063866,8.433333333333334,3.0,green
Sheffield & DePaul,Douglas,70.4,28.45,18.73,2.474516695957821,9.7,1.0,orange
Sheffield & DePaul,East Village,31.82962962962963,13.757407407407406,15.730370370370371,2.3668880188322095,2.52962962962963,27.0,orange
Sheffield & DePaul,Edgewater,34.77234848484849,20.066666666666666,19.970000000000002,1.809513910549308,5.5204545454545455,44.0,green
Sheffield & DePaul,Garfield Park,54.98750000000001,28.7125,21.6525,1.9107968681354015,5.725,8.0,green
Sheffield & DePaul,Garfield Ridge,77.57148936170212,40.4209219858156,55.54234042553191,2.0804530799983167,15.132340425531915,235.0,yellow
Sheffield & DePaul,Gold Coast,22.861949685534594,11.155031446540882,16.71083857442348,2.1205827748793484,2.390566037735849,477.0,yellow
Sheffield & DePaul,Grant Park,33.830246913580254,21.180761316872427,28.410802469135792,1.6263360099985844,5.148765432098765,162.0,green
Sheffield & DePaul,Humboldt Park,39.9,16.662643678160922,15.983448275862068,2.411635252987085,3.6758620689655173,29.0,orange
Sheffield & DePaul,Irving Park,41.84097222222223,16.92916666666667,20.13083333333333,2.540095158159112,4.345833333333333,24.0,orange
Sheffield & DePaul,Kenwood,56.85,19.633333333333333,22.73,2.895585738539898,11.1,1.0,red
Sheffield & DePaul,Lake View,19.681044431621466,8.795503943065976,12.506177149451819,2.3966022350730327,1.5688401615695327,3466.0,orange
Sheffield & DePaul,Lincoln Park,19.7718436716792,7.494995300751881,11.789812030075188,2.7863170868502114,1.2590695488721806,2128.0,red
Sheffield & DePaul,Lincoln Square,37.753125,19.59375,21.005,1.9517741045867028,4.5375,16.0,green
Sheffield & DePaul,"Little Italy, UIC",46.67604166666667,23.556250000000002,22.781875,2.0814334426335623,5.81875,16.0,yellow
Sheffield & DePaul,Logan Square,32.585763888888884,17.004375,17.728875000000002,2.064483262953861,3.1366666666666663,240.0,yellow
Sheffield & DePaul,Loop,29.025585037774093,19.297816473189606,23.78612769485904,1.5536749821524032,4.3924267551133225,3618.0,green
Sheffield & DePaul,Lower West Side,49.07666666666667,23.96333333333333,24.18,2.077078244411565,6.04,5.0,yellow
Sheffield & DePaul,Museum Campus,49.36719298245614,24.037368421052633,27.894947368421054,2.1295338794373913,7.042105263157896,95.0,yellow
Sheffield & DePaul,Near South Side,44.99135802469135,20.66604938271605,27.108518518518515,2.198620392565259,7.937037037037038,27.0,yellow
Sheffield & DePaul,North Center,30.709427609427618,13.19781144781145,15.546060606060609,2.5808967135925847,2.512121212121212,99.0,orange
Sheffield & DePaul,Norwood Park,67.3,34.483333333333334,26.23,1.9516674722087963,10.8,1.0,green
Sheffield & DePaul,O'Hare,84.81486833654463,40.2716254549347,59.27739884393064,2.2082092266970577,15.405764290301864,6228.0,yellow
Sheffield & DePaul,Old Town,23.18288726682887,8.759124087591243,12.904866180048662,2.681847256559521,1.8199513381995134,411.0,orange
Sheffield & DePaul,Portage Park,56.2,18.86,20.222,3.022143360439004,6.640000000000001,5.0,red
Sheffield & DePaul,River North,24.225375419877498,14.742353289863662,18.604487255483107,1.7711539618661687,2.8573503260225253,3374.0,green
Sheffield & DePaul,Rogers Park,39.56431623931624,15.372970085470083,23.56224358974359,2.580500399989799,6.336538461538463,156.0,orange
Sheffield & DePaul,Rush & Division,24.975895765472313,12.659229098805648,15.52543973941368,2.0156235446387734,2.73257328990228,307.0,green
Sheffield & DePaul,Sheffield & DePaul,13.744041867954916,5.76976650563607,11.357657004830916,2.574220136412031,0.9091787439613525,414.0,orange
Sheffield & DePaul,Streeterville,30.03161545027742,14.97279129321383,18.941466069142127,2.0658169003291103,3.48898847631242,1562.0,yellow
Sheffield & DePaul,Ukrainian Village,42.320707070707066,19.261111111111113,18.29787878787879,2.2975625354301408,3.7818181818181813,33.0,yellow
Sheffield & DePaul,United Center,54.416666666666664,18.866666666666667,17.4475,2.9137227248459077,4.6,4.0,red
Sheffield & DePaul,Uptown,33.156649395509504,15.556649395509503,16.463575129533677,2.192702944710593,3.3284974093264252,193.0,yellow
Sheffield & DePaul,West Loop,42.74577233004199,20.926676881171264,22.60325161729656,2.139993661201454,3.7018386108273744,2937.0,yellow
Sheffield & DePaul,West Town,30.118909276248726,13.485321100917433,16.077079510703363,2.3796561431677774,2.582874617737003,654.0,orange
Sheffield & DePaul,Wicker Park,35.58385565052232,13.983190883190884,16.540398860398863,2.6618366119936576,2.3683760683760684,351.0,orange
Sheffield & DePaul,Woodlawn,69.35,24.383333333333333,25.94,2.844155844155844,13.8,1.0,red
Sheffield & DePaul,Wrigleyville,23.901789709172256,11.42863534675615,14.056040268456378,2.1505981881778626,2.086577181208054,149.0,yellow
South Chicago,Ashburn,69.16111111111111,30.616666666666664,26.94333333333334,2.2553963181904595,9.200000000000001,3.0,yellow
South Chicago,Auburn Gresham,48.75238095238095,21.185714285714287,21.47714285714286,2.3306688377620093,4.871428571428571,14.0,yellow
South Chicago,Calumet Heights,13.95,8.046666666666667,10.720000000000002,1.726423221874711,2.0,5.0,green
South Chicago,Chatham,44.63372093023256,17.358914728682173,14.103953488372094,2.61400933326148,4.160465116279069,43.0,orange
South Chicago,Douglas,54.83333333333334,19.21388888888889,27.62388888888889,2.861647171367722,7.083333333333333,18.0,red
South Chicago,East Side,36.55,11.541666666666668,16.869999999999997,3.1672641839977973,3.65,2.0,red
South Chicago,Englewood,48.333333333333336,20.879166666666666,21.587500000000002,2.3549997873253785,5.425000000000001,4.0,orange
South Chicago,Fuller Park,51.3,20.816666666666666,24.965,2.4695147332394622,6.85,2.0,orange
South Chicago,Garfield Park,67.4,37.19166666666666,29.134999999999998,1.8728633423197376,16.0,2.0,green
South Chicago,Garfield Ridge,93.84999999999998,50.31153846153846,54.68538461538462,1.88935241981617,12.123076923076923,13.0,green
South Chicago,Grand Boulevard,47.588888888888896,20.144444444444446,17.063333333333333,2.4404554091222974,5.833333333333333,3.0,orange
South Chicago,Grand Crossing,36.23333333333334,12.222222222222221,17.776666666666667,3.090167246933903,3.733333333333333,3.0,red
South Chicago,Grant Park,43.06666666666666,27.3,29.371999999999996,1.6106924494481603,10.620000000000001,5.0,green
South Chicago,Hyde Park,46.984313725490196,19.287254901960782,19.061176470588236,2.5007712676523446,4.852941176470588,17.0,orange
South Chicago,Irving Park,88.23333333333333,52.44444444444445,43.453333333333326,1.6906310975098349,20.633333333333336,3.0,green
South Chicago,Jackson Park,29.051515151515147,13.113636363636362,17.437727272727276,2.235178138194726,3.0772727272727276,22.0,yellow
South Chicago,Kenwood,52.23666666666666,21.053333333333335,22.830000000000002,2.492438668074589,5.659999999999999,5.0,orange
South Chicago,"Little Italy, UIC",74.54999999999998,36.03181818181818,35.278484848484844,2.131114831430911,13.239393939393938,33.0,yellow
South Chicago,Little Village,102.53333333333335,34.660101010101016,35.82969696969697,2.9750249593916545,15.136363636363637,33.0,red
South Chicago,Loop,52.81542288557214,30.616666666666667,28.637014925373137,1.7989345156379979,11.44626865671642,67.0,green
South Chicago,Near South Side,46.2,22.516666666666666,25.95,2.051813471502591,9.4,1.0,yellow
South Chicago,Pullman,65.08703703703704,21.86296296296296,14.371111111111112,3.4890232082039123,5.966666666666667,9.0,red
South Chicago,River North,55.37083333333333,37.47083333333333,44.855,1.5762435345956995,13.0,4.0,green
South Chicago,Roseland,51.86666666666667,21.758333333333333,18.3575,2.410782184823042,5.749999999999999,4.0,orange
South Chicago,South Chicago,11.934848484848485,3.6969696969696972,9.44818181818182,3.2492836917109646,0.6636363636363636,11.0,red
South Chicago,South Deering,32.2,13.141666666666666,16.015,2.461983767587538,3.5,2.0,orange
South Chicago,South Shore,19.425757575757576,8.516666666666667,13.330000000000002,2.4994925046460366,1.9181818181818182,11.0,orange
South Chicago,Streeterville,60.95000000000001,30.648148148148152,26.423333333333332,2.014309335735264,11.788888888888888,9.0,green
South Chicago,Washington Heights,60.983333333333334,22.283333333333335,19.4,2.7367240089753175,6.3,1.0,orange
South Chicago,West Loop,71.41666666666666,26.772727272727277,27.842727272727277,2.9023458428167324,12.072727272727274,11.0,red
South Chicago,West Pullman,58.18333333333333,22.716666666666665,19.1,2.5612619222303743,9.8,1.0,orange
South Chicago,West Ridge,109.45,60.916666666666664,35.82,1.79671682626539,22.6,1.0,green
South Chicago,Woodlawn,49.96666666666667,14.566666666666668,16.23,3.436975176633009,4.0,3.0,red
South Deering,Burnside,26.516666666666662,7.714444444444444,10.656,3.4972770535415325,1.7866666666666668,60.0,red
South Deering,Calumet Heights,11.05790378006873,6.1632302405498285,9.958453608247424,1.8620241735592251,1.1907216494845358,97.0,green
South Deering,Chatham,36.410476190476196,14.947142857142856,16.284428571428574,2.5092752792411663,3.5628571428571427,70.0,orange
South Deering,Chicago Lawn,67.69999999999999,32.067708333333336,10.50375,2.1540203190368468,10.15,16.0,yellow
South Deering,Douglas,72.88333333333334,29.333333333333332,33.73,2.484659090909091,10.0,1.0,orange
South Deering,Garfield Ridge,96.15000000000002,43.94444444444445,63.18000000000001,2.3370814211736572,15.6,3.0,yellow
South Deering,Grand Crossing,53.93020833333333,17.295833333333334,17.135625,3.1989476395958025,6.6812499999999995,16.0,red
South Deering,Hyde Park,49.7,22.565833333333334,20.227000000000004,2.295651567317901,6.565,20.0,yellow
South Deering,Irving Park,89.7,39.85,35.075,2.3146748060309843,21.9,4.0,yellow
South Deering,Jackson Park,37.65,20.626666666666665,19.274,1.895341141663632,5.54,10.0,green
South Deering,Kenwood,44.32020202020201,26.28207070707071,23.389242424242422,1.6935016215316812,6.921212121212122,66.0,green
South Deering,"Little Italy, UIC",63.416666666666664,32.375,37.542500000000004,1.973383604786019,15.975,4.0,green
South Deering,Logan Square,93.06666666666666,45.516666666666666,37.36,2.1349013819988425,22.200000000000003,2.0,yellow
South Deering,Near South Side,54.333333333333336,23.325000000000003,32.34,2.3898089879283053,12.15,2.0,orange
South Deering,Oakland,62.53333333333333,23.739583333333332,22.510625,2.663571563599449,8.175,16.0,orange
South Deering,Pullman,38.957159624413144,12.7981220657277,14.476267605633804,3.2394094593912386,3.1098591549295778,142.0,red
South Deering,Riverdale,49.1,15.553999999999998,21.337600000000002,3.2482415752071,6.52,25.0,red
South Deering,South Chicago,18.519683908045973,9.984626436781607,13.407241379310348,2.07499827336359,2.2491379310344826,116.0,yellow
South Deering,South Deering,6.716666666666667,7.023809523809524,9.74952380952381,1.1299026174110065,1.6142857142857145,21.0,green
South Deering,South Shore,27.53823529411765,14.222875816993465,14.405686274509804,2.1059853648747864,3.77843137254902,51.0,yellow
South Deering,Streeterville,72.91666666666667,40.911111111111104,33.56333333333333,1.788616070999175,14.133333333333333,3.0,green
South Deering,Washington Heights,50.18333333333333,20.647222222222222,13.606666666666667,2.463797565185119,5.5,6.0,orange
South Deering,West Pullman,48.78333333333333,16.036666666666665,17.204,3.1339921962998347,5.68,5.0,red
South Deering,West Ridge,91.21666666666667,47.916666666666664,42.85,1.9036521739130436,22.1,1.0,green
South Deering,Woodlawn,38.158333333333324,17.778787878787877,16.018181818181823,2.170224970702019,4.763636363636364,22.0,yellow
South Shore,Armour Square,67.45,17.766666666666666,18.73,3.7964352720450285,8.5,1.0,red
South Shore,Ashburn,78.5,27.966666666666665,23.22,2.8069129916567346,8.0,1.0,red
South Shore,Auburn Gresham,50.748666666666665,21.943333333333335,18.692800000000002,2.39300383089174,5.540000000000001,25.0,orange
South Shore,Austin,87.85833333333333,46.291666666666664,24.085,1.936119984302875,18.3,2.0,green
South Shore,Avalon Park,24.900347222222226,10.2578125,13.040520833333334,2.5644362408417307,2.2760416666666665,96.0,orange
South Shore,Burnside,40.83504273504275,12.954273504273504,13.04820512820513,3.2476720134786077,4.066666666666666,39.0,red
South Shore,Calumet Heights,23.615454545454547,12.756969696969696,14.519636363636366,1.91557650682951,3.210909090909091,55.0,green
South Shore,Chatham,40.886464088397794,15.146316758747696,16.181270718232042,2.8147914429326395,3.8845303867403325,181.0,red
South Shore,Chicago Lawn,63.963333333333324,26.861666666666668,22.1815,2.405763476818143,6.995,20.0,orange
South Shore,Douglas,52.66153846153847,15.894871794871793,18.285,3.3903614687785515,7.642307692307693,26.0,red
South Shore,Englewood,41.233333333333334,18.009259259259256,19.288888888888884,2.3107450128401776,4.555555555555555,9.0,yellow
South Shore,Fuller Park,60.05,22.583333333333332,26.23,2.6590405904059042,7.7,1.0,orange
South Shore,Garfield Park,75.81333333333335,41.406666666666666,38.428000000000004,1.8443829006780788,15.9,5.0,green
South Shore,Grand Boulevard,53.47239583333334,18.587500000000002,16.234375,2.9271703989187743,6.681250000000001,32.0,red
South Shore,Grand Crossing,23.085069444444443,10.270138888888889,11.791145833333333,2.497457734553945,2.298958333333333,96.0,orange
South Shore,Grant Park,32.4,21.372222222222224,23.766666666666666,1.6422444772659173,9.266666666666667,3.0,green
South Shore,Hegewisch,53.67916666666666,24.40833333333333,22.727500000000003,2.2192762816433036,7.725,4.0,yellow
South Shore,Hyde Park,34.97908755274261,16.27837552742616,16.13661392405063,2.2018477976806685,3.95870253164557,632.0,yellow
South Shore,Jackson Park,21.850000000000005,7.574358974358974,10.415384615384616,2.9097532179726384,1.669230769230769,13.0,red
South Shore,Kenwood,39.081699346405244,13.94934640522876,15.557450980392158,2.879167901641464,4.458823529411764,51.0,red
South Shore,Lake View,89.52272727272727,29.16969696969697,36.846363636363634,3.123334452049703,14.245454545454544,11.0,red
South Shore,Lincoln Park,84.73484848484848,38.21818181818182,29.23818181818182,2.270471166845679,14.581818181818182,11.0,yellow
South Shore,"Little Italy, UIC",70.69155555555555,30.746444444444446,27.7,2.31561334149182,12.577333333333332,75.0,yellow
South Shore,Loop,40.10994729907774,24.737483530961793,25.93656126482214,1.6998923753230413,10.086561264822135,253.0,green
South Shore,Lower West Side,77.58333333333333,33.31666666666667,15.93,2.3286643321660825,13.5,1.0,yellow
South Shore,Morgan Park,71.7388888888889,24.24259259259259,18.440740740740743,3.0803171381625813,9.65925925925926,27.0,red
South Shore,Museum Campus,39.52718446601941,20.12265372168285,23.257572815533983,2.0961427829745944,8.444660194174757,103.0,yellow
South Shore,Near South Side,53.31666666666667,17.394444444444446,19.563333333333333,3.156229583365505,8.6,3.0,red
South Shore,New City,68.92738095238096,22.50714285714286,27.446428571428573,3.0785251489117167,8.664285714285715,14.0,red
South Shore,North Lawndale,80.03,29.556666666666665,31.268,2.7163296950123565,14.52,5.0,orange
South Shore,O'Hare,116.43333333333335,56.375,58.7475,2.1460511071513024,30.475,8.0,yellow
South Shore,Old Town,69.75,32.78333333333333,23.73,2.1276054905948145,13.1,1.0,yellow
South Shore,Portage Park,88.55,72.21666666666667,30.79,1.2261712439418415,21.0,1.0,green
South Shore,Pullman,60.102739726027394,18.737899543379,19.500684931506854,3.2846357920615943,5.750684931506849,73.0,red
South Shore,River North,63.747197640118,31.34557522123894,27.295398230088498,2.073694293389531,11.345132743362832,113.0,yellow
South Shore,Riverdale,109.03333333333333,27.0625,25.567500000000003,4.136547244991984,10.8,4.0,red
South Shore,Roseland,50.22666666666667,23.84818181818181,21.12309090909091,2.1827311760437484,6.961818181818181,55.0,yellow
South Shore,Rush & Division,51.86666666666666,25.14074074074074,23.39333333333333,2.0662775983986643,11.666666666666666,9.0,yellow
South Shore,South Chicago,22.107440476190476,7.67172619047619,10.81142857142857,3.2378377198460724,1.7303571428571427,56.0,red
South Shore,South Deering,33.016601307189546,13.916928104575167,14.271843137254901,2.4091655973918438,4.271764705882353,255.0,orange
South Shore,South Shore,15.261190476190475,7.206640211640212,10.209857142857144,2.326229147026364,1.4844444444444442,630.0,yellow
South Shore,Streeterville,62.38789954337901,29.347945205479448,29.380273972602737,2.202685673313832,11.072602739726026,73.0,yellow
South Shore,Ukrainian Village,88.5,71.25,28.25,1.2421052631578948,17.8,1.0,green
South Shore,United Center,68.53333333333333,28.333333333333336,30.576,2.5366540464169813,12.44,5.0,orange
South Shore,Uptown,79.42407407407408,35.81111111111112,32.43555555555556,2.2838679798399877,16.455555555555556,9.0,yellow
South Shore,Washington Heights,68.49333333333334,25.876666666666665,25.444,2.7309965066728314,8.18,5.0,orange
South Shore,Washington Park,43.09166666666666,16.213461538461537,16.063846153846153,2.8056388150091305,4.426923076923075,26.0,red
South Shore,West Lawn,77.11666666666666,38.93333333333334,28.73,1.9828350871013662,9.95,2.0,green
South Shore,West Loop,56.273309178743965,24.703985507246376,23.498913043478264,2.39154335338935,11.20072463768116,138.0,orange
South Shore,West Pullman,62.955555555555556,25.927777777777777,17.650000000000002,2.4399431183136184,8.466666666666667,3.0,orange
South Shore,West Ridge,110.60833333333333,48.11666666666666,43.584999999999994,2.3044462385497235,20.65,2.0,yellow
South Shore,West Town,56.25,35.61666666666667,27.48,1.644673457394979,12.649999999999999,4.0,green
South Shore,Woodlawn,28.230555555555554,11.256535947712417,13.110980392156865,2.6091609371573186,2.6352941176470597,102.0,orange
Streeterville,Albany Park,57.446222222222225,28.91511111111111,28.33706666666666,2.104798942985265,9.208,75.0,yellow
Streeterville,Armour Square,33.60460157126823,23.57267115600449,30.962996632996628,1.5157618176101417,6.017845117845119,297.0,green
Streeterville,Ashburn,74.96666666666667,44.016666666666666,40.23,1.7031427489587279,15.9,2.0,green
Streeterville,Auburn Gresham,59.84333333333334,44.55,31.8,1.381255748131751,13.280000000000001,5.0,green
Streeterville,Austin,62.84588477366256,27.089300411522633,27.47888888888889,2.371929153824103,9.891358024691357,81.0,orange
Streeterville,Avondale,53.74093567251463,21.815058479532166,22.018157894736845,2.623099596811779,6.333333333333333,114.0,orange
Streeterville,Belmont Cragin,55.1,26.73888888888889,28.24333333333333,2.070822169707656,9.833333333333334,3.0,yellow
Streeterville,Boystown,30.45364206464062,19.054413892908826,25.4865991316932,1.9147951742604135,4.696960926193921,691.0,green
Streeterville,Bridgeport,43.258771929824555,21.119298245614033,22.194210526315793,2.196203090540002,6.378947368421054,38.0,yellow
Streeterville,Brighton Park,62.55,21.066666666666666,21.105,3.0534270170623508,8.45,2.0,red
Streeterville,Bucktown,48.84108280254777,23.477353149327673,25.179745222929935,2.2489808426878857,4.5825902335456465,471.0,yellow
Streeterville,Calumet Heights,65.28333333333333,40.1,56.18666666666667,1.7114304413916788,12.9,3.0,green
Streeterville,Chatham,60.77962962962962,42.538888888888884,35.93777777777778,1.5088651744366155,12.5,27.0,green
Streeterville,Chicago Lawn,60.16481481481482,33.974074074074075,34.507777777777775,1.7917779799075098,12.444444444444446,9.0,green
Streeterville,Chinatown,32.80627118644068,17.25042776432607,20.833995157384987,1.9245974655538607,4.036271186440678,2065.0,green
Streeterville,Douglas,46.55597964376589,14.970101781170484,18.071603053435116,3.2007392245667474,5.402290076335877,131.0,red
Streeterville,East Village,39.859979736575475,20.034447821681866,21.382218844984802,2.0951557246935946,3.216717325227964,658.0,yellow
Streeterville,Edgewater,38.17790570175438,17.587883771929825,23.773947368421055,2.2659016822001554,7.594736842105264,304.0,yellow
Streeterville,Englewood,69.93205128205129,30.838461538461537,23.416923076923073,2.4040889417014304,10.661538461538463,13.0,orange
Streeterville,Fuller Park,49.93333333333333,14.876666666666669,22.242,3.3791871265417286,7.2299999999999995,10.0,red
Streeterville,Garfield Park,47.21111111111111,20.400000000000002,23.933333333333334,2.4902791873439845,7.233333333333333,6.0,orange
Streeterville,Garfield Ridge,69.9023835340777,37.87859654778302,56.79282214342232,2.02133723265771,13.392049350877704,34123.0,yellow
Streeterville,Gold Coast,16.26360389320475,8.1255960353603,14.167567639967857,2.031040955690184,1.2703991427806054,3733.0,yellow
Streeterville,Grand Boulevard,51.781981981981986,23.124774774774774,22.572702702702703,2.3544927751413187,7.08918918918919,74.0,orange
Streeterville,Grand Crossing,54.31956521739129,24.039130434782606,25.332608695652176,2.345131848079165,11.608695652173912,23.0,yellow
Streeterville,Grant Park,26.316094979458256,11.266800362091775,16.876602047211197,2.426486632358615,1.698433256736996,23935.0,orange
Streeterville,Hegewisch,90.63333333333334,55.96666666666667,52.22,1.6194163192376416,20.4,1.0,green
Streeterville,Hermosa,66.4,24.383333333333333,36.23,2.7231715652768287,9.7,1.0,orange
Streeterville,Humboldt Park,46.7689448441247,23.32913669064748,20.546762589928058,2.080112855709774,4.751798561151079,139.0,yellow
Streeterville,Hyde Park,54.723019197207684,21.732984293193716,25.687319371727753,2.5873238120907613,8.732251308900523,955.0,orange
Streeterville,Irving Park,63.40757575757575,26.166666666666664,30.742727272727276,2.708694667127736,8.30909090909091,11.0,orange
Streeterville,Jackson Park,47.486656519533234,17.620624048706237,25.171187214611873,2.7226322511485246,8.532420091324202,657.0,orange
Streeterville,Jefferson Park,57.33717948717948,34.32692307692308,32.7576923076923,1.909474954632823,10.638461538461538,13.0,green
Streeterville,Kenwood,49.68333333333335,20.99641873278237,20.750247933884296,2.4713242249220193,7.626446280991734,121.0,orange
Streeterville,Lake View,31.159753914988816,17.590488974113136,22.680851390220518,1.947113338554313,4.696720997123682,5215.0,green
Streeterville,Lincoln Park,24.360782901056673,12.15404208693564,17.674665886167148,2.005685398627623,2.5673270893371756,11104.0,green
Streeterville,Lincoln Square,51.45718390804596,24.47001915708812,27.3635632183908,2.1953086026734696,7.577586206896552,174.0,yellow
Streeterville,"Little Italy, UIC",43.18486868686868,19.123151515151513,22.30589090909091,2.303071414741732,4.629575757575757,825.0,yellow
Streeterville,Little Village,55.470000000000006,24.775,26.976,2.3109350272992613,8.29,10.0,yellow
Streeterville,Logan Square,44.06065436241611,23.688590604026846,24.856795302013424,2.004666190193143,5.691610738255034,596.0,green
Streeterville,Loop,20.950220268742935,10.634304073004312,17.009393695843276,1.9857341127303634,1.597072711289715,398150.0,green
Streeterville,Lower West Side,44.03853615520281,20.515961199294534,24.242328042328037,2.2822012090440356,5.578835978835979,189.0,yellow
Streeterville,Mckinley Park,53.29166666666667,24.425,35.47,2.1825477982094874,8.1,2.0,yellow
Streeterville,Montclare,59.81666666666667,48.6375,38.36,1.273142407425546,11.662500000000001,8.0,green
Streeterville,Museum Campus,40.746739198619935,15.773815572806399,24.126886850152903,2.661869771870185,3.323537991060927,42510.0,orange
Streeterville,Near South Side,31.53442163866251,16.13402086058289,31.371353254854615,1.9729567808307846,3.9332830264614147,9939.0,green
Streeterville,New City,61.67962962962964,20.430246913580252,25.085925925925928,3.0895405865989254,8.592592592592592,27.0,red
Streeterville,North Center,52.247126436781606,22.281417624521076,27.61758620689654,2.4235294541378845,6.848275862068965,174.0,orange
Streeterville,North Lawndale,58.93115942028985,23.242512077294688,23.221884057971014,2.570007365430499,6.953623188405796,69.0,orange
Streeterville,North Park,42.6,22.308333333333334,28.07,1.915695437884474,9.25,2.0,green
Streeterville,Norwood Park,68.12777777777778,32.322222222222216,34.40833333333333,2.3103951865031003,12.383333333333333,6.0,yellow
Streeterville,O'Hare,83.88671362194853,43.12936507936508,68.58196450082357,2.0700625035903157,18.383285394694788,325416.0,yellow
Streeterville,Old Town,24.157844071673658,10.580089592070147,16.474828440716735,2.3164837672063148,1.7716164696911931,5246.0,yellow
Streeterville,Portage Park,63.64298245614034,30.439473684210526,28.850000000000005,2.2024320182996378,9.915789473684208,19.0,yellow
Streeterville,River North,14.163246077267699,8.308954230248927,15.318116946345693,1.709637640063589,1.0884304569393803,140697.0,green
Streeterville,Rogers Park,39.080098039215684,20.299803921568625,25.297647058823532,1.9791001529496568,8.322352941176472,680.0,green
Streeterville,Roseland,66.0138888888889,33.93888888888889,33.88666666666666,2.244760510940028,14.966666666666667,6.0,yellow
Streeterville,Rush & Division,17.614616858237543,8.507749042145594,14.822965517241379,2.0879165357529668,1.2454597701149428,1740.0,yellow
Streeterville,"Sauganash,Forest Glen",69.08333333333333,20.45,58.23,3.378158109209454,11.9,1.0,red
Streeterville,Sheffield & DePaul,30.407805071315373,15.484099313259374,19.37832805071315,2.0184099366407646,3.546988906497622,1262.0,yellow
Streeterville,South Chicago,51.054761904761904,31.788095238095234,34.972857142857144,1.6889321121385485,12.0,7.0,green
Streeterville,South Shore,55.22795698924732,25.18978494623656,26.806451612903224,2.2450600032112806,10.509677419354839,62.0,yellow
Streeterville,Streeterville,12.657927570194852,7.4902030985548755,14.962550123681813,1.6997204195834374,0.9503319880223929,30724.0,green
Streeterville,Ukrainian Village,38.53971631205673,22.391843971631207,21.798297872340424,1.8839250956156006,3.6957446808510643,47.0,green
Streeterville,United Center,46.29491398221914,22.857533772081744,29.139421544856244,2.0803945199252585,3.814063041219258,2887.0,yellow
Streeterville,Uptown,34.17699956766105,14.685408560311284,19.402088197146565,2.4448053267040186,5.918806744487678,1542.0,orange
Streeterville,Washington Park,48.76666666666666,24.98939393939394,28.885454545454547,2.018434268349944,9.081818181818182,11.0,yellow
Streeterville,West Loop,30.18176672821991,15.048103953669926,20.118957517002208,2.045811540311389,2.2296863036526595,177624.0,yellow
Streeterville,West Ridge,57.50921985815602,25.63156028368794,27.87659574468085,2.3614767767886296,9.525531914893616,47.0,orange
Streeterville,West Town,27.925863478438586,15.5657418761496,19.37611894543225,1.8672697622103758,2.2659411404046597,6524.0,green
Streeterville,Wicker Park,41.90446366177498,19.937534940600976,21.235220125786164,2.1922185663410074,3.6176100628930814,1908.0,yellow
Streeterville,Woodlawn,52.817982456140356,22.680921052631582,25.521447368421054,2.37538424886734,9.703947368421051,76.0,orange
Streeterville,Wrigleyville,35.90994623655914,22.013692876344088,28.742096774193552,1.7949982419471786,5.555745967741936,992.0,green
Ukrainian Village,Andersonville,47.02575757575758,27.515151515151516,26.072727272727267,1.726363174266744,7.29090909090909,11.0,green
Ukrainian Village,Avondale,34.63676470588235,14.961274509803921,19.104999999999997,2.417447406645528,3.761764705882353,34.0,orange
Ukrainian Village,Boystown,46.580658436213994,20.35781893004115,24.66604938271605,2.3465672550645866,5.241975308641976,81.0,yellow
Ukrainian Village,Bucktown,25.215983606557376,10.249863387978142,13.469999999999999,2.599070556413291,1.9098360655737705,122.0,orange
Ukrainian Village,East Village,18.32469135802469,5.327777777777778,10.11111111111111,3.6957799297233103,1.0592592592592593,27.0,red
Ukrainian Village,Edgewater,64.23333333333332,28.891666666666662,26.615,2.2363108425688467,8.059999999999999,10.0,yellow
Ukrainian Village,Garfield Park,26.12708333333333,10.336458333333335,15.03375,2.570483757469072,2.225,16.0,orange
Ukrainian Village,Gold Coast,39.503703703703714,17.168518518518514,19.790370370370375,2.352788267738095,3.577777777777778,27.0,orange
Ukrainian Village,Grant Park,44.95,20.640666666666664,24.348399999999998,2.219126164270096,4.764,25.0,yellow
Ukrainian Village,Humboldt Park,20.673873873873877,9.5,11.632162162162166,2.2313951639147107,1.8945945945945943,37.0,yellow
Ukrainian Village,Jackson Park,80.54444444444444,38.05555555555556,29.489999999999995,2.286997644384661,12.200000000000001,3.0,yellow
Ukrainian Village,Kenwood,87.05,15.766666666666667,31.23,5.521141649048626,10.4,1.0,red
Ukrainian Village,Lake View,50.4861111111111,22.380176767676765,21.41287878787879,2.35470124356297,4.751515151515152,132.0,orange
Ukrainian Village,Lincoln Park,42.68126520681265,17.965693430656934,16.987664233576638,2.4776389631830646,3.794890510948905,137.0,orange
Ukrainian Village,Lincoln Square,39.05277777777778,21.094444444444445,24.63333333333333,1.8831764872617782,5.45,6.0,green
Ukrainian Village,"Little Italy, UIC",21.641221374045802,13.439821882951652,16.075572519083966,1.6463496122027825,2.4702290076335878,131.0,green
Ukrainian Village,Logan Square,29.851643192488265,11.124882629107983,14.66943661971831,2.770135663123209,2.7230046948356814,213.0,red
Ukrainian Village,Loop,42.092588235294116,18.716588235294115,23.79790588235294,2.32574658826749,4.021411764705882,425.0,yellow
Ukrainian Village,Lower West Side,33.24444444444445,13.687037037037037,19.607777777777777,2.4062920421696115,3.933333333333334,9.0,orange
Ukrainian Village,Museum Campus,64.99753086419754,25.27530864197531,28.026296296296298,2.6591862728629283,6.442592592592591,54.0,orange
Ukrainian Village,Near South Side,49.4,23.008333333333333,38.480000000000004,2.383125120123006,6.85,2.0,orange
Ukrainian Village,North Center,35.525,15.665833333333335,17.3765,2.4412080286613405,3.505,20.0,orange
Ukrainian Village,Norwood Park,55.86666666666667,23.683333333333334,23.73,2.35890218156228,9.7,1.0,orange
Ukrainian Village,O'Hare,74.42266922094508,44.2316091954023,59.968314176245215,1.8423162978248295,15.900383141762452,261.0,green
Ukrainian Village,Old Town,29.051366120218578,16.766939890710383,19.157868852459018,1.7889348675496561,3.1049180327868853,61.0,green
Ukrainian Village,River North,31.266453771289545,15.016636253041362,18.582810218978096,2.1308597347175304,3.221897810218978,548.0,yellow
Ukrainian Village,Rogers Park,75.90333333333334,41.765,37.702999999999996,1.861599073592894,8.510000000000002,10.0,green
Ukrainian Village,Rush & Division,30.891287878787885,16.07045454545454,21.143181818181816,1.9717647233117916,3.040909090909091,44.0,green
Ukrainian Village,Sheffield & DePaul,37.67708333333332,18.54513888888889,17.727083333333336,2.0540065866938324,3.7583333333333333,24.0,yellow
Ukrainian Village,South Chicago,91.53333333333333,33.18333333333334,44.79,3.010369704919478,14.7,2.0,red
Ukrainian Village,Streeterville,40.246330275229354,19.103261977573908,21.233149847094797,2.1364433864948773,3.756269113149847,327.0,yellow
Ukrainian Village,Ukrainian Village,5.866666666666666,2.883333333333333,6.5633333333333335,2.196027501909855,0.6333333333333333,3.0,yellow
Ukrainian Village,United Center,15.216666666666665,6.8238095238095235,11.500000000000002,2.266178101059535,1.4857142857142855,7.0,yellow
Ukrainian Village,Uptown,58.43252032520326,26.476829268292683,26.560487804878044,2.2832841297199975,6.42439024390244,41.0,yellow
Ukrainian Village,West Loop,36.182072699149266,12.972095901005416,17.605308584686775,2.841061159241476,2.699953596287703,2155.0,red
Ukrainian Village,West Ridge,66.53888888888889,31.399999999999995,20.926666666666666,2.2386767430212235,6.7,3.0,yellow
Ukrainian Village,West Town,19.677175697865355,8.91313628899836,13.174630541871922,2.3262506488331107,1.7763546798029555,203.0,yellow
Ukrainian Village,Wicker Park,16.596625766871167,7.03241308793456,11.179018404907977,2.604688726193598,1.188957055214724,163.0,orange
Ukrainian Village,Wrigleyville,48.284126984126985,26.373015873015873,27.130000000000003,1.9266490701530374,5.066666666666667,21.0,green
United Center,Auburn Gresham,72.55,37.141666666666666,32.769999999999996,1.9587773094532235,10.2,2.0,green
United Center,Austin,37.042857142857144,16.174801587301587,18.32702380952381,2.4237192828277774,5.742857142857143,84.0,orange
United Center,Avalon Park,77.55,30.5,26.831666666666667,2.618331975915446,12.700000000000001,6.0,orange
United Center,Avondale,44.24355555555555,26.903333333333336,22.93786666666667,1.8041570778285327,5.884,75.0,green
United Center,Boystown,60.81333333333333,31.063333333333333,23.796,1.9839572299700587,5.54,5.0,green
United Center,Bucktown,26.33,13.765000000000002,23.91042857142857,1.9676285815203447,3.1428571428571423,70.0,green
United Center,Chicago Lawn,52.68333333333333,22.961111111111112,22.802777777777777,2.364876478760989,7.966666666666667,18.0,orange
United Center,Chinatown,47.516666666666666,16.449603174603176,18.45285714285714,2.9278108674602907,4.021428571428571,42.0,red
United Center,Douglas,53.7070987654321,17.58564814814815,9.40074074074074,3.386327753733143,5.787962962962963,108.0,red
United Center,East Village,17.975490196078432,6.782352941176471,11.454705882352942,2.7214341936404356,1.6176470588235292,17.0,orange
United Center,Englewood,61.55666666666666,22.24666666666667,24.084,2.942910055717512,10.14,5.0,red
United Center,Gage Park,61.1,24.0,18.73,2.5458333333333334,5.7,1.0,orange
United Center,Garfield Park,25.94000000000001,9.986666666666666,13.076666666666664,2.9018202045147796,2.866666666666667,15.0,red
United Center,Garfield Ridge,67.2558024691358,34.266790123456786,43.56977777777777,2.1051528868480918,10.83037037037037,135.0,yellow
United Center,Gold Coast,36.856159420289856,16.739492753623185,33.1754347826087,2.2576396911660432,4.069565217391304,46.0,yellow
United Center,Grand Boulevard,48.2,16.25,23.98,3.2496966050887366,6.85,2.0,red
United Center,Grand Crossing,57.983333333333334,40.57539682539682,23.960000000000004,1.486944659986026,12.161904761904761,21.0,green
United Center,Grant Park,34.594845567589246,13.969073405535498,27.307821901323713,2.540242567312477,3.1744885679903736,831.0,orange
United Center,Humboldt Park,28.233587140439926,9.467851099830794,12.622538071065991,3.132057764368026,2.424873096446701,197.0,red
United Center,Hyde Park,62.79017094017094,20.785042735042737,27.173846153846153,3.2461813331405827,9.88205128205128,39.0,red
United Center,Irving Park,56.66153846153846,23.558974358974357,43.7,2.529572748527722,8.069230769230769,13.0,orange
United Center,Kenwood,54.18333333333334,20.0731884057971,22.719565217391306,2.890628099874172,8.713043478260872,23.0,red
United Center,Lake View,48.99043715846995,23.570765027322405,32.48352459016393,2.118851100515121,5.251639344262295,122.0,yellow
United Center,Lincoln Park,36.88781094527363,18.301741293532338,22.925671641791048,2.098172614809065,3.861194029850746,67.0,yellow
United Center,Lincoln Square,47.57878787878788,30.021212121212123,30.214545454545455,1.5970708873882182,7.218181818181819,11.0,green
United Center,"Little Italy, UIC",15.690035188739603,7.206573896353167,10.514443378119003,2.2328420730705307,1.170249520153551,1042.0,yellow
United Center,Little Village,40.916666666666664,15.058333333333334,26.365000000000002,2.8127322182629757,3.95,2.0,red
United Center,Logan Square,39.65,17.420175438596488,24.456315789473685,2.3240164334785516,4.3,38.0,yellow
United Center,Loop,26.79032765082819,14.784058759521217,26.160801595937613,1.8777107958022812,3.000616612259703,2757.0,green
United Center,Lower West Side,26.50686274509804,11.851470588235298,13.31029411764706,2.2636046029014265,2.452941176470589,34.0,yellow
United Center,Morgan Park,91.66666666666667,30.116666666666667,28.45,3.150054278492247,15.75,2.0,red
United Center,Mount Greenwood,92.46666666666667,34.21666666666667,66.23,2.702386751095957,20.5,1.0,orange
United Center,Museum Campus,48.83425925925925,15.889814814814816,19.844083333333337,3.171392074049096,3.981944444444445,360.0,red
United Center,Near South Side,45.516666666666666,14.716666666666667,28.01090909090909,3.145450437305416,5.081818181818182,11.0,red
United Center,New City,49.416666666666664,17.266666666666666,16.23,2.861969111969112,8.7,1.0,red
United Center,North Lawndale,34.31915204678362,10.042105263157893,12.491929824561401,3.6428581849644837,2.306140350877193,114.0,red
United Center,North Park,85.46666666666667,24.133333333333333,61.37,3.541436464088398,9.1,1.0,red
United Center,Norwood Park,75.33333333333333,40.11666666666667,40.87,1.8778562525965932,14.2,1.0,green
United Center,O'Hare,82.16577060931898,55.028315412186366,68.42354838709677,1.6296826602446222,17.67956989247312,93.0,green
United Center,Oakland,62.35,16.29,20.516000000000002,3.847470751239686,7.2,5.0,red
United Center,Old Town,42.59942528735631,17.527969348659006,26.438965517241378,2.4938059664784014,3.962068965517241,87.0,orange
United Center,Portage Park,62.333333333333336,18.625,21.23,3.3467561521252795,6.65,2.0,red
United Center,River North,37.06469544364508,15.464091127098321,28.408759712230218,2.4487891082362507,3.0807482014388485,3475.0,orange
United Center,Rogers Park,68.625,31.469791666666666,40.005625,2.2100134464418737,11.6125,16.0,yellow
United Center,Rush & Division,42.21,19.320833333333333,20.1645,2.2591206895982294,3.755,20.0,yellow
United Center,Sheffield & DePaul,45.56627906976744,21.927519379844963,34.55255813953488,2.136260670499807,4.630232558139536,43.0,yellow
United Center,South Shore,73.71666666666667,38.28,39.629999999999995,1.9952520431801823,12.239999999999998,5.0,green
United Center,Streeterville,37.04665866346539,18.10170068027211,31.51919567827131,2.079887293731956,3.633553421368548,1666.0,yellow
United Center,Ukrainian Village,14.201190476190476,6.905357142857142,16.505,2.299051228130605,1.4214285714285715,28.0,yellow
United Center,United Center,14.012916666666667,7.236111111111112,10.557666666666668,2.0275325950552894,1.21,120.0,yellow
United Center,Uptown,53.818749999999994,30.412499999999998,39.3925,1.8052924586713486,7.5249999999999995,24.0,green
United Center,Washington Heights,77.75,40.28333333333333,61.23,1.9300786098469178,14.5,1.0,green
United Center,Washington Park,47.63333333333333,30.264444444444447,24.461333333333336,1.589941489855628,9.32,15.0,green
United Center,West Loop,18.513614856872486,8.8736337828247,18.17066536550745,2.140581418085427,1.7555535841022003,5636.0,yellow
United Center,West Town,28.46639522258415,9.401465798045603,18.056221498371336,6.81969526086732,2.4221498371335506,307.0,red
United Center,Wicker Park,21.13345588235294,11.293627450980393,18.784926470588236,1.9211119106565822,2.3375000000000004,136.0,green
United Center,Woodlawn,54.105555555555554,21.472222222222225,24.650000000000002,2.5632228547281826,9.933333333333335,6.0,orange
United Center,Wrigleyville,45.36666666666667,24.4474358974359,39.81307692307693,1.9231534379939388,5.946153846153846,13.0,green
Uptown,Albany Park,33.65088495575221,12.969026548672566,14.195575221238938,2.6668654917055017,3.0415929203539815,113.0,orange
Uptown,Andersonville,21.117085427135677,8.94539363484087,12.445678391959799,2.4204247899191382,1.627638190954774,597.0,orange
Uptown,Auburn Gresham,86.89166666666667,49.75555555555556,35.06666666666666,1.8389890540343596,20.46666666666667,6.0,green
Uptown,Austin,81.06666666666666,31.533333333333335,36.55,2.570824524312896,10.5,1.0,orange
Uptown,Avondale,50.00526315789474,21.082748538011693,20.56526315789474,2.5089023377002375,4.573684210526316,57.0,orange
Uptown,Belmont Cragin,72.79444444444447,36.61666666666667,27.388333333333332,2.078252503974448,7.55,6.0,yellow
Uptown,Boystown,24.433410138248846,9.809370199692783,12.748801843317974,2.5961693974980458,2.0423963133640552,217.0,orange
Uptown,Bridgeport,74.23333333333333,52.86666666666667,40.57,1.4337926420753004,14.8,2.0,green
Uptown,Bucktown,42.21509803921568,20.11294117647059,16.556,2.138007895452239,4.09529411764706,170.0,yellow
Uptown,Chatham,91.21666666666667,49.733333333333334,20.975,1.865492746748039,19.35,2.0,green
Uptown,Chinatown,44.6,22.626388888888886,25.474166666666672,1.9777640665112923,10.924999999999999,12.0,green
Uptown,Douglas,68.91666666666667,31.433333333333334,37.84666666666667,2.327772795257991,11.133333333333333,3.0,yellow
Uptown,East Village,47.35833333333333,24.0,23.564999999999998,1.975906967906704,6.266666666666667,6.0,green
Uptown,Edgewater,24.558714462299136,9.862340337865678,12.28027194066749,2.6694211546600224,2.0751545117428924,809.0,orange
Uptown,Englewood,67.95,34.15,28.73,1.9897510980966326,16.4,1.0,green
Uptown,Garfield Park,64.46666666666667,36.68333333333333,26.23,1.7573830077237622,10.9,1.0,green
Uptown,Garfield Ridge,87.53098510882016,46.496048109965635,60.918419243986264,2.0233265002596745,18.9233676975945,291.0,yellow
Uptown,Gold Coast,36.44685534591195,12.535534591194969,16.353962264150944,3.06344791438867,5.032075471698114,53.0,red
Uptown,Grand Crossing,67.2,32.138888888888886,32.12,2.1012471075311283,17.099999999999998,3.0,yellow
Uptown,Grant Park,49.11075808249722,23.30457079152732,25.343645484949832,2.20492702296054,7.986956521739132,299.0,yellow
Uptown,Humboldt Park,65.62931034482757,32.10287356321839,28.14224137931035,2.0609022349320623,9.639655172413793,58.0,yellow
Uptown,Hyde Park,64.14259259259259,29.555555555555557,27.465555555555554,2.2342263072821167,13.08888888888889,9.0,yellow
Uptown,Irving Park,41.69318181818182,20.200378787878787,21.14090909090909,2.221318474314773,4.011363636363636,44.0,yellow
Uptown,Jackson Park,69.3125,39.97916666666667,44.7075,1.7891176296803468,15.825,4.0,green
Uptown,Jefferson Park,41.65833333333333,28.141666666666666,22.060000000000002,1.4896023421031184,5.7,4.0,green
Uptown,Lake View,22.806037711481338,9.794685522407336,12.351675707090275,2.456319839739587,1.9520534676481984,5162.0,orange
Uptown,Lincoln Park,35.97924944812362,15.300147167034586,16.27693156732892,2.5506523323733163,4.142384105960265,906.0,orange
Uptown,Lincoln Square,27.704938271604934,11.498425925925927,12.960222222222223,2.6003334363000103,2.151296296296296,540.0,orange
Uptown,"Little Italy, UIC",67.19459459459458,33.3490990990991,29.06472972972973,2.0637140039156834,9.76891891891892,74.0,yellow
Uptown,Little Village,84.35000000000001,27.740909090909096,29.41181818181818,3.0563271340270646,14.936363636363637,11.0,red
Uptown,Logan Square,51.92439393939395,24.33166666666667,20.530590909090908,2.2248306958384045,5.1877272727272725,220.0,yellow
Uptown,Loop,43.054953860004495,22.061622777402654,25.017608372721135,2.0183555788990093,7.380648210668467,7405.0,yellow
Uptown,Lower West Side,77.2559523809524,29.742857142857144,24.21,2.753357032042948,11.950000000000001,14.0,orange
Uptown,Museum Campus,66.31575654152446,25.281797497155857,26.248703071672356,2.8264488248215875,8.875767918088739,293.0,red
Uptown,Near South Side,54.30952380952381,21.690476190476186,29.318571428571428,2.534084071692731,10.285714285714283,7.0,orange
Uptown,New City,76.06666666666666,32.31666666666666,35.24333333333333,2.386119160975932,14.766666666666666,3.0,orange
Uptown,North Center,31.04776876267748,12.344117647058825,15.057789046653147,2.6992129996390664,2.43630831643002,493.0,orange
Uptown,North Lawndale,81.08333333333334,37.857142857142854,28.048571428571428,2.238085537985191,12.471428571428572,7.0,yellow
Uptown,North Park,39.2891472868217,20.202713178294573,19.51,1.9476373964267937,3.774418604651163,43.0,green
Uptown,Norwood Park,77.30333333333334,35.71333333333333,33.583999999999996,2.2644012269749876,9.059999999999999,5.0,yellow
Uptown,O'Hare,82.17617841462827,40.60328798185941,55.91399334201766,2.0742184951214298,14.109668548270374,6909.0,yellow
Uptown,Old Town,43.80612244897959,14.26547619047619,17.295510204081637,3.3396124334748527,5.242857142857144,98.0,red
Uptown,Portage Park,57.97592592592592,31.368518518518517,21.36,1.9614768513047578,6.377777777777777,9.0,green
Uptown,River North,39.96817840140316,18.48607700659818,20.853117013279878,2.2481851229796224,6.165296918065648,3991.0,yellow
Uptown,Rogers Park,30.14959630911188,13.450519031141868,15.683096885813146,2.3021495286453506,3.194636678200692,578.0,yellow
Uptown,Rush & Division,32.620987654320984,15.4320987654321,19.180000000000003,2.3004135620994504,5.855555555555555,27.0,yellow
Uptown,Sheffield & DePaul,31.18489208633094,16.647122302158273,17.315179856115112,1.962885031407463,3.810071942446043,139.0,green
Uptown,South Shore,93.56666666666666,34.30833333333333,33.985,2.749799887689643,16.85,2.0,orange
Uptown,Streeterville,39.490912962016694,15.938996763754046,20.13410832907512,2.5738261948963457,5.961318344404701,1957.0,orange
Uptown,Ukrainian Village,63.65138888888888,33.0125,25.874166666666667,2.0361871122242468,6.308333333333333,12.0,yellow
Uptown,United Center,49.56481481481482,28.683333333333334,27.66027777777778,1.7769953449192855,8.012037037037038,108.0,green
Uptown,Uptown,19.0821621237933,6.367915956842703,9.853224020442932,3.2281175280297187,1.105451448040886,2348.0,red
Uptown,West Loop,55.04633838383839,27.27093965975545,26.819326156299837,2.100042505442287,7.933492822966508,2508.0,yellow
Uptown,West Ridge,40.35904392764857,16.65400516795866,15.547596899224805,2.5065887480628977,3.459689922480621,129.0,orange
Uptown,West Town,52.87462365591397,25.16064516129032,23.6338064516129,2.2586771226268008,6.435161290322581,310.0,yellow
Uptown,Wicker Park,48.69988425925925,26.273032407407403,22.411944444444444,1.8909218927943512,5.745833333333334,144.0,green
Uptown,Woodlawn,74.53333333333333,29.716666666666665,37.23,2.5081323611890074,15.2,1.0,orange
Uptown,Wrigleyville,24.553234649122807,9.560581140350877,11.92766447368421,2.6793438123736943,1.611184210526316,304.0,orange
Washington Heights,Armour Square,50.13333333333333,30.8,20.53,1.6277056277056277,9.5,1.0,green
Washington Heights,Ashburn,36.266666666666666,12.985714285714284,15.182857142857143,2.8225894697496234,3.457142857142857,7.0,red
Washington Heights,Auburn Gresham,30.775543478260868,9.255615942028985,12.530326086956524,3.3994322051057644,2.4880434782608694,92.0,red
Washington Heights,Avalon Park,52.91666666666667,14.795454545454549,17.64909090909091,3.612176239409772,5.063636363636363,11.0,red
Washington Heights,Beverly,35.48518518518519,11.776851851851852,12.880555555555556,3.24953646872775,2.5944444444444446,18.0,red
Washington Heights,Brighton Park,65.86666666666666,24.441176470588236,17.874117647058824,2.7205101696873193,7.947058823529411,17.0,orange
Washington Heights,Chatham,34.67474747474748,9.871969696969696,13.959166666666667,3.5953280905164444,2.3053030303030297,396.0,red
Washington Heights,Chicago Lawn,56.416666666666664,19.933333333333334,27.53,2.830267558528428,6.9,1.0,red
Washington Heights,Englewood,47.65714285714285,16.22142857142857,19.354285714285716,3.1100039809690037,5.69047619047619,21.0,red
Washington Heights,Garfield Ridge,83.29999999999998,22.22,40.376000000000005,3.800902301878825,9.02,10.0,red
Washington Heights,Grand Boulevard,63.583333333333336,27.4,23.73,2.320559610705596,9.6,1.0,yellow
Washington Heights,Grand Crossing,43.114285714285714,16.349999999999998,19.183571428571433,2.6902411609119468,4.692857142857144,14.0,orange
Washington Heights,Hyde Park,65.27844827586208,20.497126436781613,10.694482758620689,3.238261313520817,8.489655172413793,58.0,red
Washington Heights,Jackson Park,70.51666666666667,23.60416666666667,18.91,3.0033482532472435,8.125,8.0,red
Washington Heights,Kenwood,64.75,18.722222222222225,24.156666666666666,3.4748667681166974,8.366666666666667,3.0,red
Washington Heights,Lake View,86.41666666666667,34.62777777777778,35.23,2.559408004508587,19.299999999999997,3.0,orange
Washington Heights,Lincoln Park,76.2,44.18333333333333,28.36,1.7246322142587704,18.8,1.0,green
Washington Heights,"Little Italy, UIC",76.73333333333333,25.991666666666667,24.155,3.0487619287025156,13.3,2.0,red
Washington Heights,Little Village,96.46666666666667,28.133333333333333,27.59,3.4289099526066353,15.3,1.0,red
Washington Heights,Loop,60.867948717948714,26.505128205128205,33.69692307692307,2.313867124076258,13.569230769230769,13.0,yellow
Washington Heights,Morgan Park,33.083333333333336,9.383333333333333,10.95,3.52575488454707,2.5,1.0,red
Washington Heights,Mount Greenwood,41.7537037037037,16.440740740740736,20.019999999999996,2.7013102813821743,4.688888888888889,9.0,orange
Washington Heights,Museum Campus,73.66666666666667,23.39393939393939,26.271818181818183,3.2360899274795787,13.02727272727273,11.0,red
Washington Heights,Near South Side,52.266666666666666,23.640833333333333,27.5125,2.2334929160656696,10.055000000000001,40.0,yellow
Washington Heights,New City,50.78333333333333,15.05,18.73,3.3743078626799554,7.0,1.0,red
Washington Heights,Pullman,51.88611111111112,12.762500000000001,13.497500000000002,4.157085875550813,5.458333333333333,12.0,red
Washington Heights,River North,67.775,31.866666666666667,35.23,2.2483856913292444,15.149999999999999,2.0,yellow
Washington Heights,Riverdale,88.0,15.041666666666668,32.48,5.85508984390359,7.9,2.0,red
Washington Heights,Roseland,27.78881578947368,12.778508771929825,14.61644736842105,2.394148038937909,2.8815789473684212,76.0,orange
Washington Heights,South Chicago,52.24880952380953,21.0952380952381,3.725,2.5403161220087838,5.964285714285715,14.0,orange
Washington Heights,South Deering,48.38064516129031,16.539247311827957,16.596129032258066,3.0746813906724806,5.851612903225805,31.0,red
Washington Heights,South Shore,53.73333333333333,20.130000000000003,17.104000000000003,2.7011632813316293,5.24,5.0,orange
Washington Heights,United Center,96.51666666666667,25.839999999999996,24.672,3.7667451286569262,13.499999999999996,5.0,red
Washington Heights,Washington Heights,20.388888888888893,10.472222222222223,12.202083333333333,2.2040523792018876,2.2125,24.0,yellow
Washington Heights,West Loop,69.79333333333332,27.023333333333333,30.43,2.654436963281823,13.960000000000003,5.0,orange
Washington Heights,West Town,74.1111111111111,32.61666666666667,30.706666666666667,2.501762213976685,16.0,3.0,orange
Washington Heights,Woodlawn,64.5625,18.341666666666665,16.11,3.5643766743860565,6.85,4.0,red
Washington Park,Auburn Gresham,45.55833333333334,15.361111111111112,17.083333333333336,3.3938021489360835,4.616666666666666,6.0,red
Washington Park,Austin,59.55,39.725,31.32,1.56583687932608,13.1,2.0,green
Washington Park,Avalon Park,46.15,16.945833333333333,18.37,2.7729157740627164,4.85,4.0,red
Washington Park,Boystown,73.71666666666667,23.366666666666667,33.73,3.1547788873038516,13.2,1.0,red
Washington Park,Bridgeport,42.43333333333333,12.21111111111111,14.76,3.5346049440082847,5.733333333333333,3.0,red
Washington Park,Chatham,29.986340852130326,12.260651629072683,15.747669172932332,2.4526314123696187,3.7804511278195494,133.0,orange
Washington Park,Chicago Lawn,60.25,18.983333333333334,16.23,3.173836698858648,5.2,1.0,red
Washington Park,Chinatown,38.31666666666667,13.858333333333333,13.975000000000001,3.140307949587342,5.300000000000001,2.0,red
Washington Park,Douglas,27.755555555555556,11.538888888888891,13.389166666666668,2.4196938831762433,3.783333333333333,12.0,orange
Washington Park,Englewood,24.585374149659867,7.269047619047617,12.751904761904763,3.388280308797845,1.64421768707483,147.0,red
Washington Park,Fuller Park,20.41111111111111,6.205555555555556,8.958333333333334,3.5190119323453,1.7,6.0,red
Washington Park,Gage Park,43.18333333333333,27.833333333333336,18.865000000000002,1.6014693499884336,5.75,2.0,green
Washington Park,Garfield Ridge,66.45384615384616,30.470512820512816,39.868461538461546,2.2453328567502213,7.3307692307692305,26.0,yellow
Washington Park,Grand Boulevard,18.770430107526877,7.418817204301074,11.00193548387097,2.8386755317447965,1.7903225806451613,31.0,red
Washington Park,Grand Crossing,21.175362318840577,9.92608695652174,14.01608695652174,2.385786259002757,2.2217391304347824,23.0,orange
Washington Park,Grant Park,45.38333333333334,18.726666666666667,22.558,2.53568075099642,6.7,5.0,orange
Washington Park,Hyde Park,21.0633097762073,9.099764428739695,10.645971731448764,2.53380573477994,1.9886925795052999,283.0,orange
Washington Park,Jackson Park,25.733333333333334,9.716666666666667,11.96,2.6544934459828076,2.05,2.0,orange
Washington Park,Kenwood,22.91875,15.015625,7.80625,1.6423318358500991,3.2625,16.0,green
Washington Park,Lake View,60.33,32.843333333333334,21.056,1.8375993504729937,12.940000000000001,5.0,green
Washington Park,"Little Italy, UIC",54.348113207547165,26.466352201257862,21.23,2.1093713665840546,8.026415094339624,53.0,yellow
Washington Park,Logan Square,71.66666666666667,19.7,24.98,3.6379018612521152,12.15,2.0,red
Washington Park,Loop,43.12916666666667,25.380416666666665,24.12225,1.747599137321775,7.6674999999999995,80.0,green
Washington Park,Lower West Side,60.41111111111112,18.898148148148145,19.423333333333332,3.3172050365330827,7.466666666666667,9.0,red
Washington Park,Museum Campus,50.56666666666667,13.841666666666665,17.294999999999998,3.80231297564412,7.1,10.0,red
Washington Park,Near South Side,34.68333333333333,13.967543859649123,19.46736842105263,2.5660285727839014,5.089473684210526,19.0,orange
Washington Park,North Center,77.46666666666667,41.3,37.68,1.8757062146892658,11.4,1.0,green
Washington Park,O'Hare,107.93333333333334,55.300000000000004,64.78,1.9956315908303301,25.2,3.0,green
Washington Park,Pullman,55.65,18.55,22.163333333333338,3.0226788040771435,7.233333333333333,3.0,red
Washington Park,River North,50.8074074074074,19.480864197530863,19.126296296296296,2.6878643114748537,9.651851851851852,27.0,orange
Washington Park,South Chicago,39.6,19.388888888888893,16.675555555555555,2.206098087320343,4.5888888888888895,9.0,yellow
Washington Park,South Shore,38.9268817204301,13.5252688172043,16.649032258064516,3.047466391908428,3.596774193548387,31.0,red
Washington Park,Streeterville,60.75049504950494,25.11881188118812,23.633366336633667,2.464299351805812,9.604950495049506,101.0,orange
Washington Park,Uptown,69.71666666666667,22.157142857142855,26.944285714285712,3.1627442209532584,13.014285714285714,7.0,red
Washington Park,Washington Heights,52.65,17.883333333333333,18.73,2.9440820130475305,7.2,1.0,red
Washington Park,West Loop,53.11666666666667,20.56282051282051,22.393076923076926,2.890627233467721,8.053846153846154,13.0,red
Washington Park,West Town,56.608333333333334,27.986458333333335,23.46875,2.0934378513774927,9.368750000000002,16.0,yellow
Washington Park,Woodlawn,18.279166666666665,5.846458333333333,8.82,3.1915654566869023,1.365,80.0,red
West Elsdon,Archer Heights,28.25,12.770833333333334,11.889999999999999,2.4696382640425107,2.3,8.0,orange
West Elsdon,Brighton Park,26.25,8.799999999999999,10.4375,3.5740625418791256,2.2,4.0,red
West Elsdon,Englewood,57.18333333333333,21.683333333333334,13.23,2.6372021521906226,5.8,1.0,orange
West Elsdon,Gage Park,18.23888888888889,8.341666666666667,9.676666666666668,2.306944764866888,1.6000000000000003,6.0,yellow
West Elsdon,Garfield Ridge,35.75,8.336666666666668,17.547333333333334,4.363640118392459,1.9266666666666667,15.0,red
West Elsdon,"Little Italy, UIC",59.93333333333333,29.148717948717948,21.343846153846155,2.0733115965980513,8.396153846153846,26.0,yellow
West Elsdon,Little Village,46.81666666666666,19.325,13.901875,2.453794007364686,4.75,16.0,orange
West Elsdon,New City,38.21666666666667,14.096666666666668,13.73,2.7121794264750827,4.08,5.0,orange
West Elsdon,United Center,65.80740740740741,35.903703703703705,26.5,1.9051217699568486,8.100000000000001,9.0,green
West Elsdon,West Lawn,20.55,7.890000000000001,9.094,2.738271344873055,1.4600000000000002,5.0,orange
West Elsdon,Woodlawn,56.93333333333333,27.466666666666665,18.46,2.0728155339805827,7.5,1.0,yellow
West Lawn,Archer Heights,28.633333333333333,10.315384615384618,13.630000000000003,2.7923762472334506,2.9923076923076923,13.0,red
West Lawn,Ashburn,36.93333333333334,12.958333333333332,16.17,2.840742189343925,3.75,2.0,red
West Lawn,Auburn Gresham,50.016666666666666,13.4,11.61,3.7325870646766166,4.1,1.0,red
West Lawn,Brighton Park,41.46666666666667,19.65833333333333,21.23,2.1133973993351427,4.5,2.0,yellow
West Lawn,Chicago Lawn,42.82067901234568,16.056790123456793,16.197592592592596,2.783181964563969,3.5481481481481487,54.0,red
West Lawn,Clearing,13.716666666666667,3.5833333333333335,7.540000000000001,3.8492244773651807,0.85,2.0,red
West Lawn,Garfield Ridge,35.099999999999994,7.09074074074074,9.483333333333334,5.208810179715997,2.1999999999999997,9.0,red
West Lawn,Irving Park,92.88333333333334,33.71666666666667,36.18,2.754819574888779,18.5,1.0,orange
West Lawn,"Little Italy, UIC",62.5,37.98333333333333,30.812380952380945,1.6701851155599097,9.79047619047619,21.0,green
West Lawn,Loop,58.18529411764707,34.96078431372548,27.912235294117654,1.7516783409882206,11.974117647058824,85.0,green
West Lawn,Lower West Side,53.044444444444444,23.355555555555554,23.695000000000004,2.3342215507253967,8.450000000000001,6.0,yellow
West Lawn,Museum Campus,73.88333333333334,30.580555555555552,25.726666666666663,2.44882338146452,11.75,6.0,orange
West Lawn,New City,43.3,16.433333333333334,16.23,2.634888438133874,4.7,1.0,orange
West Lawn,River North,60.55595238095238,41.84761904761904,30.954285714285714,1.4692069994172858,12.428571428571427,14.0,green
West Lawn,South Shore,69.25555555555556,35.43148148148148,25.78555555555555,1.973346913465352,8.833333333333334,9.0,green
West Lawn,Streeterville,65.15000000000002,50.23357142857143,36.39042857142857,1.332223712348607,13.537142857142856,70.0,green
West Lawn,United Center,76.63333333333334,37.766666666666666,32.43,2.047733998284669,9.944444444444446,9.0,yellow
West Lawn,Uptown,95.45833333333333,57.03888888888889,40.63333333333333,1.7851529083384197,21.0,6.0,green
West Lawn,West Elsdon,28.35,6.65,10.78,4.2631578947368425,1.8,2.0,red
West Lawn,West Lawn,23.533333333333335,8.35,13.223333333333334,2.8290280045202394,1.8666666666666665,3.0,red
West Loop,Albany Park,59.09298245614035,23.121929824561402,29.62973684210526,2.6916117686680927,7.723684210526316,38.0,orange
West Loop,Andersonville,62.52677902621723,25.88539325842697,31.762921348314606,2.4356891084898478,8.42247191011236,89.0,orange
West Loop,Armour Square,31.55506445672191,14.995488029465928,23.533370165745858,2.1718305131814795,4.154696132596686,362.0,yellow
West Loop,Ashburn,75.44166666666666,26.295833333333334,23.115000000000002,2.873462437641283,12.95,4.0,red
West Loop,Auburn Gresham,70.0875,21.933333333333334,39.2175,3.2672915923562904,12.325,4.0,red
West Loop,Austin,55.35632911392405,29.310337552742606,24.67835443037975,2.0427801308735183,7.297468354430381,79.0,yellow
West Loop,Avalon Park,59.891666666666666,22.1875,32.105,2.698997232051991,12.475000000000001,4.0,orange
West Loop,Avondale,48.48078828828829,21.59132882882883,24.014135135135135,2.5625657384477427,6.034054054054054,740.0,orange
West Loop,Belmont Cragin,59.22878787878788,38.56742424242424,27.57863636363636,1.6364080829491208,10.64090909090909,22.0,green
West Loop,Beverly,71.23333333333333,32.68333333333333,43.73,2.1795002549719533,13.4,1.0,yellow
West Loop,Boystown,49.84189508506617,22.04230072463768,26.237422022684314,2.3143792043472358,5.180623818525519,4232.0,yellow
West Loop,Bridgeport,35.86971153846153,14.275160256410256,21.845961538461538,2.5962815375391135,4.266346153846154,208.0,orange
West Loop,Brighton Park,52.15,17.326666666666668,21.776,3.03891233559639,7.119999999999999,5.0,red
West Loop,Bucktown,35.9984999361675,15.89243584833397,20.8366564534661,2.4255645588401715,3.6803140559172727,2611.0,orange
West Loop,Calumet Heights,49.75,22.711904761904766,25.967142857142857,2.1990425459527985,14.671428571428574,7.0,yellow
West Loop,Chatham,57.26366120218579,19.326775956284155,22.94688524590164,3.064594676582188,10.586885245901637,61.0,red
West Loop,Chicago Lawn,49.10000000000001,23.738095238095237,25.041428571428572,2.114081572821837,10.885714285714286,7.0,yellow
West Loop,Chinatown,33.207514556040756,12.413582605531296,17.75379366812227,2.737369451336847,2.9518558951965064,1832.0,orange
West Loop,Douglas,42.87030423280423,13.922949735449736,17.473333333333333,3.267024901952712,4.729365079365079,252.0,red
West Loop,Dunning,79.66666666666667,24.9,38.73,3.19946452476573,16.4,1.0,red
West Loop,East Village,27.207730379448506,10.389453217063398,16.14826066462409,2.663361961060637,2.22330897949564,4243.0,orange
West Loop,Edgewater,54.98543209876543,25.33864197530864,27.392814814814813,2.2282424165840693,9.59851851851852,540.0,yellow
West Loop,Edison Park,77.43333333333334,23.95,37.73,3.23312456506611,14.3,1.0,red
West Loop,Englewood,61.99871794871795,19.708974358974363,22.543846153846157,3.2042659115087444,10.96923076923077,13.0,red
West Loop,Gage Park,60.61555555555556,33.02,27.366666666666667,2.0292618881571363,9.133333333333333,15.0,yellow
West Loop,Garfield Park,28.536764705882355,14.258333333333335,16.052647058823528,2.2002171155832495,3.929411764705883,34.0,yellow
West Loop,Garfield Ridge,68.56182951959157,36.96539644460848,53.376696807529065,2.1073964517323107,11.098039306145044,21676.0,yellow
West Loop,Gold Coast,37.53129165205191,15.190042967379867,20.052569273938968,2.5349739093153842,2.7131620484040684,11404.0,orange
West Loop,Grand Boulevard,36.46089743589743,14.115384615384615,16.926923076923078,2.625455865508516,6.226923076923076,26.0,orange
West Loop,Grand Crossing,54.12666666666667,22.675333333333338,26.4252,2.630632903203298,10.36,25.0,orange
West Loop,Grant Park,26.994587134841087,10.96504808104172,17.414286976355694,2.4850531435613177,1.9441098046774608,62256.0,orange
West Loop,Hegewisch,91.7,62.95,55.19,1.4567116759332803,21.9,1.0,green
West Loop,Hermosa,59.00873015873016,30.37222222222222,26.893333333333334,2.085164789568456,7.5,21.0,yellow
West Loop,Humboldt Park,35.76661029688087,15.09704998121007,19.52576099210823,2.450042230162805,3.6146561443066516,887.0,orange
West Loop,Hyde Park,55.722077409162715,18.794760400210635,25.141650868878354,3.0138846690540886,8.857030015797788,1266.0,red
West Loop,Irving Park,57.45147492625369,25.81401179941003,28.959469026548675,2.405801890629629,7.2663716814159285,113.0,orange
West Loop,Jackson Park,48.327458033573144,18.691726618705037,25.493345323741003,2.6833225593200467,8.885971223021581,278.0,orange
West Loop,Jefferson Park,63.13333333333333,16.6,25.8,3.8363373365133104,10.575,4.0,red
West Loop,Kenwood,48.39671361502349,17.164084507042254,22.451267605633806,2.927063659672236,7.669014084507042,71.0,red
West Loop,Lake View,46.39993767967352,22.401054419717344,25.568255231891925,2.1599679599364086,5.30183945479766,16581.0,yellow
West Loop,Lincoln Park,41.33688478303069,17.846666490197116,21.463351156757906,2.391106434196604,3.5165122558102597,18889.0,orange
West Loop,Lincoln Square,55.00326704545456,28.009422348484847,31.45963068181818,2.025206089090515,7.65340909090909,352.0,yellow
West Loop,"Little Italy, UIC",21.511389608410788,9.6009777032861,13.761364467469146,2.327061955826485,1.9704479658692666,13126.0,yellow
West Loop,Little Village,39.98843537414967,18.79965986394558,21.69081632653061,2.169028611194851,5.1408163265306115,49.0,yellow
West Loop,Logan Square,39.502510165131525,18.31394904987138,22.879484690067216,2.280770880267348,4.923325865073438,4017.0,yellow
West Loop,Loop,20.77837237901196,9.883771201964175,15.063742857693768,2.1141853219662585,1.4610539440955863,777935.0,yellow
West Loop,Lower West Side,27.79873247033441,11.600458468176916,16.430426105717366,2.528262593841865,2.564077669902913,1854.0,orange
West Loop,Mount Greenwood,90.93333333333334,29.808333333333334,46.48,3.052754345723228,18.4,2.0,red
West Loop,Museum Campus,41.24648804877142,13.732431260300112,20.26156295305007,3.082390491448384,3.3787795992714025,53802.0,red
West Loop,Near South Side,30.81251719394773,12.55561668959193,23.67312242090784,2.5034061613614003,3.808076242876793,5089.0,orange
West Loop,New City,50.378,18.843333333333334,20.390400000000003,2.717844185042304,5.92,25.0,orange
West Loop,North Center,51.06780821917808,24.729020801623538,27.73542617960426,2.2378324372117504,5.7645357686453575,1314.0,yellow
West Loop,North Lawndale,43.040466666666674,12.559133333333335,16.224400000000003,3.4930466123153514,4.2472,250.0,red
West Loop,North Park,55.43333333333333,21.383333333333333,27.02,2.6714140361969334,8.75,4.0,orange
West Loop,Norwood Park,79.51,22.08888888888889,34.788666666666664,3.831354612099005,11.680000000000001,15.0,red
West Loop,O'Hare,78.77757244314331,47.23897376731452,69.15110611327967,1.8307275574911765,17.75826726030739,196752.0,green
West Loop,Oakland,49.1,13.23777777777778,15.514666666666669,3.7507650588818273,5.5,15.0,red
West Loop,Old Town,34.727610693400166,14.22702589807853,18.669912744825027,2.514363132060758,2.566165413533835,10773.0,orange
West Loop,Portage Park,61.46086956521738,22.798550724637682,34.71869565217391,2.906668485064961,9.247826086956522,23.0,red
West Loop,Pullman,69.61666666666666,23.24259259259259,26.38740740740741,3.0179287867955344,13.314814814814815,27.0,red
West Loop,River North,25.232781928213836,10.491120331979127,16.933660789147392,2.4744495661397554,1.710725061315636,478263.0,orange
West Loop,Rogers Park,51.77755991285403,27.111328976034862,29.129477124182998,1.9452824780427076,11.003267973856207,153.0,green
West Loop,Roseland,61.983333333333334,18.796666666666667,24.246000000000002,3.3258573310810697,12.9,5.0,red
West Loop,Rush & Division,36.068240036408554,14.13433294324166,20.02588843378194,2.619621240047906,2.5225180417398088,10254.0,orange
West Loop,"Sauganash,Forest Glen",75.37619047619049,23.366666666666667,35.373571428571424,3.456789417510332,11.264285714285714,14.0,red
West Loop,Sheffield & DePaul,41.13595952705776,18.264658177959678,22.32856298317417,2.376865791573235,3.7952251023192365,4398.0,orange
West Loop,South Chicago,60.513888888888886,33.32361111111111,37.309999999999995,1.8688325747993921,12.416666666666666,12.0,green
West Loop,South Deering,66.84333333333333,22.97,35.788,2.973662909197345,16.2,5.0,red
West Loop,South Shore,52.128039215686265,28.832941176470584,28.679764705882356,1.8870090744584538,11.318823529411764,85.0,green
West Loop,Streeterville,29.331892162558116,13.97633520521231,18.93207667075468,2.1302938594726104,2.286193865635471,170417.0,yellow
West Loop,Ukrainian Village,33.32437349811191,11.454703055269484,17.66039134912462,2.96897101393568,2.696292481977342,971.0,red
West Loop,United Center,17.646679669030732,9.678532505910166,17.50067446808511,1.8689734407599732,1.4962765957446809,28200.0,green
West Loop,Uptown,56.30865216304076,23.323980995248807,25.70629407351838,2.5156044904502988,8.058889722430608,1333.0,orange
West Loop,Washington Heights,81.77407407407406,42.0,29.75333333333333,2.060580174396593,13.572222222222223,18.0,yellow
West Loop,Washington Park,38.95092592592593,14.281018518518518,20.058888888888887,2.7597083757690104,7.058333333333334,36.0,orange
West Loop,West Elsdon,72.35,19.523333333333333,30.229999999999997,3.712141597803087,10.860000000000001,5.0,red
West Loop,West Lawn,57.6,22.906666666666666,28.294,2.536498983639862,11.0,5.0,orange
West Loop,West Loop,16.720966838535432,7.088491762064062,14.283580739956419,2.374778811600856,1.051308964797594,260664.0,orange
West Loop,West Pullman,69.97777777777777,32.44444444444444,32.620000000000005,2.2953642965664023,16.1,3.0,yellow
West Loop,West Ridge,68.37857142857142,32.528571428571425,35.27142857142857,2.326725926091529,10.485714285714284,7.0,yellow
West Loop,West Town,19.44743748998237,8.557752310733557,14.53207845808623,2.518723724475943,1.368143933322648,24956.0,orange
West Loop,Wicker Park,32.33441865040331,13.235448226113187,18.236688963210703,2.5270855194124757,2.7621680110171156,10166.0,orange
West Loop,Woodlawn,55.28313725490196,20.772352941176468,28.04435294117647,2.73561991721852,10.19176470588235,85.0,orange
West Loop,Wrigleyville,49.12528957528958,25.913223938223936,27.269440154440154,1.9927329056391512,5.721621621621622,518.0,green
West Pullman,Armour Square,76.28333333333333,20.083333333333332,21.23,3.798340248962656,12.0,1.0,red
West Pullman,Ashburn,75.71666666666667,26.833333333333332,26.23,2.821739130434783,8.8,1.0,red
West Pullman,Auburn Gresham,61.06666666666667,20.466666666666665,18.68,2.9837133550488604,6.8,1.0,red
West Pullman,Austin,116.7,27.0,28.73,4.322222222222222,22.9,1.0,red
West Pullman,Beverly,50.53333333333333,20.633333333333333,20.01,2.4491114701130856,5.8,1.0,orange
West Pullman,Burnside,45.166666666666664,17.913333333333334,19.395999999999997,2.552905410875659,6.94,5.0,orange
West Pullman,Chatham,35.75,18.79583333333333,13.092500000000001,1.9040586340370909,5.9750000000000005,4.0,green
West Pullman,Douglas,81.89166666666668,43.3975,36.7245,1.8917066887730172,13.99,20.0,green
West Pullman,Englewood,59.873333333333335,25.666666666666664,27.733999999999998,2.752645303773407,9.540000000000001,5.0,orange
West Pullman,Garfield Park,110.86666666666666,38.11666666666667,30.81,2.908613904678618,21.2,1.0,red
West Pullman,Garfield Ridge,88.68333333333334,44.68333333333333,42.88,1.9847071988064158,14.5,1.0,green
West Pullman,Grand Crossing,50.43333333333333,21.566666666666666,26.23,2.338485316846986,6.9,1.0,yellow
West Pullman,Grant Park,75.27777777777777,30.116666666666664,33.413333333333334,2.499730036720671,15.733333333333334,3.0,orange
West Pullman,Hyde Park,63.16893939393938,24.38560606060606,22.286363636363635,2.6085589877488435,12.02727272727273,22.0,orange
West Pullman,"Little Italy, UIC",95.71666666666668,46.75606060606061,38.70227272727273,2.1599853675365983,16.763636363636362,22.0,yellow
West Pullman,Little Village,97.16666666666667,39.28333333333333,41.23,2.4734832414085703,16.9,1.0,orange
West Pullman,Morgan Park,21.08212560386474,6.015700483091786,9.38536231884058,3.6930395724561307,1.3840579710144927,69.0,red
West Pullman,Museum Campus,64.88333333333334,30.8,29.21,2.1066017316017316,14.8,1.0,yellow
West Pullman,Oakland,87.16666666666667,24.383333333333333,27.77,3.5748462064251543,12.8,1.0,red
West Pullman,Pullman,46.41166666666667,13.807083333333333,12.025749999999999,3.383449737096374,4.597499999999999,40.0,red
West Pullman,Riverdale,65.46666666666667,10.683333333333332,17.03,6.247890409746205,3.3333333333333335,3.0,red
West Pullman,Roseland,31.98554421768707,9.93639455782313,13.317244897959185,3.500040611602047,3.1204081632653065,98.0,red
West Pullman,South Chicago,70.51249999999999,21.266666666666666,22.7925,3.341728887771544,9.6,4.0,red
West Pullman,South Deering,59.87733333333333,16.510666666666665,17.1472,3.6743971117436365,5.852,25.0,red
West Pullman,Streeterville,75.98333333333333,39.825,39.715,1.9956361718145452,17.875,4.0,green
West Pullman,United Center,78.03333333333333,34.666666666666664,44.175,2.4091565443628657,17.65,2.0,orange
West Pullman,Washington Heights,35.522222222222226,9.924999999999999,15.841666666666669,3.6203662482905625,2.9333333333333336,6.0,red
West Pullman,Washington Park,75.06666666666666,17.141666666666666,20.33,4.384715280932909,9.9,2.0,red
West Pullman,West Loop,71.33333333333333,24.9,26.16,2.8647925033467203,16.9,1.0,red
West Pullman,West Pullman,20.793000000000003,6.666333333333333,7.3474,3.2327311263502048,1.58,50.0,red
West Ridge,Albany Park,41.51071428571429,16.761904761904763,13.334999999999999,2.545910319958541,3.5428571428571423,28.0,orange
West Ridge,Andersonville,25.723456790123457,9.601543209876544,10.60462962962963,2.7936625573210865,1.87962962962963,54.0,red
West Ridge,Austin,87.14166666666667,38.00000000000001,27.635,2.2970093837072962,12.833333333333334,6.0,yellow
West Ridge,Avondale,56.390740740740746,23.251851851851853,18.33722222222222,2.4791317109368802,5.483333333333333,18.0,orange
West Ridge,Bucktown,60.07543859649123,28.413157894736845,18.716315789473686,2.145909492468343,6.389473684210527,19.0,yellow
West Ridge,Edgewater,26.574104683195593,11.925068870523415,11.373719008264462,2.422108030665078,2.2462809917355373,121.0,orange
West Ridge,Englewood,86.89166666666667,39.04166666666667,34.525,2.4118245384676333,19.8,2.0,orange
West Ridge,Garfield Park,86.06190476190477,50.78571428571428,33.055714285714295,1.7013541859962722,9.085714285714285,7.0,green
West Ridge,Garfield Ridge,115.25,47.92777777777778,51.67333333333334,2.437244403799123,22.03333333333333,3.0,orange
West Ridge,Grant Park,77.0,34.958333333333336,25.542499999999997,2.3058610649121647,11.6875,8.0,yellow
West Ridge,Hyde Park,93.71666666666667,41.733333333333334,36.73,2.2456070287539935,16.7,1.0,yellow
West Ridge,Irving Park,44.20000000000001,16.3,17.654999999999998,2.7588011953010554,4.050000000000001,6.0,orange
West Ridge,Jefferson Park,41.4875,21.918333333333333,17.956,2.0045770337673003,6.045,20.0,green
West Ridge,Lake View,58.648684210526305,24.594298245614038,29.953684210526315,2.4462092751410767,5.70921052631579,76.0,orange
West Ridge,Lincoln Park,54.93750000000001,26.511111111111116,20.4425,2.106293154688308,7.366666666666667,12.0,yellow
West Ridge,Lincoln Square,26.430990990990992,11.468108108108108,12.653891891891893,2.4009682378039603,2.3091891891891896,185.0,orange
West Ridge,"Little Italy, UIC",80.69322916666665,47.071875,35.47406250000001,1.7749693120444137,11.781249999999998,32.0,green
West Ridge,Logan Square,55.56666666666667,28.747619047619047,22.77857142857143,2.0977003500044615,6.385714285714286,7.0,yellow
West Ridge,Loop,57.10600255427841,34.51973180076628,29.22065134099617,1.695256201390326,10.51264367816092,261.0,green
West Ridge,Museum Campus,85.15128205128204,30.797435897435896,25.780769230769234,2.8578338171821764,12.53076923076923,13.0,red
West Ridge,Near South Side,81.11666666666666,24.3,26.01,3.338134430727023,14.7,1.0,red
West Ridge,North Center,42.09533333333333,18.976666666666667,14.406399999999998,2.320533556900181,3.572,25.0,yellow
West Ridge,North Park,19.642961487383797,8.421845949535193,11.336653386454184,2.4079173298943077,1.7079681274900398,251.0,orange
West Ridge,Norwood Park,70.6111111111111,25.083333333333332,25.206666666666667,2.959053121174907,6.616666666666667,6.0,red
West Ridge,O'Hare,86.29408369408371,37.31132756132756,47.277705627705636,2.3563970389446403,12.753246753246753,231.0,orange
West Ridge,Old Town,62.11666666666667,24.620833333333334,17.5775,2.642138071017703,8.899999999999999,4.0,orange
West Ridge,Portage Park,58.0421568627451,31.253921568627455,29.27058823529412,1.8761002241084788,6.064705882352941,17.0,green
West Ridge,River North,58.309890965732095,30.669781931464176,26.25373831775701,1.9548850407616856,9.44859813084112,214.0,green
West Ridge,Rogers Park,26.489245585874798,9.369154628143393,10.95825040128411,2.978384200697132,1.7805778491171753,623.0,red
West Ridge,Rush & Division,51.13333333333333,23.033333333333335,22.19,2.2199710564399417,9.2,1.0,yellow
West Ridge,Streeterville,58.74465408805031,29.066876310272537,25.38119496855346,2.1150700827896514,9.316352201257862,159.0,yellow
West Ridge,United Center,87.73333333333333,37.45833333333333,33.489999999999995,2.3522894919972166,11.25,2.0,orange
West Ridge,Uptown,42.214153005464475,16.736775956284152,14.381770491803277,2.623861040582309,3.5177049180327864,305.0,orange
West Ridge,West Loop,82.29262820512821,38.11153846153846,24.947884615384616,2.2690693467071235,10.88076923076923,52.0,yellow
West Ridge,West Ridge,18.468064076346288,7.274539877300613,9.230899795501022,2.7451825771478116,1.3773006134969326,489.0,orange
West Ridge,West Town,72.28333333333333,28.7,19.91,2.5185830429732867,8.6,1.0,orange
West Ridge,Wicker Park,72.11666666666666,49.138888888888886,35.163333333333334,1.469426512781811,7.533333333333334,3.0,green
West Ridge,Wrigleyville,44.06666666666667,26.9,18.235,1.644996106669545,5.25,2.0,green
West Town,Albany Park,55.794444444444444,24.611111111111114,22.683333333333334,2.4483235118447175,6.883333333333333,6.0,orange
West Town,Andersonville,55.3895061728395,25.383950617283954,37.52074074074074,2.2172382026707176,7.018518518518518,27.0,yellow
West Town,Austin,45.5875,26.87777777777778,27.56916666666666,1.7084048976830868,6.175,12.0,green
West Town,Avondale,38.18072916666667,20.02309027777778,22.5053125,2.1682304933951517,4.004166666666666,96.0,yellow
West Town,Belmont Cragin,49.75,17.383333333333333,23.78,2.861936720997124,6.0,1.0,red
West Town,Boystown,35.53676236044657,23.95582137161084,22.32009569377991,1.579405415626944,3.9531100478468897,209.0,green
West Town,Bridgeport,37.72410256410257,18.940256410256413,29.553230769230765,2.0438321066798206,6.960000000000002,65.0,yellow
West Town,Bucktown,28.73438367023385,10.740764962346413,15.272294887039239,2.9307817364511304,2.3772889417360283,841.0,red
West Town,Chatham,64.31666666666666,38.78333333333333,43.73,1.658358401375161,12.0,1.0,green
West Town,Chinatown,40.833333333333336,15.9,25.380000000000003,2.5733622381964776,4.6,2.0,orange
West Town,Douglas,54.91666666666667,14.875,24.02,4.1683376856361765,7.0,2.0,red
West Town,East Village,16.564823717948716,7.571434294871794,12.776177884615386,2.317529963057648,1.4365384615384615,416.0,yellow
West Town,Edgewater,47.019999999999996,26.196666666666665,20.988000000000003,1.8342474161387545,8.22,5.0,green
West Town,Englewood,66.43333333333334,31.383333333333333,27.02,2.1168348380244293,10.7,1.0,yellow
West Town,Gage Park,47.03333333333333,26.65,47.26,1.7648530331457162,7.9,1.0,green
West Town,Garfield Park,36.88333333333333,16.700000000000003,18.455,2.2443665466657694,5.0,2.0,yellow
West Town,Garfield Ridge,73.19659735349715,35.778890989287966,49.160586011342154,2.1884044607363555,12.223251417769378,529.0,yellow
West Town,Gold Coast,31.738607594936706,12.32120253164557,16.63151898734177,2.665361797593473,2.378059071729958,474.0,orange
West Town,Grant Park,29.708596743295015,14.770450191570882,19.619454022988506,2.0942768460872374,2.8568965517241374,696.0,yellow
West Town,Humboldt Park,27.511251758087198,11.843741209563994,14.824556962025317,2.4645986626790544,2.7949367088607593,237.0,orange
West Town,Hyde Park,58.054761904761904,20.545238095238094,26.001428571428573,3.059261066828896,10.457142857142856,14.0,red
West Town,Irving Park,45.073873873873865,20.346846846846844,25.89702702702703,2.3862807022691044,5.859459459459458,37.0,orange
West Town,Jackson Park,54.540476190476184,28.25,39.107142857142854,2.213714378466453,10.585714285714287,7.0,yellow
West Town,Jefferson Park,54.733333333333334,47.047619047619044,28.712857142857143,1.3849213886593668,9.757142857142856,7.0,green
West Town,Kenwood,49.51904761904761,17.637301587301586,25.61904761904762,2.8893584726090618,9.523809523809524,21.0,red
West Town,Lake View,38.91976866456361,17.94102260778128,19.8280047318612,2.2807346264557053,3.80307570977918,1268.0,yellow
West Town,Lincoln Park,30.947086056644885,12.991748366013073,16.06776960784314,2.55827178240833,2.418545751633987,1224.0,orange
West Town,Lincoln Square,51.27456140350877,23.62938596491228,25.12368421052632,2.197701939200276,6.186842105263158,38.0,yellow
West Town,"Little Italy, UIC",30.391734972677597,10.719262295081966,13.892745901639344,2.8809276590115407,2.5450819672131146,244.0,red
West Town,Little Village,46.19444444444445,19.272222222222222,17.776666666666667,2.408109335788028,5.0,3.0,orange
West Town,Logan Square,26.962241653418126,14.029305776364602,17.821510333863277,2.0142698268241115,3.4926868044515107,629.0,green
West Town,Loop,24.02821041935358,12.854576542775627,16.44232407081721,1.885135248389632,2.19502638058389,42645.0,green
West Town,Lower West Side,36.28228346456693,14.339501312335958,17.381574803149608,2.7346288660946847,3.709448818897638,127.0,orange
West Town,Mckinley Park,42.9,15.366666666666667,48.73,2.79175704989154,4.7,1.0,red
West Town,Museum Campus,45.5421351211965,17.706902183255973,21.43957710159876,2.7012799098389135,4.761165549252191,1939.0,orange
West Town,Near South Side,35.150000000000006,14.966666666666665,14.811666666666664,2.377247472609003,3.8000000000000003,18.0,orange
West Town,North Center,43.5074358974359,19.569487179487183,23.902,2.3102682870014033,4.816923076923077,65.0,yellow
West Town,North Lawndale,40.37555555555556,15.456666666666667,16.93433333333333,2.879308278141031,3.443333333333333,30.0,red
West Town,O'Hare,66.66259836132069,40.35326316216435,61.44801533219762,1.7997156260073746,16.683864687271843,8218.0,green
West Town,Old Town,32.006194225721785,10.509658792650919,15.485669291338585,3.1818669810775035,2.1034645669291336,635.0,red
West Town,Portage Park,46.55416666666667,26.849999999999998,33.3975,1.897251865031146,7.324999999999999,4.0,green
West Town,River North,20.511589261872974,9.78059952953144,15.323096032805648,2.1574839894821523,1.6796967385084873,20972.0,yellow
West Town,Rogers Park,67.42380952380952,27.833333333333332,28.179523809523808,2.476776974636014,9.266666666666667,21.0,orange
West Town,Rush & Division,25.97904636920385,12.04580052493438,15.943254593175851,2.19226658233611,2.073490813648294,381.0,yellow
West Town,Sheffield & DePaul,27.270288161993772,14.37305295950156,17.392102803738318,2.051891490262915,2.637616822429907,428.0,yellow
West Town,South Shore,65.40238095238095,38.89047619047619,25.95714285714286,1.8788135050018382,12.557142857142855,7.0,green
West Town,Streeterville,25.038150786583557,13.124734342534877,16.821367764915408,1.9456950843043905,2.1916117542297417,5615.0,green
West Town,Ukrainian Village,18.865530303030305,7.757386363636363,11.918068181818182,2.6171638988755372,1.5818181818181818,88.0,orange
West Town,United Center,28.41704545454545,9.643813131313133,15.306382575757576,3.0689332751408265,1.8632575757575758,528.0,red
West Town,Uptown,51.39446778711485,24.552591036414565,23.410042016806724,2.172307230463458,5.556302521008403,238.0,yellow
West Town,Washington Heights,76.45,44.11666666666667,59.21,1.7329051756705705,15.4,1.0,green
West Town,Washington Park,53.65,26.566666666666666,25.372500000000002,2.0316524517362122,8.35,4.0,yellow
West Town,West Loop,21.45442697859409,8.095507664119408,14.211273629172812,2.753704813492521,1.45499061536399,29836.0,orange
West Town,West Ridge,53.35,29.022222222222222,33.06333333333333,1.8596369041513068,7.933333333333334,3.0,green
West Town,West Town,13.856987536462476,7.002877220896314,12.21843277645187,2.150342257582749,1.2456642800318218,1257.0,yellow
West Town,Wicker Park,18.80641850490196,9.383854166666666,13.471507352941176,2.2135973226369936,1.6659926470588236,1088.0,yellow
West Town,Woodlawn,74.52314814814815,34.949074074074076,36.55833333333333,2.1607171122604774,12.633333333333333,18.0,yellow
West Town,Wrigleyville,40.36666666666667,21.14433962264151,22.789433962264155,1.9764087834314596,4.162264150943397,53.0,green
Wicker Park,Albany Park,45.68717948717949,22.760256410256414,22.862307692307695,2.1595976728549786,5.984615384615385,13.0,yellow
Wicker Park,Andersonville,40.400000000000006,23.327083333333334,27.779375,1.7519408967156642,5.706250000000001,16.0,green
Wicker Park,Archer Heights,64.5,34.002631578947366,40.38421052631579,1.9031486517756093,11.100000000000001,19.0,green
Wicker Park,Armour Square,48.03888888888889,16.727777777777778,21.396666666666665,3.0504011236229793,6.266666666666667,3.0,red
Wicker Park,Austin,44.03768115942029,24.18550724637681,20.82869565217391,1.8784036106138273,5.3826086956521735,23.0,green
Wicker Park,Avondale,30.745714285714286,16.554285714285715,17.330914285714286,2.0246186368246626,3.869714285714285,175.0,yellow
Wicker Park,Belmont Cragin,50.78666666666666,27.540000000000003,24.676,1.9487557224518977,5.4799999999999995,5.0,green
Wicker Park,Boystown,42.68656565656565,19.945959595959593,19.171757575757578,2.1677287853965015,4.0630303030303025,165.0,yellow
Wicker Park,Bucktown,20.73693045563549,7.953405275779376,12.687453237410073,2.7951955565371747,1.4092086330935254,695.0,red
Wicker Park,Chinatown,49.496078431372545,17.418382352941176,17.26705882352941,2.894565608311683,5.526470588235294,68.0,red
Wicker Park,Douglas,64.96666666666667,18.07777777777778,23.349999999999998,3.5939259564930133,7.066666666666666,3.0,red
Wicker Park,East Village,15.145599999999998,6.000266666666667,11.492560000000001,2.6248254254634245,1.1560000000000004,125.0,orange
Wicker Park,Edgewater,31.807222222222222,27.180555555555557,19.61816666666667,1.1683552453633086,6.323333333333333,60.0,green
Wicker Park,Englewood,74.51666666666668,20.566666666666666,23.442,3.650350297076019,10.620000000000001,5.0,red
Wicker Park,Gage Park,73.36666666666666,34.125,24.04,2.1500960173666193,13.3,2.0,yellow
Wicker Park,Garfield Park,33.85555555555556,12.256410256410257,16.560769230769232,2.768528599385551,2.5589743589743588,39.0,red
Wicker Park,Garfield Ridge,78.43514619883042,39.74157894736842,53.910000000000004,2.1611379416108134,12.962456140350877,285.0,yellow
Wicker Park,Gold Coast,29.687145969498932,16.605337690631806,20.247647058823528,1.8619112095612131,2.9261437908496726,153.0,green
Wicker Park,Grand Boulevard,50.53333333333333,16.35,29.479999999999997,3.1442540357746536,7.6,2.0,red
Wicker Park,Grant Park,34.37190949227373,18.689017660044147,20.92235099337748,1.8778230259295643,4.293046357615895,302.0,green
Wicker Park,Humboldt Park,19.817132216014897,9.505307262569834,12.812597765363128,2.1431189199065486,1.7891061452513966,358.0,yellow
Wicker Park,Hyde Park,58.883333333333326,23.29285714285714,24.66571428571428,2.59626133028111,11.414285714285715,14.0,orange
Wicker Park,Irving Park,35.25873015873016,16.644444444444446,16.9352380952381,2.219002792509151,4.971428571428571,21.0,yellow
Wicker Park,Jefferson Park,40.78333333333333,14.1,21.23,2.892434988179669,6.7,1.0,red
Wicker Park,Kenwood,70.38333333333334,29.666666666666668,26.23,2.3724719101123597,10.2,1.0,orange
Wicker Park,Lake View,42.55915798611111,19.187355324074076,18.9028125,2.2810263879913486,3.957118055555556,1152.0,yellow
Wicker Park,Lincoln Park,33.711535303776685,14.530613711001642,16.515868226600986,2.3567843272341173,2.7048645320197044,1624.0,orange
Wicker Park,Lincoln Square,39.31748633879781,21.391256830601094,21.611311475409835,1.8739469851797526,5.298360655737704,61.0,green
Wicker Park,"Little Italy, UIC",28.320833333333336,16.014351851851853,17.602777777777774,1.8599187422461678,3.238888888888889,72.0,green
Wicker Park,Logan Square,23.156381310755723,11.612950768265913,14.103358419567261,2.120782310973335,2.1394167450611477,1063.0,yellow
Wicker Park,Loop,32.31701858736059,17.498143742255266,20.350890706319703,1.8974549372666405,3.8647286245353154,6725.0,green
Wicker Park,Lower West Side,38.13916666666667,16.409333333333336,18.410300000000003,2.4182706227140214,4.705000000000001,100.0,orange
Wicker Park,Montclare,58.95,27.65,28.73,2.132007233273056,7.3,1.0,yellow
Wicker Park,Museum Campus,52.420393374741195,20.560222567287784,24.198618012422358,2.7190204137342295,5.955590062111801,644.0,orange
Wicker Park,Near South Side,49.02391304347827,19.270289855072466,23.408260869565222,2.5830963695075093,5.5608695652173905,23.0,orange
Wicker Park,North Center,29.958928571428572,16.03531746031746,18.165952380952383,1.9392947858957388,3.322619047619048,84.0,green
Wicker Park,North Lawndale,47.40208333333334,19.245833333333337,19.162499999999998,2.5096042086986907,5.2875,16.0,orange
Wicker Park,North Park,50.3,21.983333333333334,22.84,2.2880970432145564,8.7,1.0,yellow
Wicker Park,O'Hare,64.81531148006243,38.37539023698027,57.644838229033624,1.781519630598769,15.542315879097488,4698.0,green
Wicker Park,Old Town,26.839798850574706,12.458381226053643,16.392729885057467,2.2212520479828126,2.3727011494252874,348.0,yellow
Wicker Park,Portage Park,46.6,36.27222222222222,32.54333333333333,1.6944563799439312,7.766666666666666,3.0,green
Wicker Park,River North,33.55196117405419,13.185360763267738,17.211407274895645,2.6384744033488636,2.9331146889286424,5031.0,orange
Wicker Park,Rogers Park,55.93222222222221,31.266666666666666,30.629333333333328,1.8629598074504243,8.046666666666667,15.0,green
Wicker Park,Rush & Division,36.80968468468468,14.38783783783784,18.226756756756757,2.686003375414984,2.7851351351351354,74.0,orange
Wicker Park,"Sauganash,Forest Glen",46.56666666666667,26.866666666666667,29.18,2.188158395273036,8.100000000000001,2.0,yellow
Wicker Park,Sheffield & DePaul,35.97339593114241,14.810876369327072,16.977159624413147,2.5661002373018147,2.6960093896713615,426.0,orange
Wicker Park,Streeterville,40.416586073500966,18.03899097356544,20.555589941972922,2.3312233208746407,3.605222437137331,1034.0,yellow
Wicker Park,Ukrainian Village,18.082602921646746,6.9962151394422305,11.547808764940239,2.670507408498838,1.3247011952191232,251.0,orange
Wicker Park,United Center,22.63724023275145,12.009310058187864,16.85271820448878,1.93121963161154,2.460349127182045,401.0,green
Wicker Park,Uptown,50.949940047961626,22.923441247002398,20.901043165467627,2.2888786963041645,5.576978417266187,278.0,yellow
Wicker Park,Washington Park,69.08333333333333,28.666666666666668,31.23,2.409883720930232,9.6,1.0,orange
Wicker Park,West Loop,32.9397838997854,13.430543494535112,18.24043120227579,2.506448658998531,2.7425213355292715,6679.0,orange
Wicker Park,West Ridge,70.80555555555554,28.400000000000002,32.63333333333333,2.612142315876005,10.733333333333333,6.0,orange
Wicker Park,West Town,17.02108333333333,8.880083333333333,13.228657142857145,2.0431096303349077,1.5175714285714286,1400.0,yellow
Wicker Park,Wicker Park,14.77820136852395,6.762854349951124,10.718680351906157,2.363120347948887,1.0592375366568914,341.0,orange
Wicker Park,Woodlawn,72.69761904761906,28.352380952380948,33.73285714285714,2.644698129014884,12.914285714285715,7.0,orange
Wicker Park,Wrigleyville,45.62930402930402,23.698717948717945,22.78373626373627,2.0174112081142765,3.925274725274725,91.0,yellow
Woodlawn,Auburn Gresham,48.79038461538461,19.38076923076923,17.133846153846157,2.660741410193559,4.6461538461538465,26.0,orange
Woodlawn,Austin,89.0,33.98,35.948,2.626610999790716,15.5,5.0,orange
Woodlawn,Avalon Park,35.60042735042735,12.394871794871793,13.629230769230768,3.066548460802903,3.2820512820512815,39.0,red
Woodlawn,Chatham,35.83222891566265,13.939056224899595,16.86632530120482,2.6469532328647287,3.790361445783133,166.0,orange
Woodlawn,Chicago Lawn,44.416666666666664,19.875,16.23,2.2586350875946124,5.4,2.0,yellow
Woodlawn,Chinatown,40.8396551724138,19.185057471264365,23.272758620689658,2.179624863165837,6.993103448275862,29.0,yellow
Woodlawn,Douglas,29.932258064516127,13.576344086021503,21.965806451612906,2.2491647374155934,4.054838709677418,31.0,yellow
Woodlawn,Edgewater,82.76666666666667,34.8,32.48,2.3878958713314544,18.1,2.0,orange
Woodlawn,Englewood,30.805555555555557,11.316666666666666,11.79,3.0562450533041075,2.6444444444444444,9.0,red
Woodlawn,Fuller Park,37.48333333333334,14.319791666666665,3.6720833333333336,2.7756297560225094,3.1875,48.0,red
Woodlawn,Garfield Park,63.13333333333333,27.998611111111106,22.48,2.3748473260976897,12.199999999999998,12.0,orange
Woodlawn,Garfield Ridge,68.20599520383693,33.17985611510792,43.262014388489206,2.0650431956746402,8.532374100719423,139.0,yellow
Woodlawn,Gold Coast,62.25,25.483333333333334,30.11,2.4427730542838457,9.8,1.0,orange
Woodlawn,Grand Boulevard,25.688596491228076,12.51140350877193,18.089473684210528,2.108627531455254,3.8947368421052637,19.0,yellow
Woodlawn,Grand Crossing,20.749999999999996,11.443333333333335,11.137142857142859,1.9044968434868557,2.208571428571428,35.0,green
Woodlawn,Grant Park,39.37658227848101,21.529535864978907,23.180632911392404,1.9525711700163708,8.624050632911391,79.0,green
Woodlawn,Hyde Park,16.84574726510915,7.831367418252169,2.761983794447071,2.172605573712737,1.2644667981805437,61337.0,yellow
Woodlawn,Jackson Park,21.327940492794053,7.6656206415620645,4.728675034867504,2.948939457629081,1.501255230125523,717.0,red
Woodlawn,Kenwood,27.393992248062016,14.18463455149502,3.1119269102990037,1.9881959214127236,2.4919435215946844,1204.0,green
Woodlawn,Lake View,70.78333333333333,70.725,66.86500000000001,1.4428789958383845,14.149999999999999,2.0,green
Woodlawn,Lincoln Park,62.91666666666667,41.660606060606064,38.552727272727275,1.51044460839168,13.527272727272726,11.0,green
Woodlawn,"Little Italy, UIC",59.81666666666668,29.169999999999998,28.127999999999997,2.1165181759195395,9.739999999999998,5.0,yellow
Woodlawn,Logan Square,71.06666666666666,39.483333333333334,22.71,1.799915576192486,14.4,1.0,green
Woodlawn,Loop,48.58230240549828,25.043986254295536,24.578659793814435,2.0120409841270437,9.346907216494847,194.0,green
Woodlawn,Lower West Side,63.46666666666667,21.916666666666668,23.26,2.8958174904942964,9.1,1.0,red
Woodlawn,Morgan Park,76.01666666666667,44.38333333333333,23.73,1.7127300037551634,9.8,1.0,green
Woodlawn,Museum Campus,56.35802469135803,19.95740740740741,24.5525925925926,2.9391612314583804,8.25185185185185,27.0,red
Woodlawn,Near South Side,48.03888888888889,14.772222222222224,16.825,3.2619765405398056,7.45,6.0,red
Woodlawn,New City,47.71666666666667,15.526666666666666,15.112,3.234162200009216,4.380000000000001,5.0,red
Woodlawn,O'Hare,113.67530487804878,49.88373983739837,71.80548780487806,2.3900969593084707,27.14451219512195,164.0,orange
Woodlawn,Oakland,35.2,12.3,13.54,2.861788617886179,3.7,1.0,red
Woodlawn,Pullman,41.98456790123458,25.58179012345679,20.762222222222224,1.7267714455217822,6.918518518518518,54.0,green
Woodlawn,River North,52.33158295281582,25.948173515981736,29.07219178082191,2.0395265499137833,10.299086757990871,219.0,yellow
Woodlawn,Roseland,45.87916666666667,18.564583333333335,24.06375,2.6822943913437536,6.9,8.0,orange
Woodlawn,Rush & Division,53.03333333333333,23.083333333333332,22.73,2.297472924187726,11.1,1.0,yellow
Woodlawn,South Chicago,42.75833333333333,20.108333333333334,20.564999999999998,2.100532221262267,5.05,2.0,yellow
Woodlawn,South Deering,40.20689655172414,21.25,20.13206896551724,1.9154803536746425,5.172413793103448,29.0,green
Woodlawn,South Shore,24.33439716312056,10.193617021276594,7.89872340425532,2.4441666007756924,2.140425531914894,47.0,orange
Woodlawn,Streeterville,57.15845070422535,24.86643192488263,27.50098591549296,2.3526394898919114,9.84225352112676,71.0,orange
Woodlawn,Washington Heights,65.96666666666667,31.227777777777774,29.063333333333333,2.2180682303601817,6.766666666666667,3.0,yellow
Woodlawn,Washington Park,33.17899305555555,11.860416666666666,16.888125,2.8674300333063463,2.7760416666666665,96.0,red
Woodlawn,West Loop,54.44055555555555,24.589583333333334,27.912666666666667,2.2712136923276534,9.500833333333336,120.0,yellow
Woodlawn,West Pullman,62.03333333333333,17.65,34.73,3.5146364494806424,10.2,1.0,red
Woodlawn,West Town,61.43333333333333,34.375,33.239999999999995,1.8105565817463365,12.1,2.0,green
Woodlawn,Wicker Park,73.15,39.125,32.23,1.8670043083259689,12.899999999999999,2.0,green
Woodlawn,Woodlawn,10.912204724409449,5.584251968503937,4.47216535433071,2.205663095980491,1.0248031496062993,254.0,yellow
Wrigleyville,Albany Park,42.13333333333333,14.356666666666666,20.659999999999997,2.9820157372008174,4.17,20.0,red
Wrigleyville,Andersonville,20.041176470588237,11.094771241830067,14.983333333333334,1.858487915521476,2.5431372549019606,51.0,green
Wrigleyville,Avondale,38.353333333333346,20.404722222222226,23.93,2.175597541825716,3.9500000000000006,60.0,yellow
Wrigleyville,Boystown,19.37727272727272,5.262424242424243,11.000181818181819,3.7804337131660155,0.9872727272727273,55.0,red
Wrigleyville,Bucktown,33.25694444444444,24.964583333333334,26.844375,1.462175168237141,2.7729166666666667,48.0,green
Wrigleyville,East Village,42.316666666666656,17.891975308641975,18.904444444444444,2.4442034859228263,4.2629629629629635,27.0,orange
Wrigleyville,Edgewater,22.69538461538461,12.448076923076924,18.375076923076925,1.8411603936140162,3.3607692307692307,130.0,green
Wrigleyville,Edison Park,73.06,40.385000000000005,53.452,1.8566227405603548,10.24,10.0,green
Wrigleyville,Garfield Ridge,81.84122807017543,30.327192982456136,63.51578947368421,2.7000982734949557,17.342105263157897,19.0,orange
Wrigleyville,Gold Coast,24.336231884057977,15.503623188405799,24.14695652173913,1.6534717451884957,4.782608695652174,23.0,green
Wrigleyville,Grant Park,40.488613861386135,19.21980198019802,26.40059405940594,2.1468482443510424,7.267326732673268,101.0,yellow
Wrigleyville,Humboldt Park,50.98240740740741,20.816666666666666,21.38666666666667,2.544393627608345,5.427777777777777,18.0,orange
Wrigleyville,Hyde Park,69.85000000000001,32.449999999999996,35.986666666666665,2.311789018759878,13.666666666666666,3.0,yellow
Wrigleyville,Irving Park,28.25,10.055555555555555,22.513333333333335,2.8277155514690513,2.8666666666666667,3.0,red
Wrigleyville,Jefferson Park,48.23333333333333,20.083333333333332,28.060000000000002,2.404782103028968,6.199999999999999,3.0,orange
Wrigleyville,Lake View,15.96290672451193,6.777331887201736,10.663796095444686,2.4548503900871133,1.136225596529284,461.0,orange
Wrigleyville,Lincoln Park,24.16518115942029,13.17963768115942,16.696717391304347,1.8820199529142552,2.788260869565218,460.0,green
Wrigleyville,Lincoln Square,35.314646464646465,12.607070707070706,18.03606060606061,2.9022516428759433,3.039393939393939,33.0,red
Wrigleyville,Logan Square,44.04941520467836,18.164619883040938,17.342105263157894,2.473601192481423,4.350877192982456,57.0,orange
Wrigleyville,Loop,35.137114298131245,20.817731421121252,26.397653194263363,1.7555371603989245,6.610951760104302,767.0,green
Wrigleyville,Lower West Side,56.92,35.256666666666675,29.098000000000003,1.7535979840348517,9.959999999999999,5.0,green
Wrigleyville,Near South Side,47.18333333333333,30.058333333333334,45.715,1.5697255336845022,10.35,2.0,green
Wrigleyville,North Center,26.027435897435897,9.836153846153845,15.230153846153845,2.926194342280014,1.7153846153846155,65.0,red
Wrigleyville,O'Hare,77.59768518518518,43.481084656084654,58.55682539682539,1.8230196066341273,14.322222222222221,252.0,green
Wrigleyville,Old Town,28.586507936507935,17.006349206349203,26.07333333333333,1.750327503533026,4.280952380952381,42.0,green
Wrigleyville,Portage Park,51.79607843137256,24.25588235294118,28.72470588235294,2.2883404116840858,5.823529411764706,17.0,yellow
Wrigleyville,River North,29.668919925512107,19.663649906890132,27.351385474860333,1.5588063572248092,5.49731843575419,895.0,green
Wrigleyville,Rogers Park,31.840624999999996,17.471875,18.035625000000003,1.8417127507926767,4.937500000000001,16.0,green
Wrigleyville,Rush & Division,33.416666666666664,16.385416666666664,18.99125,2.072017864450467,5.2625,8.0,yellow
Wrigleyville,Sheffield & DePaul,24.563636363636366,11.070833333333333,13.786363636363637,2.442438923835122,2.065909090909091,44.0,orange
Wrigleyville,Streeterville,39.82368421052632,19.28771929824561,26.838872180451126,2.1972189366802928,5.580451127819549,133.0,yellow
Wrigleyville,Ukrainian Village,47.224999999999994,24.48194444444444,22.500833333333333,1.975322232369814,5.116666666666666,12.0,green
Wrigleyville,United Center,57.96666666666667,22.416666666666664,33.06,2.6059313654217786,5.6,2.0,orange
Wrigleyville,Uptown,17.19,9.571777777777775,13.232533333333336,1.891335933093009,1.9973333333333332,150.0,green
Wrigleyville,West Loop,47.66879795396419,26.110059676044333,30.032046035805628,1.9039593457459987,6.09616368286445,391.0,green
Wrigleyville,West Ridge,48.93333333333333,26.025,23.299999999999997,1.942478524779231,5.1,2.0,green
Wrigleyville,West Town,44.68723958333333,20.561197916666668,21.385234375000003,2.2720737383354797,4.509375,128.0,yellow
Wrigleyville,Wicker Park,41.16916666666667,22.875000000000004,27.1795,1.8857038871451177,4.3100000000000005,40.0,green
